-17,-319,0GMCycqNWeunwbXaFNPGZBmgpjc=,MzxYnWFa3u6P8dcth14hkyWZrNU=
-17,-320,0GMCycqNWeunwbXaFNPGZBmgpjc=,MzxYnWFa3u6P8dcth14hkyWZrNU=
-32,-320,0GMCycqNWeunwbXaFNPGZBmgpjc=,MzxYnWFa3u6P8dcth14hkyWZrNU=
-17,-305,0GMCycqNWeunwbXaFNPGZBmgpjc=,MzxYnWFa3u6P8dcth14hkyWZrNU=
-18,-305,0GMCycqNWeunwbXaFNPGZBmgpjc=,MzxYnWFa3u6P8dcth14hkyWZrNU=
-18,-319,0GMCycqNWeunwbXaFNPGZBmgpjc=,MzxYnWFa3u6P8dcth14hkyWZrNU=
-19,-305,0GMCycqNWeunwbXaFNPGZBmgpjc=,MzxYnWFa3u6P8dcth14hkyWZrNU=
-21,-305,0GMCycqNWeunwbXaFNPGZBmgpjc=,MzxYnWFa3u6P8dcth14hkyWZrNU=
-22,-305,0GMCycqNWeunwbXaFNPGZBmgpjc=,MzxYnWFa3u6P8dcth14hkyWZrNU=
-23,-305,0GMCycqNWeunwbXaFNPGZBmgpjc=,MzxYnWFa3u6P8dcth14hkyWZrNU=
-24,-305,0GMCycqNWeunwbXaFNPGZBmgpjc=,MzxYnWFa3u6P8dcth14hkyWZrNU=
-25,-305,0GMCycqNWeunwbXaFNPGZBmgpjc=,MzxYnWFa3u6P8dcth14hkyWZrNU=
-20,-305,0GMCycqNWeunwbXaFNPGZBmgpjc=,MzxYnWFa3u6P8dcth14hkyWZrNU=
-26,-305,0GMCycqNWeunwbXaFNPGZBmgpjc=,MzxYnWFa3u6P8dcth14hkyWZrNU=
-27,-305,0GMCycqNWeunwbXaFNPGZBmgpjc=,MzxYnWFa3u6P8dcth14hkyWZrNU=
-28,-305,0GMCycqNWeunwbXaFNPGZBmgpjc=,MzxYnWFa3u6P8dcth14hkyWZrNU=
-29,-305,0GMCycqNWeunwbXaFNPGZBmgpjc=,MzxYnWFa3u6P8dcth14hkyWZrNU=
-30,-305,0GMCycqNWeunwbXaFNPGZBmgpjc=,MzxYnWFa3u6P8dcth14hkyWZrNU=
-18,-320,0GMCycqNWeunwbXaFNPGZBmgpjc=,MzxYnWFa3u6P8dcth14hkyWZrNU=
-19,-320,0GMCycqNWeunwbXaFNPGZBmgpjc=,MzxYnWFa3u6P8dcth14hkyWZrNU=
-20,-320,0GMCycqNWeunwbXaFNPGZBmgpjc=,MzxYnWFa3u6P8dcth14hkyWZrNU=
-31,-305,0GMCycqNWeunwbXaFNPGZBmgpjc=,MzxYnWFa3u6P8dcth14hkyWZrNU=
-22,-320,0GMCycqNWeunwbXaFNPGZBmgpjc=,MzxYnWFa3u6P8dcth14hkyWZrNU=
-23,-320,0GMCycqNWeunwbXaFNPGZBmgpjc=,MzxYnWFa3u6P8dcth14hkyWZrNU=
-21,-320,0GMCycqNWeunwbXaFNPGZBmgpjc=,MzxYnWFa3u6P8dcth14hkyWZrNU=
-26,-320,0GMCycqNWeunwbXaFNPGZBmgpjc=,MzxYnWFa3u6P8dcth14hkyWZrNU=
-24,-320,0GMCycqNWeunwbXaFNPGZBmgpjc=,MzxYnWFa3u6P8dcth14hkyWZrNU=
-25,-320,0GMCycqNWeunwbXaFNPGZBmgpjc=,MzxYnWFa3u6P8dcth14hkyWZrNU=
-28,-320,0GMCycqNWeunwbXaFNPGZBmgpjc=,MzxYnWFa3u6P8dcth14hkyWZrNU=
-27,-320,0GMCycqNWeunwbXaFNPGZBmgpjc=,MzxYnWFa3u6P8dcth14hkyWZrNU=
-29,-320,0GMCycqNWeunwbXaFNPGZBmgpjc=,MzxYnWFa3u6P8dcth14hkyWZrNU=
-30,-320,0GMCycqNWeunwbXaFNPGZBmgpjc=,MzxYnWFa3u6P8dcth14hkyWZrNU=
-31,-320,0GMCycqNWeunwbXaFNPGZBmgpjc=,MzxYnWFa3u6P8dcth14hkyWZrNU=
-32,-305,0GMCycqNWeunwbXaFNPGZBmgpjc=,MzxYnWFa3u6P8dcth14hkyWZrNU=
-19,-319,0GMCycqNWeunwbXaFNPGZBmgpjc=,MzxYnWFa3u6P8dcth14hkyWZrNU=
-17,-306,0GMCycqNWeunwbXaFNPGZBmgpjc=,MzxYnWFa3u6P8dcth14hkyWZrNU=
-19,-306,0GMCycqNWeunwbXaFNPGZBmgpjc=,MzxYnWFa3u6P8dcth14hkyWZrNU=
-18,-306,0GMCycqNWeunwbXaFNPGZBmgpjc=,MzxYnWFa3u6P8dcth14hkyWZrNU=
-20,-306,0GMCycqNWeunwbXaFNPGZBmgpjc=,MzxYnWFa3u6P8dcth14hkyWZrNU=
-21,-306,0GMCycqNWeunwbXaFNPGZBmgpjc=,MzxYnWFa3u6P8dcth14hkyWZrNU=
-23,-306,0GMCycqNWeunwbXaFNPGZBmgpjc=,MzxYnWFa3u6P8dcth14hkyWZrNU=
-22,-306,0GMCycqNWeunwbXaFNPGZBmgpjc=,MzxYnWFa3u6P8dcth14hkyWZrNU=
-25,-306,0GMCycqNWeunwbXaFNPGZBmgpjc=,MzxYnWFa3u6P8dcth14hkyWZrNU=
-24,-306,0GMCycqNWeunwbXaFNPGZBmgpjc=,MzxYnWFa3u6P8dcth14hkyWZrNU=
-28,-306,0GMCycqNWeunwbXaFNPGZBmgpjc=,MzxYnWFa3u6P8dcth14hkyWZrNU=
-26,-306,0GMCycqNWeunwbXaFNPGZBmgpjc=,MzxYnWFa3u6P8dcth14hkyWZrNU=
-27,-306,0GMCycqNWeunwbXaFNPGZBmgpjc=,MzxYnWFa3u6P8dcth14hkyWZrNU=
-30,-306,0GMCycqNWeunwbXaFNPGZBmgpjc=,MzxYnWFa3u6P8dcth14hkyWZrNU=
-29,-306,0GMCycqNWeunwbXaFNPGZBmgpjc=,MzxYnWFa3u6P8dcth14hkyWZrNU=
-20,-319,0GMCycqNWeunwbXaFNPGZBmgpjc=,MzxYnWFa3u6P8dcth14hkyWZrNU=
-31,-306,0GMCycqNWeunwbXaFNPGZBmgpjc=,MzxYnWFa3u6P8dcth14hkyWZrNU=
-32,-306,0GMCycqNWeunwbXaFNPGZBmgpjc=,MzxYnWFa3u6P8dcth14hkyWZrNU=
-17,-307,0GMCycqNWeunwbXaFNPGZBmgpjc=,MzxYnWFa3u6P8dcth14hkyWZrNU=
-18,-307,0GMCycqNWeunwbXaFNPGZBmgpjc=,MzxYnWFa3u6P8dcth14hkyWZrNU=
-20,-307,0GMCycqNWeunwbXaFNPGZBmgpjc=,MzxYnWFa3u6P8dcth14hkyWZrNU=
-19,-307,0GMCycqNWeunwbXaFNPGZBmgpjc=,MzxYnWFa3u6P8dcth14hkyWZrNU=
-21,-307,0GMCycqNWeunwbXaFNPGZBmgpjc=,MzxYnWFa3u6P8dcth14hkyWZrNU=
-23,-307,0GMCycqNWeunwbXaFNPGZBmgpjc=,MzxYnWFa3u6P8dcth14hkyWZrNU=
-22,-307,0GMCycqNWeunwbXaFNPGZBmgpjc=,MzxYnWFa3u6P8dcth14hkyWZrNU=
-24,-307,0GMCycqNWeunwbXaFNPGZBmgpjc=,MzxYnWFa3u6P8dcth14hkyWZrNU=
-25,-307,0GMCycqNWeunwbXaFNPGZBmgpjc=,MzxYnWFa3u6P8dcth14hkyWZrNU=
-27,-307,0GMCycqNWeunwbXaFNPGZBmgpjc=,MzxYnWFa3u6P8dcth14hkyWZrNU=
-28,-307,0GMCycqNWeunwbXaFNPGZBmgpjc=,MzxYnWFa3u6P8dcth14hkyWZrNU=
-26,-307,0GMCycqNWeunwbXaFNPGZBmgpjc=,MzxYnWFa3u6P8dcth14hkyWZrNU=
-29,-307,0GMCycqNWeunwbXaFNPGZBmgpjc=,MzxYnWFa3u6P8dcth14hkyWZrNU=
-21,-319,0GMCycqNWeunwbXaFNPGZBmgpjc=,MzxYnWFa3u6P8dcth14hkyWZrNU=
-31,-307,0GMCycqNWeunwbXaFNPGZBmgpjc=,MzxYnWFa3u6P8dcth14hkyWZrNU=
-32,-307,0GMCycqNWeunwbXaFNPGZBmgpjc=,MzxYnWFa3u6P8dcth14hkyWZrNU=
-30,-307,0GMCycqNWeunwbXaFNPGZBmgpjc=,MzxYnWFa3u6P8dcth14hkyWZrNU=
-18,-308,0GMCycqNWeunwbXaFNPGZBmgpjc=,MzxYnWFa3u6P8dcth14hkyWZrNU=
-19,-308,0GMCycqNWeunwbXaFNPGZBmgpjc=,MzxYnWFa3u6P8dcth14hkyWZrNU=
-20,-308,0GMCycqNWeunwbXaFNPGZBmgpjc=,MzxYnWFa3u6P8dcth14hkyWZrNU=
-17,-308,0GMCycqNWeunwbXaFNPGZBmgpjc=,MzxYnWFa3u6P8dcth14hkyWZrNU=
-21,-308,0GMCycqNWeunwbXaFNPGZBmgpjc=,MzxYnWFa3u6P8dcth14hkyWZrNU=
-22,-308,0GMCycqNWeunwbXaFNPGZBmgpjc=,MzxYnWFa3u6P8dcth14hkyWZrNU=
-23,-308,0GMCycqNWeunwbXaFNPGZBmgpjc=,MzxYnWFa3u6P8dcth14hkyWZrNU=
-24,-308,0GMCycqNWeunwbXaFNPGZBmgpjc=,MzxYnWFa3u6P8dcth14hkyWZrNU=
-26,-308,0GMCycqNWeunwbXaFNPGZBmgpjc=,MzxYnWFa3u6P8dcth14hkyWZrNU=
-28,-308,0GMCycqNWeunwbXaFNPGZBmgpjc=,MzxYnWFa3u6P8dcth14hkyWZrNU=
-27,-308,0GMCycqNWeunwbXaFNPGZBmgpjc=,MzxYnWFa3u6P8dcth14hkyWZrNU=
-25,-308,0GMCycqNWeunwbXaFNPGZBmgpjc=,MzxYnWFa3u6P8dcth14hkyWZrNU=
-22,-319,0GMCycqNWeunwbXaFNPGZBmgpjc=,MzxYnWFa3u6P8dcth14hkyWZrNU=
-29,-308,0GMCycqNWeunwbXaFNPGZBmgpjc=,MzxYnWFa3u6P8dcth14hkyWZrNU=
-30,-308,0GMCycqNWeunwbXaFNPGZBmgpjc=,MzxYnWFa3u6P8dcth14hkyWZrNU=
-31,-308,0GMCycqNWeunwbXaFNPGZBmgpjc=,MzxYnWFa3u6P8dcth14hkyWZrNU=
-18,-309,0GMCycqNWeunwbXaFNPGZBmgpjc=,MzxYnWFa3u6P8dcth14hkyWZrNU=
-17,-309,0GMCycqNWeunwbXaFNPGZBmgpjc=,MzxYnWFa3u6P8dcth14hkyWZrNU=
-19,-309,0GMCycqNWeunwbXaFNPGZBmgpjc=,MzxYnWFa3u6P8dcth14hkyWZrNU=
-32,-308,0GMCycqNWeunwbXaFNPGZBmgpjc=,MzxYnWFa3u6P8dcth14hkyWZrNU=
-20,-309,0GMCycqNWeunwbXaFNPGZBmgpjc=,MzxYnWFa3u6P8dcth14hkyWZrNU=
-22,-309,0GMCycqNWeunwbXaFNPGZBmgpjc=,MzxYnWFa3u6P8dcth14hkyWZrNU=
-21,-309,0GMCycqNWeunwbXaFNPGZBmgpjc=,MzxYnWFa3u6P8dcth14hkyWZrNU=
-23,-309,0GMCycqNWeunwbXaFNPGZBmgpjc=,MzxYnWFa3u6P8dcth14hkyWZrNU=
-24,-309,0GMCycqNWeunwbXaFNPGZBmgpjc=,MzxYnWFa3u6P8dcth14hkyWZrNU=
-25,-309,0GMCycqNWeunwbXaFNPGZBmgpjc=,MzxYnWFa3u6P8dcth14hkyWZrNU=
-26,-309,0GMCycqNWeunwbXaFNPGZBmgpjc=,MzxYnWFa3u6P8dcth14hkyWZrNU=
-27,-309,0GMCycqNWeunwbXaFNPGZBmgpjc=,MzxYnWFa3u6P8dcth14hkyWZrNU=
-28,-309,0GMCycqNWeunwbXaFNPGZBmgpjc=,MzxYnWFa3u6P8dcth14hkyWZrNU=
-29,-309,0GMCycqNWeunwbXaFNPGZBmgpjc=,MzxYnWFa3u6P8dcth14hkyWZrNU=
-23,-319,0GMCycqNWeunwbXaFNPGZBmgpjc=,MzxYnWFa3u6P8dcth14hkyWZrNU=
-31,-309,0GMCycqNWeunwbXaFNPGZBmgpjc=,MzxYnWFa3u6P8dcth14hkyWZrNU=
-30,-309,0GMCycqNWeunwbXaFNPGZBmgpjc=,MzxYnWFa3u6P8dcth14hkyWZrNU=
-32,-309,0GMCycqNWeunwbXaFNPGZBmgpjc=,MzxYnWFa3u6P8dcth14hkyWZrNU=
-17,-310,0GMCycqNWeunwbXaFNPGZBmgpjc=,MzxYnWFa3u6P8dcth14hkyWZrNU=
-19,-310,0GMCycqNWeunwbXaFNPGZBmgpjc=,MzxYnWFa3u6P8dcth14hkyWZrNU=
-20,-310,0GMCycqNWeunwbXaFNPGZBmgpjc=,MzxYnWFa3u6P8dcth14hkyWZrNU=
-21,-310,0GMCycqNWeunwbXaFNPGZBmgpjc=,MzxYnWFa3u6P8dcth14hkyWZrNU=
-18,-310,0GMCycqNWeunwbXaFNPGZBmgpjc=,MzxYnWFa3u6P8dcth14hkyWZrNU=
-23,-310,0GMCycqNWeunwbXaFNPGZBmgpjc=,MzxYnWFa3u6P8dcth14hkyWZrNU=
-25,-310,0GMCycqNWeunwbXaFNPGZBmgpjc=,MzxYnWFa3u6P8dcth14hkyWZrNU=
-24,-310,0GMCycqNWeunwbXaFNPGZBmgpjc=,MzxYnWFa3u6P8dcth14hkyWZrNU=
-26,-310,0GMCycqNWeunwbXaFNPGZBmgpjc=,MzxYnWFa3u6P8dcth14hkyWZrNU=
-22,-310,0GMCycqNWeunwbXaFNPGZBmgpjc=,MzxYnWFa3u6P8dcth14hkyWZrNU=
-24,-319,0GMCycqNWeunwbXaFNPGZBmgpjc=,MzxYnWFa3u6P8dcth14hkyWZrNU=
-28,-310,0GMCycqNWeunwbXaFNPGZBmgpjc=,MzxYnWFa3u6P8dcth14hkyWZrNU=
-27,-310,0GMCycqNWeunwbXaFNPGZBmgpjc=,MzxYnWFa3u6P8dcth14hkyWZrNU=
-29,-310,0GMCycqNWeunwbXaFNPGZBmgpjc=,MzxYnWFa3u6P8dcth14hkyWZrNU=
-31,-310,0GMCycqNWeunwbXaFNPGZBmgpjc=,MzxYnWFa3u6P8dcth14hkyWZrNU=
-30,-310,0GMCycqNWeunwbXaFNPGZBmgpjc=,MzxYnWFa3u6P8dcth14hkyWZrNU=
-32,-310,0GMCycqNWeunwbXaFNPGZBmgpjc=,MzxYnWFa3u6P8dcth14hkyWZrNU=
-17,-311,0GMCycqNWeunwbXaFNPGZBmgpjc=,MzxYnWFa3u6P8dcth14hkyWZrNU=
-18,-311,0GMCycqNWeunwbXaFNPGZBmgpjc=,MzxYnWFa3u6P8dcth14hkyWZrNU=
-19,-311,0GMCycqNWeunwbXaFNPGZBmgpjc=,MzxYnWFa3u6P8dcth14hkyWZrNU=
-20,-311,0GMCycqNWeunwbXaFNPGZBmgpjc=,MzxYnWFa3u6P8dcth14hkyWZrNU=
-21,-311,0GMCycqNWeunwbXaFNPGZBmgpjc=,MzxYnWFa3u6P8dcth14hkyWZrNU=
-22,-311,0GMCycqNWeunwbXaFNPGZBmgpjc=,MzxYnWFa3u6P8dcth14hkyWZrNU=
-23,-311,0GMCycqNWeunwbXaFNPGZBmgpjc=,MzxYnWFa3u6P8dcth14hkyWZrNU=
-24,-311,0GMCycqNWeunwbXaFNPGZBmgpjc=,MzxYnWFa3u6P8dcth14hkyWZrNU=
-25,-311,0GMCycqNWeunwbXaFNPGZBmgpjc=,MzxYnWFa3u6P8dcth14hkyWZrNU=
-27,-311,0GMCycqNWeunwbXaFNPGZBmgpjc=,MzxYnWFa3u6P8dcth14hkyWZrNU=
-25,-319,0GMCycqNWeunwbXaFNPGZBmgpjc=,MzxYnWFa3u6P8dcth14hkyWZrNU=
-26,-311,0GMCycqNWeunwbXaFNPGZBmgpjc=,MzxYnWFa3u6P8dcth14hkyWZrNU=
-28,-311,0GMCycqNWeunwbXaFNPGZBmgpjc=,MzxYnWFa3u6P8dcth14hkyWZrNU=
-29,-311,0GMCycqNWeunwbXaFNPGZBmgpjc=,MzxYnWFa3u6P8dcth14hkyWZrNU=
-30,-311,0GMCycqNWeunwbXaFNPGZBmgpjc=,MzxYnWFa3u6P8dcth14hkyWZrNU=
-17,-312,0GMCycqNWeunwbXaFNPGZBmgpjc=,MzxYnWFa3u6P8dcth14hkyWZrNU=
-31,-311,0GMCycqNWeunwbXaFNPGZBmgpjc=,MzxYnWFa3u6P8dcth14hkyWZrNU=
-32,-311,0GMCycqNWeunwbXaFNPGZBmgpjc=,MzxYnWFa3u6P8dcth14hkyWZrNU=
-18,-312,0GMCycqNWeunwbXaFNPGZBmgpjc=,MzxYnWFa3u6P8dcth14hkyWZrNU=
-20,-312,0GMCycqNWeunwbXaFNPGZBmgpjc=,MzxYnWFa3u6P8dcth14hkyWZrNU=
-19,-312,0GMCycqNWeunwbXaFNPGZBmgpjc=,MzxYnWFa3u6P8dcth14hkyWZrNU=
-21,-312,0GMCycqNWeunwbXaFNPGZBmgpjc=,MzxYnWFa3u6P8dcth14hkyWZrNU=
-22,-312,0GMCycqNWeunwbXaFNPGZBmgpjc=,MzxYnWFa3u6P8dcth14hkyWZrNU=
-24,-312,0GMCycqNWeunwbXaFNPGZBmgpjc=,MzxYnWFa3u6P8dcth14hkyWZrNU=
-23,-312,0GMCycqNWeunwbXaFNPGZBmgpjc=,MzxYnWFa3u6P8dcth14hkyWZrNU=
-25,-312,0GMCycqNWeunwbXaFNPGZBmgpjc=,MzxYnWFa3u6P8dcth14hkyWZrNU=
-26,-319,0GMCycqNWeunwbXaFNPGZBmgpjc=,MzxYnWFa3u6P8dcth14hkyWZrNU=
-26,-312,0GMCycqNWeunwbXaFNPGZBmgpjc=,MzxYnWFa3u6P8dcth14hkyWZrNU=
-27,-312,0GMCycqNWeunwbXaFNPGZBmgpjc=,MzxYnWFa3u6P8dcth14hkyWZrNU=
-28,-312,0GMCycqNWeunwbXaFNPGZBmgpjc=,MzxYnWFa3u6P8dcth14hkyWZrNU=
-30,-312,0GMCycqNWeunwbXaFNPGZBmgpjc=,MzxYnWFa3u6P8dcth14hkyWZrNU=
-29,-312,0GMCycqNWeunwbXaFNPGZBmgpjc=,MzxYnWFa3u6P8dcth14hkyWZrNU=
-31,-312,0GMCycqNWeunwbXaFNPGZBmgpjc=,MzxYnWFa3u6P8dcth14hkyWZrNU=
-32,-312,0GMCycqNWeunwbXaFNPGZBmgpjc=,MzxYnWFa3u6P8dcth14hkyWZrNU=
-18,-313,0GMCycqNWeunwbXaFNPGZBmgpjc=,MzxYnWFa3u6P8dcth14hkyWZrNU=
-17,-313,0GMCycqNWeunwbXaFNPGZBmgpjc=,MzxYnWFa3u6P8dcth14hkyWZrNU=
-19,-313,0GMCycqNWeunwbXaFNPGZBmgpjc=,MzxYnWFa3u6P8dcth14hkyWZrNU=
-20,-313,0GMCycqNWeunwbXaFNPGZBmgpjc=,MzxYnWFa3u6P8dcth14hkyWZrNU=
-22,-313,0GMCycqNWeunwbXaFNPGZBmgpjc=,MzxYnWFa3u6P8dcth14hkyWZrNU=
-21,-313,0GMCycqNWeunwbXaFNPGZBmgpjc=,MzxYnWFa3u6P8dcth14hkyWZrNU=
-23,-313,0GMCycqNWeunwbXaFNPGZBmgpjc=,MzxYnWFa3u6P8dcth14hkyWZrNU=
-27,-319,0GMCycqNWeunwbXaFNPGZBmgpjc=,MzxYnWFa3u6P8dcth14hkyWZrNU=
-24,-313,0GMCycqNWeunwbXaFNPGZBmgpjc=,MzxYnWFa3u6P8dcth14hkyWZrNU=
-25,-313,0GMCycqNWeunwbXaFNPGZBmgpjc=,MzxYnWFa3u6P8dcth14hkyWZrNU=
-27,-313,0GMCycqNWeunwbXaFNPGZBmgpjc=,MzxYnWFa3u6P8dcth14hkyWZrNU=
-28,-313,0GMCycqNWeunwbXaFNPGZBmgpjc=,MzxYnWFa3u6P8dcth14hkyWZrNU=
-29,-313,0GMCycqNWeunwbXaFNPGZBmgpjc=,MzxYnWFa3u6P8dcth14hkyWZrNU=
-26,-313,0GMCycqNWeunwbXaFNPGZBmgpjc=,MzxYnWFa3u6P8dcth14hkyWZrNU=
-30,-313,0GMCycqNWeunwbXaFNPGZBmgpjc=,MzxYnWFa3u6P8dcth14hkyWZrNU=
-32,-313,0GMCycqNWeunwbXaFNPGZBmgpjc=,MzxYnWFa3u6P8dcth14hkyWZrNU=
-31,-313,0GMCycqNWeunwbXaFNPGZBmgpjc=,MzxYnWFa3u6P8dcth14hkyWZrNU=
-17,-314,0GMCycqNWeunwbXaFNPGZBmgpjc=,MzxYnWFa3u6P8dcth14hkyWZrNU=
-18,-314,0GMCycqNWeunwbXaFNPGZBmgpjc=,MzxYnWFa3u6P8dcth14hkyWZrNU=
-19,-314,0GMCycqNWeunwbXaFNPGZBmgpjc=,MzxYnWFa3u6P8dcth14hkyWZrNU=
-20,-314,0GMCycqNWeunwbXaFNPGZBmgpjc=,MzxYnWFa3u6P8dcth14hkyWZrNU=
-21,-314,0GMCycqNWeunwbXaFNPGZBmgpjc=,MzxYnWFa3u6P8dcth14hkyWZrNU=
-22,-314,0GMCycqNWeunwbXaFNPGZBmgpjc=,MzxYnWFa3u6P8dcth14hkyWZrNU=
-28,-319,0GMCycqNWeunwbXaFNPGZBmgpjc=,MzxYnWFa3u6P8dcth14hkyWZrNU=
-23,-314,0GMCycqNWeunwbXaFNPGZBmgpjc=,MzxYnWFa3u6P8dcth14hkyWZrNU=
-24,-314,0GMCycqNWeunwbXaFNPGZBmgpjc=,MzxYnWFa3u6P8dcth14hkyWZrNU=
-25,-314,0GMCycqNWeunwbXaFNPGZBmgpjc=,MzxYnWFa3u6P8dcth14hkyWZrNU=
-27,-314,0GMCycqNWeunwbXaFNPGZBmgpjc=,MzxYnWFa3u6P8dcth14hkyWZrNU=
-26,-314,0GMCycqNWeunwbXaFNPGZBmgpjc=,MzxYnWFa3u6P8dcth14hkyWZrNU=
-29,-314,0GMCycqNWeunwbXaFNPGZBmgpjc=,MzxYnWFa3u6P8dcth14hkyWZrNU=
-28,-314,0GMCycqNWeunwbXaFNPGZBmgpjc=,MzxYnWFa3u6P8dcth14hkyWZrNU=
-30,-314,0GMCycqNWeunwbXaFNPGZBmgpjc=,MzxYnWFa3u6P8dcth14hkyWZrNU=
-31,-314,0GMCycqNWeunwbXaFNPGZBmgpjc=,MzxYnWFa3u6P8dcth14hkyWZrNU=
-32,-314,0GMCycqNWeunwbXaFNPGZBmgpjc=,MzxYnWFa3u6P8dcth14hkyWZrNU=
-17,-315,0GMCycqNWeunwbXaFNPGZBmgpjc=,MzxYnWFa3u6P8dcth14hkyWZrNU=
-19,-315,0GMCycqNWeunwbXaFNPGZBmgpjc=,MzxYnWFa3u6P8dcth14hkyWZrNU=
-20,-315,0GMCycqNWeunwbXaFNPGZBmgpjc=,MzxYnWFa3u6P8dcth14hkyWZrNU=
-18,-315,0GMCycqNWeunwbXaFNPGZBmgpjc=,MzxYnWFa3u6P8dcth14hkyWZrNU=
-29,-319,0GMCycqNWeunwbXaFNPGZBmgpjc=,MzxYnWFa3u6P8dcth14hkyWZrNU=
-21,-315,0GMCycqNWeunwbXaFNPGZBmgpjc=,MzxYnWFa3u6P8dcth14hkyWZrNU=
-22,-315,0GMCycqNWeunwbXaFNPGZBmgpjc=,MzxYnWFa3u6P8dcth14hkyWZrNU=
-23,-315,0GMCycqNWeunwbXaFNPGZBmgpjc=,MzxYnWFa3u6P8dcth14hkyWZrNU=
-25,-315,0GMCycqNWeunwbXaFNPGZBmgpjc=,MzxYnWFa3u6P8dcth14hkyWZrNU=
-24,-315,0GMCycqNWeunwbXaFNPGZBmgpjc=,MzxYnWFa3u6P8dcth14hkyWZrNU=
-27,-315,0GMCycqNWeunwbXaFNPGZBmgpjc=,MzxYnWFa3u6P8dcth14hkyWZrNU=
-26,-315,0GMCycqNWeunwbXaFNPGZBmgpjc=,MzxYnWFa3u6P8dcth14hkyWZrNU=
-28,-315,0GMCycqNWeunwbXaFNPGZBmgpjc=,MzxYnWFa3u6P8dcth14hkyWZrNU=
-29,-315,0GMCycqNWeunwbXaFNPGZBmgpjc=,MzxYnWFa3u6P8dcth14hkyWZrNU=
-30,-315,0GMCycqNWeunwbXaFNPGZBmgpjc=,MzxYnWFa3u6P8dcth14hkyWZrNU=
-31,-315,0GMCycqNWeunwbXaFNPGZBmgpjc=,MzxYnWFa3u6P8dcth14hkyWZrNU=
-32,-315,0GMCycqNWeunwbXaFNPGZBmgpjc=,MzxYnWFa3u6P8dcth14hkyWZrNU=
-17,-316,0GMCycqNWeunwbXaFNPGZBmgpjc=,MzxYnWFa3u6P8dcth14hkyWZrNU=
-18,-316,0GMCycqNWeunwbXaFNPGZBmgpjc=,MzxYnWFa3u6P8dcth14hkyWZrNU=
-19,-316,0GMCycqNWeunwbXaFNPGZBmgpjc=,MzxYnWFa3u6P8dcth14hkyWZrNU=
-30,-319,0GMCycqNWeunwbXaFNPGZBmgpjc=,MzxYnWFa3u6P8dcth14hkyWZrNU=
-20,-316,0GMCycqNWeunwbXaFNPGZBmgpjc=,MzxYnWFa3u6P8dcth14hkyWZrNU=
-21,-316,0GMCycqNWeunwbXaFNPGZBmgpjc=,MzxYnWFa3u6P8dcth14hkyWZrNU=
-22,-316,0GMCycqNWeunwbXaFNPGZBmgpjc=,MzxYnWFa3u6P8dcth14hkyWZrNU=
-23,-316,0GMCycqNWeunwbXaFNPGZBmgpjc=,MzxYnWFa3u6P8dcth14hkyWZrNU=
-24,-316,0GMCycqNWeunwbXaFNPGZBmgpjc=,MzxYnWFa3u6P8dcth14hkyWZrNU=
-25,-316,0GMCycqNWeunwbXaFNPGZBmgpjc=,MzxYnWFa3u6P8dcth14hkyWZrNU=
-26,-316,0GMCycqNWeunwbXaFNPGZBmgpjc=,MzxYnWFa3u6P8dcth14hkyWZrNU=
-27,-316,0GMCycqNWeunwbXaFNPGZBmgpjc=,MzxYnWFa3u6P8dcth14hkyWZrNU=
-29,-316,0GMCycqNWeunwbXaFNPGZBmgpjc=,MzxYnWFa3u6P8dcth14hkyWZrNU=
-28,-316,0GMCycqNWeunwbXaFNPGZBmgpjc=,MzxYnWFa3u6P8dcth14hkyWZrNU=
-17,-317,0GMCycqNWeunwbXaFNPGZBmgpjc=,MzxYnWFa3u6P8dcth14hkyWZrNU=
-30,-316,0GMCycqNWeunwbXaFNPGZBmgpjc=,MzxYnWFa3u6P8dcth14hkyWZrNU=
-31,-316,0GMCycqNWeunwbXaFNPGZBmgpjc=,MzxYnWFa3u6P8dcth14hkyWZrNU=
-32,-316,0GMCycqNWeunwbXaFNPGZBmgpjc=,MzxYnWFa3u6P8dcth14hkyWZrNU=
-18,-317,0GMCycqNWeunwbXaFNPGZBmgpjc=,MzxYnWFa3u6P8dcth14hkyWZrNU=
-19,-317,0GMCycqNWeunwbXaFNPGZBmgpjc=,MzxYnWFa3u6P8dcth14hkyWZrNU=
-31,-319,0GMCycqNWeunwbXaFNPGZBmgpjc=,MzxYnWFa3u6P8dcth14hkyWZrNU=
-20,-317,0GMCycqNWeunwbXaFNPGZBmgpjc=,MzxYnWFa3u6P8dcth14hkyWZrNU=
-21,-317,0GMCycqNWeunwbXaFNPGZBmgpjc=,MzxYnWFa3u6P8dcth14hkyWZrNU=
-22,-317,0GMCycqNWeunwbXaFNPGZBmgpjc=,MzxYnWFa3u6P8dcth14hkyWZrNU=
-23,-317,0GMCycqNWeunwbXaFNPGZBmgpjc=,MzxYnWFa3u6P8dcth14hkyWZrNU=
-24,-317,0GMCycqNWeunwbXaFNPGZBmgpjc=,MzxYnWFa3u6P8dcth14hkyWZrNU=
-25,-317,0GMCycqNWeunwbXaFNPGZBmgpjc=,MzxYnWFa3u6P8dcth14hkyWZrNU=
-26,-317,0GMCycqNWeunwbXaFNPGZBmgpjc=,MzxYnWFa3u6P8dcth14hkyWZrNU=
-27,-317,0GMCycqNWeunwbXaFNPGZBmgpjc=,MzxYnWFa3u6P8dcth14hkyWZrNU=
-28,-317,0GMCycqNWeunwbXaFNPGZBmgpjc=,MzxYnWFa3u6P8dcth14hkyWZrNU=
-29,-317,0GMCycqNWeunwbXaFNPGZBmgpjc=,MzxYnWFa3u6P8dcth14hkyWZrNU=
-30,-317,0GMCycqNWeunwbXaFNPGZBmgpjc=,MzxYnWFa3u6P8dcth14hkyWZrNU=
-31,-317,0GMCycqNWeunwbXaFNPGZBmgpjc=,MzxYnWFa3u6P8dcth14hkyWZrNU=
-17,-318,0GMCycqNWeunwbXaFNPGZBmgpjc=,MzxYnWFa3u6P8dcth14hkyWZrNU=
-32,-317,0GMCycqNWeunwbXaFNPGZBmgpjc=,MzxYnWFa3u6P8dcth14hkyWZrNU=
-18,-318,0GMCycqNWeunwbXaFNPGZBmgpjc=,MzxYnWFa3u6P8dcth14hkyWZrNU=
-32,-319,0GMCycqNWeunwbXaFNPGZBmgpjc=,MzxYnWFa3u6P8dcth14hkyWZrNU=
-20,-318,0GMCycqNWeunwbXaFNPGZBmgpjc=,MzxYnWFa3u6P8dcth14hkyWZrNU=
-22,-318,0GMCycqNWeunwbXaFNPGZBmgpjc=,MzxYnWFa3u6P8dcth14hkyWZrNU=
-21,-318,0GMCycqNWeunwbXaFNPGZBmgpjc=,MzxYnWFa3u6P8dcth14hkyWZrNU=
-19,-318,0GMCycqNWeunwbXaFNPGZBmgpjc=,MzxYnWFa3u6P8dcth14hkyWZrNU=
-23,-318,0GMCycqNWeunwbXaFNPGZBmgpjc=,MzxYnWFa3u6P8dcth14hkyWZrNU=
-25,-318,0GMCycqNWeunwbXaFNPGZBmgpjc=,MzxYnWFa3u6P8dcth14hkyWZrNU=
-24,-318,0GMCycqNWeunwbXaFNPGZBmgpjc=,MzxYnWFa3u6P8dcth14hkyWZrNU=
-26,-318,0GMCycqNWeunwbXaFNPGZBmgpjc=,MzxYnWFa3u6P8dcth14hkyWZrNU=
-27,-318,0GMCycqNWeunwbXaFNPGZBmgpjc=,MzxYnWFa3u6P8dcth14hkyWZrNU=
-28,-318,0GMCycqNWeunwbXaFNPGZBmgpjc=,MzxYnWFa3u6P8dcth14hkyWZrNU=
-29,-318,0GMCycqNWeunwbXaFNPGZBmgpjc=,MzxYnWFa3u6P8dcth14hkyWZrNU=
-30,-318,0GMCycqNWeunwbXaFNPGZBmgpjc=,MzxYnWFa3u6P8dcth14hkyWZrNU=
-31,-318,0GMCycqNWeunwbXaFNPGZBmgpjc=,MzxYnWFa3u6P8dcth14hkyWZrNU=
-32,-318,0GMCycqNWeunwbXaFNPGZBmgpjc=,MzxYnWFa3u6P8dcth14hkyWZrNU=
-16,-319,jZRXGNIPMT4r/2FpDirm37id5Rk=,MzxYnWFa3u6P8dcth14hkyWZrNU=
-3,-305,jZRXGNIPMT4r/2FpDirm37id5Rk=,MzxYnWFa3u6P8dcth14hkyWZrNU=
-1,-305,jZRXGNIPMT4r/2FpDirm37id5Rk=,MzxYnWFa3u6P8dcth14hkyWZrNU=
-2,-305,jZRXGNIPMT4r/2FpDirm37id5Rk=,MzxYnWFa3u6P8dcth14hkyWZrNU=
-1,-320,jZRXGNIPMT4r/2FpDirm37id5Rk=,MzxYnWFa3u6P8dcth14hkyWZrNU=
-5,-305,jZRXGNIPMT4r/2FpDirm37id5Rk=,MzxYnWFa3u6P8dcth14hkyWZrNU=
-7,-305,jZRXGNIPMT4r/2FpDirm37id5Rk=,MzxYnWFa3u6P8dcth14hkyWZrNU=
-6,-305,jZRXGNIPMT4r/2FpDirm37id5Rk=,MzxYnWFa3u6P8dcth14hkyWZrNU=
-8,-305,jZRXGNIPMT4r/2FpDirm37id5Rk=,MzxYnWFa3u6P8dcth14hkyWZrNU=
-9,-305,jZRXGNIPMT4r/2FpDirm37id5Rk=,MzxYnWFa3u6P8dcth14hkyWZrNU=
-4,-305,jZRXGNIPMT4r/2FpDirm37id5Rk=,MzxYnWFa3u6P8dcth14hkyWZrNU=
-10,-305,jZRXGNIPMT4r/2FpDirm37id5Rk=,MzxYnWFa3u6P8dcth14hkyWZrNU=
-12,-305,jZRXGNIPMT4r/2FpDirm37id5Rk=,MzxYnWFa3u6P8dcth14hkyWZrNU=
-13,-305,jZRXGNIPMT4r/2FpDirm37id5Rk=,MzxYnWFa3u6P8dcth14hkyWZrNU=
-14,-305,jZRXGNIPMT4r/2FpDirm37id5Rk=,MzxYnWFa3u6P8dcth14hkyWZrNU=
-15,-305,jZRXGNIPMT4r/2FpDirm37id5Rk=,MzxYnWFa3u6P8dcth14hkyWZrNU=
-16,-305,jZRXGNIPMT4r/2FpDirm37id5Rk=,MzxYnWFa3u6P8dcth14hkyWZrNU=
-1,-306,jZRXGNIPMT4r/2FpDirm37id5Rk=,MzxYnWFa3u6P8dcth14hkyWZrNU=
-3,-306,jZRXGNIPMT4r/2FpDirm37id5Rk=,MzxYnWFa3u6P8dcth14hkyWZrNU=
-2,-306,jZRXGNIPMT4r/2FpDirm37id5Rk=,MzxYnWFa3u6P8dcth14hkyWZrNU=
-4,-306,jZRXGNIPMT4r/2FpDirm37id5Rk=,MzxYnWFa3u6P8dcth14hkyWZrNU=
-5,-306,jZRXGNIPMT4r/2FpDirm37id5Rk=,MzxYnWFa3u6P8dcth14hkyWZrNU=
-6,-306,jZRXGNIPMT4r/2FpDirm37id5Rk=,MzxYnWFa3u6P8dcth14hkyWZrNU=
-7,-306,jZRXGNIPMT4r/2FpDirm37id5Rk=,MzxYnWFa3u6P8dcth14hkyWZrNU=
-8,-306,jZRXGNIPMT4r/2FpDirm37id5Rk=,MzxYnWFa3u6P8dcth14hkyWZrNU=
-9,-306,jZRXGNIPMT4r/2FpDirm37id5Rk=,MzxYnWFa3u6P8dcth14hkyWZrNU=
-10,-306,jZRXGNIPMT4r/2FpDirm37id5Rk=,MzxYnWFa3u6P8dcth14hkyWZrNU=
-11,-306,jZRXGNIPMT4r/2FpDirm37id5Rk=,MzxYnWFa3u6P8dcth14hkyWZrNU=
-12,-306,jZRXGNIPMT4r/2FpDirm37id5Rk=,MzxYnWFa3u6P8dcth14hkyWZrNU=
-13,-306,jZRXGNIPMT4r/2FpDirm37id5Rk=,MzxYnWFa3u6P8dcth14hkyWZrNU=
-14,-306,jZRXGNIPMT4r/2FpDirm37id5Rk=,MzxYnWFa3u6P8dcth14hkyWZrNU=
-15,-306,jZRXGNIPMT4r/2FpDirm37id5Rk=,MzxYnWFa3u6P8dcth14hkyWZrNU=
-16,-306,jZRXGNIPMT4r/2FpDirm37id5Rk=,MzxYnWFa3u6P8dcth14hkyWZrNU=
-2,-320,jZRXGNIPMT4r/2FpDirm37id5Rk=,MzxYnWFa3u6P8dcth14hkyWZrNU=
-1,-307,jZRXGNIPMT4r/2FpDirm37id5Rk=,MzxYnWFa3u6P8dcth14hkyWZrNU=
-2,-307,jZRXGNIPMT4r/2FpDirm37id5Rk=,MzxYnWFa3u6P8dcth14hkyWZrNU=
-3,-307,jZRXGNIPMT4r/2FpDirm37id5Rk=,MzxYnWFa3u6P8dcth14hkyWZrNU=
-4,-307,jZRXGNIPMT4r/2FpDirm37id5Rk=,MzxYnWFa3u6P8dcth14hkyWZrNU=
-5,-307,jZRXGNIPMT4r/2FpDirm37id5Rk=,MzxYnWFa3u6P8dcth14hkyWZrNU=
-6,-307,jZRXGNIPMT4r/2FpDirm37id5Rk=,MzxYnWFa3u6P8dcth14hkyWZrNU=
-7,-307,jZRXGNIPMT4r/2FpDirm37id5Rk=,MzxYnWFa3u6P8dcth14hkyWZrNU=
-8,-307,jZRXGNIPMT4r/2FpDirm37id5Rk=,MzxYnWFa3u6P8dcth14hkyWZrNU=
-9,-307,jZRXGNIPMT4r/2FpDirm37id5Rk=,MzxYnWFa3u6P8dcth14hkyWZrNU=
-10,-307,jZRXGNIPMT4r/2FpDirm37id5Rk=,MzxYnWFa3u6P8dcth14hkyWZrNU=
-11,-307,jZRXGNIPMT4r/2FpDirm37id5Rk=,MzxYnWFa3u6P8dcth14hkyWZrNU=
-12,-307,jZRXGNIPMT4r/2FpDirm37id5Rk=,MzxYnWFa3u6P8dcth14hkyWZrNU=
-13,-307,jZRXGNIPMT4r/2FpDirm37id5Rk=,MzxYnWFa3u6P8dcth14hkyWZrNU=
-14,-307,jZRXGNIPMT4r/2FpDirm37id5Rk=,MzxYnWFa3u6P8dcth14hkyWZrNU=
-15,-307,jZRXGNIPMT4r/2FpDirm37id5Rk=,MzxYnWFa3u6P8dcth14hkyWZrNU=
-16,-307,jZRXGNIPMT4r/2FpDirm37id5Rk=,MzxYnWFa3u6P8dcth14hkyWZrNU=
-3,-320,jZRXGNIPMT4r/2FpDirm37id5Rk=,MzxYnWFa3u6P8dcth14hkyWZrNU=
-1,-308,jZRXGNIPMT4r/2FpDirm37id5Rk=,MzxYnWFa3u6P8dcth14hkyWZrNU=
-2,-308,jZRXGNIPMT4r/2FpDirm37id5Rk=,MzxYnWFa3u6P8dcth14hkyWZrNU=
-3,-308,jZRXGNIPMT4r/2FpDirm37id5Rk=,MzxYnWFa3u6P8dcth14hkyWZrNU=
-4,-308,jZRXGNIPMT4r/2FpDirm37id5Rk=,MzxYnWFa3u6P8dcth14hkyWZrNU=
-5,-308,jZRXGNIPMT4r/2FpDirm37id5Rk=,MzxYnWFa3u6P8dcth14hkyWZrNU=
-6,-308,jZRXGNIPMT4r/2FpDirm37id5Rk=,MzxYnWFa3u6P8dcth14hkyWZrNU=
-7,-308,jZRXGNIPMT4r/2FpDirm37id5Rk=,MzxYnWFa3u6P8dcth14hkyWZrNU=
-8,-308,jZRXGNIPMT4r/2FpDirm37id5Rk=,MzxYnWFa3u6P8dcth14hkyWZrNU=
-9,-308,jZRXGNIPMT4r/2FpDirm37id5Rk=,MzxYnWFa3u6P8dcth14hkyWZrNU=
-10,-308,jZRXGNIPMT4r/2FpDirm37id5Rk=,MzxYnWFa3u6P8dcth14hkyWZrNU=
-11,-308,jZRXGNIPMT4r/2FpDirm37id5Rk=,MzxYnWFa3u6P8dcth14hkyWZrNU=
-12,-308,jZRXGNIPMT4r/2FpDirm37id5Rk=,MzxYnWFa3u6P8dcth14hkyWZrNU=
-13,-308,jZRXGNIPMT4r/2FpDirm37id5Rk=,MzxYnWFa3u6P8dcth14hkyWZrNU=
-14,-308,jZRXGNIPMT4r/2FpDirm37id5Rk=,MzxYnWFa3u6P8dcth14hkyWZrNU=
-15,-308,jZRXGNIPMT4r/2FpDirm37id5Rk=,MzxYnWFa3u6P8dcth14hkyWZrNU=
-16,-308,jZRXGNIPMT4r/2FpDirm37id5Rk=,MzxYnWFa3u6P8dcth14hkyWZrNU=
-4,-320,jZRXGNIPMT4r/2FpDirm37id5Rk=,MzxYnWFa3u6P8dcth14hkyWZrNU=
-1,-309,jZRXGNIPMT4r/2FpDirm37id5Rk=,MzxYnWFa3u6P8dcth14hkyWZrNU=
-2,-309,jZRXGNIPMT4r/2FpDirm37id5Rk=,MzxYnWFa3u6P8dcth14hkyWZrNU=
-3,-309,jZRXGNIPMT4r/2FpDirm37id5Rk=,MzxYnWFa3u6P8dcth14hkyWZrNU=
-4,-309,jZRXGNIPMT4r/2FpDirm37id5Rk=,MzxYnWFa3u6P8dcth14hkyWZrNU=
-5,-309,jZRXGNIPMT4r/2FpDirm37id5Rk=,MzxYnWFa3u6P8dcth14hkyWZrNU=
-6,-309,jZRXGNIPMT4r/2FpDirm37id5Rk=,MzxYnWFa3u6P8dcth14hkyWZrNU=
-7,-309,jZRXGNIPMT4r/2FpDirm37id5Rk=,MzxYnWFa3u6P8dcth14hkyWZrNU=
-8,-309,jZRXGNIPMT4r/2FpDirm37id5Rk=,MzxYnWFa3u6P8dcth14hkyWZrNU=
-9,-309,jZRXGNIPMT4r/2FpDirm37id5Rk=,MzxYnWFa3u6P8dcth14hkyWZrNU=
-10,-309,jZRXGNIPMT4r/2FpDirm37id5Rk=,MzxYnWFa3u6P8dcth14hkyWZrNU=
-11,-309,jZRXGNIPMT4r/2FpDirm37id5Rk=,MzxYnWFa3u6P8dcth14hkyWZrNU=
-12,-309,jZRXGNIPMT4r/2FpDirm37id5Rk=,MzxYnWFa3u6P8dcth14hkyWZrNU=
-13,-309,jZRXGNIPMT4r/2FpDirm37id5Rk=,MzxYnWFa3u6P8dcth14hkyWZrNU=
-14,-309,jZRXGNIPMT4r/2FpDirm37id5Rk=,MzxYnWFa3u6P8dcth14hkyWZrNU=
-15,-309,jZRXGNIPMT4r/2FpDirm37id5Rk=,MzxYnWFa3u6P8dcth14hkyWZrNU=
-16,-309,jZRXGNIPMT4r/2FpDirm37id5Rk=,MzxYnWFa3u6P8dcth14hkyWZrNU=
-5,-320,jZRXGNIPMT4r/2FpDirm37id5Rk=,MzxYnWFa3u6P8dcth14hkyWZrNU=
-1,-310,jZRXGNIPMT4r/2FpDirm37id5Rk=,MzxYnWFa3u6P8dcth14hkyWZrNU=
-3,-310,jZRXGNIPMT4r/2FpDirm37id5Rk=,MzxYnWFa3u6P8dcth14hkyWZrNU=
-5,-310,jZRXGNIPMT4r/2FpDirm37id5Rk=,MzxYnWFa3u6P8dcth14hkyWZrNU=
-4,-310,jZRXGNIPMT4r/2FpDirm37id5Rk=,MzxYnWFa3u6P8dcth14hkyWZrNU=
-6,-310,jZRXGNIPMT4r/2FpDirm37id5Rk=,MzxYnWFa3u6P8dcth14hkyWZrNU=
-7,-310,jZRXGNIPMT4r/2FpDirm37id5Rk=,MzxYnWFa3u6P8dcth14hkyWZrNU=
-8,-310,jZRXGNIPMT4r/2FpDirm37id5Rk=,MzxYnWFa3u6P8dcth14hkyWZrNU=
-9,-310,jZRXGNIPMT4r/2FpDirm37id5Rk=,MzxYnWFa3u6P8dcth14hkyWZrNU=
-10,-310,jZRXGNIPMT4r/2FpDirm37id5Rk=,MzxYnWFa3u6P8dcth14hkyWZrNU=
-11,-310,jZRXGNIPMT4r/2FpDirm37id5Rk=,MzxYnWFa3u6P8dcth14hkyWZrNU=
-12,-310,jZRXGNIPMT4r/2FpDirm37id5Rk=,MzxYnWFa3u6P8dcth14hkyWZrNU=
-13,-310,jZRXGNIPMT4r/2FpDirm37id5Rk=,MzxYnWFa3u6P8dcth14hkyWZrNU=
-14,-310,jZRXGNIPMT4r/2FpDirm37id5Rk=,MzxYnWFa3u6P8dcth14hkyWZrNU=
-16,-310,jZRXGNIPMT4r/2FpDirm37id5Rk=,MzxYnWFa3u6P8dcth14hkyWZrNU=
-15,-310,jZRXGNIPMT4r/2FpDirm37id5Rk=,MzxYnWFa3u6P8dcth14hkyWZrNU=
-6,-320,jZRXGNIPMT4r/2FpDirm37id5Rk=,MzxYnWFa3u6P8dcth14hkyWZrNU=
-1,-311,jZRXGNIPMT4r/2FpDirm37id5Rk=,MzxYnWFa3u6P8dcth14hkyWZrNU=
-2,-311,jZRXGNIPMT4r/2FpDirm37id5Rk=,MzxYnWFa3u6P8dcth14hkyWZrNU=
-3,-311,jZRXGNIPMT4r/2FpDirm37id5Rk=,MzxYnWFa3u6P8dcth14hkyWZrNU=
-4,-311,jZRXGNIPMT4r/2FpDirm37id5Rk=,MzxYnWFa3u6P8dcth14hkyWZrNU=
-5,-311,jZRXGNIPMT4r/2FpDirm37id5Rk=,MzxYnWFa3u6P8dcth14hkyWZrNU=
-6,-311,jZRXGNIPMT4r/2FpDirm37id5Rk=,MzxYnWFa3u6P8dcth14hkyWZrNU=
-7,-311,jZRXGNIPMT4r/2FpDirm37id5Rk=,MzxYnWFa3u6P8dcth14hkyWZrNU=
-8,-311,jZRXGNIPMT4r/2FpDirm37id5Rk=,MzxYnWFa3u6P8dcth14hkyWZrNU=
-9,-311,jZRXGNIPMT4r/2FpDirm37id5Rk=,MzxYnWFa3u6P8dcth14hkyWZrNU=
-10,-311,jZRXGNIPMT4r/2FpDirm37id5Rk=,MzxYnWFa3u6P8dcth14hkyWZrNU=
-11,-311,jZRXGNIPMT4r/2FpDirm37id5Rk=,MzxYnWFa3u6P8dcth14hkyWZrNU=
-12,-311,jZRXGNIPMT4r/2FpDirm37id5Rk=,MzxYnWFa3u6P8dcth14hkyWZrNU=
-13,-311,jZRXGNIPMT4r/2FpDirm37id5Rk=,MzxYnWFa3u6P8dcth14hkyWZrNU=
-14,-311,jZRXGNIPMT4r/2FpDirm37id5Rk=,MzxYnWFa3u6P8dcth14hkyWZrNU=
-15,-311,jZRXGNIPMT4r/2FpDirm37id5Rk=,MzxYnWFa3u6P8dcth14hkyWZrNU=
-16,-311,jZRXGNIPMT4r/2FpDirm37id5Rk=,MzxYnWFa3u6P8dcth14hkyWZrNU=
-7,-320,jZRXGNIPMT4r/2FpDirm37id5Rk=,MzxYnWFa3u6P8dcth14hkyWZrNU=
-1,-312,jZRXGNIPMT4r/2FpDirm37id5Rk=,MzxYnWFa3u6P8dcth14hkyWZrNU=
-2,-312,jZRXGNIPMT4r/2FpDirm37id5Rk=,MzxYnWFa3u6P8dcth14hkyWZrNU=
-3,-312,jZRXGNIPMT4r/2FpDirm37id5Rk=,MzxYnWFa3u6P8dcth14hkyWZrNU=
-4,-312,jZRXGNIPMT4r/2FpDirm37id5Rk=,MzxYnWFa3u6P8dcth14hkyWZrNU=
-5,-312,jZRXGNIPMT4r/2FpDirm37id5Rk=,MzxYnWFa3u6P8dcth14hkyWZrNU=
-6,-312,jZRXGNIPMT4r/2FpDirm37id5Rk=,MzxYnWFa3u6P8dcth14hkyWZrNU=
-7,-312,jZRXGNIPMT4r/2FpDirm37id5Rk=,MzxYnWFa3u6P8dcth14hkyWZrNU=
-8,-312,jZRXGNIPMT4r/2FpDirm37id5Rk=,MzxYnWFa3u6P8dcth14hkyWZrNU=
-9,-312,jZRXGNIPMT4r/2FpDirm37id5Rk=,MzxYnWFa3u6P8dcth14hkyWZrNU=
-10,-312,jZRXGNIPMT4r/2FpDirm37id5Rk=,MzxYnWFa3u6P8dcth14hkyWZrNU=
-11,-312,jZRXGNIPMT4r/2FpDirm37id5Rk=,MzxYnWFa3u6P8dcth14hkyWZrNU=
-13,-312,jZRXGNIPMT4r/2FpDirm37id5Rk=,MzxYnWFa3u6P8dcth14hkyWZrNU=
-12,-312,jZRXGNIPMT4r/2FpDirm37id5Rk=,MzxYnWFa3u6P8dcth14hkyWZrNU=
-14,-312,jZRXGNIPMT4r/2FpDirm37id5Rk=,MzxYnWFa3u6P8dcth14hkyWZrNU=
-15,-312,jZRXGNIPMT4r/2FpDirm37id5Rk=,MzxYnWFa3u6P8dcth14hkyWZrNU=
-16,-312,jZRXGNIPMT4r/2FpDirm37id5Rk=,MzxYnWFa3u6P8dcth14hkyWZrNU=
-8,-320,jZRXGNIPMT4r/2FpDirm37id5Rk=,MzxYnWFa3u6P8dcth14hkyWZrNU=
-1,-313,jZRXGNIPMT4r/2FpDirm37id5Rk=,MzxYnWFa3u6P8dcth14hkyWZrNU=
-2,-313,jZRXGNIPMT4r/2FpDirm37id5Rk=,MzxYnWFa3u6P8dcth14hkyWZrNU=
-3,-313,jZRXGNIPMT4r/2FpDirm37id5Rk=,MzxYnWFa3u6P8dcth14hkyWZrNU=
-4,-313,jZRXGNIPMT4r/2FpDirm37id5Rk=,MzxYnWFa3u6P8dcth14hkyWZrNU=
-5,-313,jZRXGNIPMT4r/2FpDirm37id5Rk=,MzxYnWFa3u6P8dcth14hkyWZrNU=
-6,-313,jZRXGNIPMT4r/2FpDirm37id5Rk=,MzxYnWFa3u6P8dcth14hkyWZrNU=
-7,-313,jZRXGNIPMT4r/2FpDirm37id5Rk=,MzxYnWFa3u6P8dcth14hkyWZrNU=
-8,-313,jZRXGNIPMT4r/2FpDirm37id5Rk=,MzxYnWFa3u6P8dcth14hkyWZrNU=
-9,-313,jZRXGNIPMT4r/2FpDirm37id5Rk=,MzxYnWFa3u6P8dcth14hkyWZrNU=
-10,-313,jZRXGNIPMT4r/2FpDirm37id5Rk=,MzxYnWFa3u6P8dcth14hkyWZrNU=
-11,-313,jZRXGNIPMT4r/2FpDirm37id5Rk=,MzxYnWFa3u6P8dcth14hkyWZrNU=
-12,-313,jZRXGNIPMT4r/2FpDirm37id5Rk=,MzxYnWFa3u6P8dcth14hkyWZrNU=
-13,-313,jZRXGNIPMT4r/2FpDirm37id5Rk=,MzxYnWFa3u6P8dcth14hkyWZrNU=
-14,-313,jZRXGNIPMT4r/2FpDirm37id5Rk=,MzxYnWFa3u6P8dcth14hkyWZrNU=
-16,-313,jZRXGNIPMT4r/2FpDirm37id5Rk=,MzxYnWFa3u6P8dcth14hkyWZrNU=
-15,-313,jZRXGNIPMT4r/2FpDirm37id5Rk=,MzxYnWFa3u6P8dcth14hkyWZrNU=
-9,-320,jZRXGNIPMT4r/2FpDirm37id5Rk=,MzxYnWFa3u6P8dcth14hkyWZrNU=
-1,-314,jZRXGNIPMT4r/2FpDirm37id5Rk=,MzxYnWFa3u6P8dcth14hkyWZrNU=
-2,-314,jZRXGNIPMT4r/2FpDirm37id5Rk=,MzxYnWFa3u6P8dcth14hkyWZrNU=
-3,-314,jZRXGNIPMT4r/2FpDirm37id5Rk=,MzxYnWFa3u6P8dcth14hkyWZrNU=
-4,-314,jZRXGNIPMT4r/2FpDirm37id5Rk=,MzxYnWFa3u6P8dcth14hkyWZrNU=
-5,-314,jZRXGNIPMT4r/2FpDirm37id5Rk=,MzxYnWFa3u6P8dcth14hkyWZrNU=
-6,-314,jZRXGNIPMT4r/2FpDirm37id5Rk=,MzxYnWFa3u6P8dcth14hkyWZrNU=
-7,-314,jZRXGNIPMT4r/2FpDirm37id5Rk=,MzxYnWFa3u6P8dcth14hkyWZrNU=
-8,-314,jZRXGNIPMT4r/2FpDirm37id5Rk=,MzxYnWFa3u6P8dcth14hkyWZrNU=
-9,-314,jZRXGNIPMT4r/2FpDirm37id5Rk=,MzxYnWFa3u6P8dcth14hkyWZrNU=
-10,-314,jZRXGNIPMT4r/2FpDirm37id5Rk=,MzxYnWFa3u6P8dcth14hkyWZrNU=
-11,-314,jZRXGNIPMT4r/2FpDirm37id5Rk=,MzxYnWFa3u6P8dcth14hkyWZrNU=
-12,-314,jZRXGNIPMT4r/2FpDirm37id5Rk=,MzxYnWFa3u6P8dcth14hkyWZrNU=
-13,-314,jZRXGNIPMT4r/2FpDirm37id5Rk=,MzxYnWFa3u6P8dcth14hkyWZrNU=
-14,-314,jZRXGNIPMT4r/2FpDirm37id5Rk=,MzxYnWFa3u6P8dcth14hkyWZrNU=
-15,-314,jZRXGNIPMT4r/2FpDirm37id5Rk=,MzxYnWFa3u6P8dcth14hkyWZrNU=
-16,-314,jZRXGNIPMT4r/2FpDirm37id5Rk=,MzxYnWFa3u6P8dcth14hkyWZrNU=
-10,-320,jZRXGNIPMT4r/2FpDirm37id5Rk=,MzxYnWFa3u6P8dcth14hkyWZrNU=
-1,-315,jZRXGNIPMT4r/2FpDirm37id5Rk=,MzxYnWFa3u6P8dcth14hkyWZrNU=
-2,-315,jZRXGNIPMT4r/2FpDirm37id5Rk=,MzxYnWFa3u6P8dcth14hkyWZrNU=
-3,-315,jZRXGNIPMT4r/2FpDirm37id5Rk=,MzxYnWFa3u6P8dcth14hkyWZrNU=
-4,-315,jZRXGNIPMT4r/2FpDirm37id5Rk=,MzxYnWFa3u6P8dcth14hkyWZrNU=
-5,-315,jZRXGNIPMT4r/2FpDirm37id5Rk=,MzxYnWFa3u6P8dcth14hkyWZrNU=
-6,-315,jZRXGNIPMT4r/2FpDirm37id5Rk=,MzxYnWFa3u6P8dcth14hkyWZrNU=
-7,-315,jZRXGNIPMT4r/2FpDirm37id5Rk=,MzxYnWFa3u6P8dcth14hkyWZrNU=
-8,-315,jZRXGNIPMT4r/2FpDirm37id5Rk=,MzxYnWFa3u6P8dcth14hkyWZrNU=
-9,-315,jZRXGNIPMT4r/2FpDirm37id5Rk=,MzxYnWFa3u6P8dcth14hkyWZrNU=
-10,-315,jZRXGNIPMT4r/2FpDirm37id5Rk=,MzxYnWFa3u6P8dcth14hkyWZrNU=
-11,-315,jZRXGNIPMT4r/2FpDirm37id5Rk=,MzxYnWFa3u6P8dcth14hkyWZrNU=
-12,-315,jZRXGNIPMT4r/2FpDirm37id5Rk=,MzxYnWFa3u6P8dcth14hkyWZrNU=
-13,-315,jZRXGNIPMT4r/2FpDirm37id5Rk=,MzxYnWFa3u6P8dcth14hkyWZrNU=
-14,-315,jZRXGNIPMT4r/2FpDirm37id5Rk=,MzxYnWFa3u6P8dcth14hkyWZrNU=
-15,-315,jZRXGNIPMT4r/2FpDirm37id5Rk=,MzxYnWFa3u6P8dcth14hkyWZrNU=
-11,-320,jZRXGNIPMT4r/2FpDirm37id5Rk=,MzxYnWFa3u6P8dcth14hkyWZrNU=
-16,-315,jZRXGNIPMT4r/2FpDirm37id5Rk=,MzxYnWFa3u6P8dcth14hkyWZrNU=
-1,-316,jZRXGNIPMT4r/2FpDirm37id5Rk=,MzxYnWFa3u6P8dcth14hkyWZrNU=
-2,-316,jZRXGNIPMT4r/2FpDirm37id5Rk=,MzxYnWFa3u6P8dcth14hkyWZrNU=
-3,-316,jZRXGNIPMT4r/2FpDirm37id5Rk=,MzxYnWFa3u6P8dcth14hkyWZrNU=
-4,-316,jZRXGNIPMT4r/2FpDirm37id5Rk=,MzxYnWFa3u6P8dcth14hkyWZrNU=
-5,-316,jZRXGNIPMT4r/2FpDirm37id5Rk=,MzxYnWFa3u6P8dcth14hkyWZrNU=
-6,-316,jZRXGNIPMT4r/2FpDirm37id5Rk=,MzxYnWFa3u6P8dcth14hkyWZrNU=
-7,-316,jZRXGNIPMT4r/2FpDirm37id5Rk=,MzxYnWFa3u6P8dcth14hkyWZrNU=
-8,-316,jZRXGNIPMT4r/2FpDirm37id5Rk=,MzxYnWFa3u6P8dcth14hkyWZrNU=
-9,-316,jZRXGNIPMT4r/2FpDirm37id5Rk=,MzxYnWFa3u6P8dcth14hkyWZrNU=
-10,-316,jZRXGNIPMT4r/2FpDirm37id5Rk=,MzxYnWFa3u6P8dcth14hkyWZrNU=
-12,-316,jZRXGNIPMT4r/2FpDirm37id5Rk=,MzxYnWFa3u6P8dcth14hkyWZrNU=
-11,-316,jZRXGNIPMT4r/2FpDirm37id5Rk=,MzxYnWFa3u6P8dcth14hkyWZrNU=
-13,-316,jZRXGNIPMT4r/2FpDirm37id5Rk=,MzxYnWFa3u6P8dcth14hkyWZrNU=
-14,-316,jZRXGNIPMT4r/2FpDirm37id5Rk=,MzxYnWFa3u6P8dcth14hkyWZrNU=
-15,-316,jZRXGNIPMT4r/2FpDirm37id5Rk=,MzxYnWFa3u6P8dcth14hkyWZrNU=
-16,-316,jZRXGNIPMT4r/2FpDirm37id5Rk=,MzxYnWFa3u6P8dcth14hkyWZrNU=
-12,-320,jZRXGNIPMT4r/2FpDirm37id5Rk=,MzxYnWFa3u6P8dcth14hkyWZrNU=
-1,-317,jZRXGNIPMT4r/2FpDirm37id5Rk=,MzxYnWFa3u6P8dcth14hkyWZrNU=
-2,-317,jZRXGNIPMT4r/2FpDirm37id5Rk=,MzxYnWFa3u6P8dcth14hkyWZrNU=
-3,-317,jZRXGNIPMT4r/2FpDirm37id5Rk=,MzxYnWFa3u6P8dcth14hkyWZrNU=
-4,-317,jZRXGNIPMT4r/2FpDirm37id5Rk=,MzxYnWFa3u6P8dcth14hkyWZrNU=
-5,-317,jZRXGNIPMT4r/2FpDirm37id5Rk=,MzxYnWFa3u6P8dcth14hkyWZrNU=
-6,-317,jZRXGNIPMT4r/2FpDirm37id5Rk=,MzxYnWFa3u6P8dcth14hkyWZrNU=
-7,-317,jZRXGNIPMT4r/2FpDirm37id5Rk=,MzxYnWFa3u6P8dcth14hkyWZrNU=
-8,-317,jZRXGNIPMT4r/2FpDirm37id5Rk=,MzxYnWFa3u6P8dcth14hkyWZrNU=
-9,-317,jZRXGNIPMT4r/2FpDirm37id5Rk=,MzxYnWFa3u6P8dcth14hkyWZrNU=
-10,-317,jZRXGNIPMT4r/2FpDirm37id5Rk=,MzxYnWFa3u6P8dcth14hkyWZrNU=
-11,-317,jZRXGNIPMT4r/2FpDirm37id5Rk=,MzxYnWFa3u6P8dcth14hkyWZrNU=
-12,-317,jZRXGNIPMT4r/2FpDirm37id5Rk=,MzxYnWFa3u6P8dcth14hkyWZrNU=
-13,-317,jZRXGNIPMT4r/2FpDirm37id5Rk=,MzxYnWFa3u6P8dcth14hkyWZrNU=
-14,-317,jZRXGNIPMT4r/2FpDirm37id5Rk=,MzxYnWFa3u6P8dcth14hkyWZrNU=
-15,-317,jZRXGNIPMT4r/2FpDirm37id5Rk=,MzxYnWFa3u6P8dcth14hkyWZrNU=
-16,-317,jZRXGNIPMT4r/2FpDirm37id5Rk=,MzxYnWFa3u6P8dcth14hkyWZrNU=
-13,-320,jZRXGNIPMT4r/2FpDirm37id5Rk=,MzxYnWFa3u6P8dcth14hkyWZrNU=
-1,-318,jZRXGNIPMT4r/2FpDirm37id5Rk=,MzxYnWFa3u6P8dcth14hkyWZrNU=
-2,-318,jZRXGNIPMT4r/2FpDirm37id5Rk=,MzxYnWFa3u6P8dcth14hkyWZrNU=
-3,-318,jZRXGNIPMT4r/2FpDirm37id5Rk=,MzxYnWFa3u6P8dcth14hkyWZrNU=
-4,-318,jZRXGNIPMT4r/2FpDirm37id5Rk=,MzxYnWFa3u6P8dcth14hkyWZrNU=
-5,-318,jZRXGNIPMT4r/2FpDirm37id5Rk=,MzxYnWFa3u6P8dcth14hkyWZrNU=
-6,-318,jZRXGNIPMT4r/2FpDirm37id5Rk=,MzxYnWFa3u6P8dcth14hkyWZrNU=
-7,-318,jZRXGNIPMT4r/2FpDirm37id5Rk=,MzxYnWFa3u6P8dcth14hkyWZrNU=
-8,-318,jZRXGNIPMT4r/2FpDirm37id5Rk=,MzxYnWFa3u6P8dcth14hkyWZrNU=
-9,-318,jZRXGNIPMT4r/2FpDirm37id5Rk=,MzxYnWFa3u6P8dcth14hkyWZrNU=
-10,-318,jZRXGNIPMT4r/2FpDirm37id5Rk=,MzxYnWFa3u6P8dcth14hkyWZrNU=
-11,-318,jZRXGNIPMT4r/2FpDirm37id5Rk=,MzxYnWFa3u6P8dcth14hkyWZrNU=
-12,-318,jZRXGNIPMT4r/2FpDirm37id5Rk=,MzxYnWFa3u6P8dcth14hkyWZrNU=
-13,-318,jZRXGNIPMT4r/2FpDirm37id5Rk=,MzxYnWFa3u6P8dcth14hkyWZrNU=
-14,-318,jZRXGNIPMT4r/2FpDirm37id5Rk=,MzxYnWFa3u6P8dcth14hkyWZrNU=
-15,-318,jZRXGNIPMT4r/2FpDirm37id5Rk=,MzxYnWFa3u6P8dcth14hkyWZrNU=
-14,-320,jZRXGNIPMT4r/2FpDirm37id5Rk=,MzxYnWFa3u6P8dcth14hkyWZrNU=
-16,-318,jZRXGNIPMT4r/2FpDirm37id5Rk=,MzxYnWFa3u6P8dcth14hkyWZrNU=
-1,-319,jZRXGNIPMT4r/2FpDirm37id5Rk=,MzxYnWFa3u6P8dcth14hkyWZrNU=
-2,-319,jZRXGNIPMT4r/2FpDirm37id5Rk=,MzxYnWFa3u6P8dcth14hkyWZrNU=
-15,-320,jZRXGNIPMT4r/2FpDirm37id5Rk=,MzxYnWFa3u6P8dcth14hkyWZrNU=
-3,-319,jZRXGNIPMT4r/2FpDirm37id5Rk=,MzxYnWFa3u6P8dcth14hkyWZrNU=
-4,-319,jZRXGNIPMT4r/2FpDirm37id5Rk=,MzxYnWFa3u6P8dcth14hkyWZrNU=
-5,-319,jZRXGNIPMT4r/2FpDirm37id5Rk=,MzxYnWFa3u6P8dcth14hkyWZrNU=
-6,-319,jZRXGNIPMT4r/2FpDirm37id5Rk=,MzxYnWFa3u6P8dcth14hkyWZrNU=
-7,-319,jZRXGNIPMT4r/2FpDirm37id5Rk=,MzxYnWFa3u6P8dcth14hkyWZrNU=
-8,-319,jZRXGNIPMT4r/2FpDirm37id5Rk=,MzxYnWFa3u6P8dcth14hkyWZrNU=
-9,-319,jZRXGNIPMT4r/2FpDirm37id5Rk=,MzxYnWFa3u6P8dcth14hkyWZrNU=
-10,-319,jZRXGNIPMT4r/2FpDirm37id5Rk=,MzxYnWFa3u6P8dcth14hkyWZrNU=
-11,-319,jZRXGNIPMT4r/2FpDirm37id5Rk=,MzxYnWFa3u6P8dcth14hkyWZrNU=
-12,-319,jZRXGNIPMT4r/2FpDirm37id5Rk=,MzxYnWFa3u6P8dcth14hkyWZrNU=
-13,-319,jZRXGNIPMT4r/2FpDirm37id5Rk=,MzxYnWFa3u6P8dcth14hkyWZrNU=
-14,-319,jZRXGNIPMT4r/2FpDirm37id5Rk=,MzxYnWFa3u6P8dcth14hkyWZrNU=
-15,-319,jZRXGNIPMT4r/2FpDirm37id5Rk=,MzxYnWFa3u6P8dcth14hkyWZrNU=
-11,-305,jZRXGNIPMT4r/2FpDirm37id5Rk=,MzxYnWFa3u6P8dcth14hkyWZrNU=
-16,-320,jZRXGNIPMT4r/2FpDirm37id5Rk=,MzxYnWFa3u6P8dcth14hkyWZrNU=
-2,-310,jZRXGNIPMT4r/2FpDirm37id5Rk=,MzxYnWFa3u6P8dcth14hkyWZrNU=
-17,-304,jZRXGNIPMT4r/2FpDirm37id5Rk=,MzxYnWFa3u6P8dcth14hkyWZrNU=
-19,-289,jZRXGNIPMT4r/2FpDirm37id5Rk=,MzxYnWFa3u6P8dcth14hkyWZrNU=
-17,-289,jZRXGNIPMT4r/2FpDirm37id5Rk=,MzxYnWFa3u6P8dcth14hkyWZrNU=
-32,-304,jZRXGNIPMT4r/2FpDirm37id5Rk=,MzxYnWFa3u6P8dcth14hkyWZrNU=
-20,-289,jZRXGNIPMT4r/2FpDirm37id5Rk=,MzxYnWFa3u6P8dcth14hkyWZrNU=
-22,-289,jZRXGNIPMT4r/2FpDirm37id5Rk=,MzxYnWFa3u6P8dcth14hkyWZrNU=
-18,-289,jZRXGNIPMT4r/2FpDirm37id5Rk=,MzxYnWFa3u6P8dcth14hkyWZrNU=
-21,-289,jZRXGNIPMT4r/2FpDirm37id5Rk=,MzxYnWFa3u6P8dcth14hkyWZrNU=
-23,-289,jZRXGNIPMT4r/2FpDirm37id5Rk=,MzxYnWFa3u6P8dcth14hkyWZrNU=
-24,-289,jZRXGNIPMT4r/2FpDirm37id5Rk=,MzxYnWFa3u6P8dcth14hkyWZrNU=
-25,-289,jZRXGNIPMT4r/2FpDirm37id5Rk=,MzxYnWFa3u6P8dcth14hkyWZrNU=
-26,-289,jZRXGNIPMT4r/2FpDirm37id5Rk=,MzxYnWFa3u6P8dcth14hkyWZrNU=
-27,-289,jZRXGNIPMT4r/2FpDirm37id5Rk=,MzxYnWFa3u6P8dcth14hkyWZrNU=
-28,-289,jZRXGNIPMT4r/2FpDirm37id5Rk=,MzxYnWFa3u6P8dcth14hkyWZrNU=
-29,-289,jZRXGNIPMT4r/2FpDirm37id5Rk=,MzxYnWFa3u6P8dcth14hkyWZrNU=
-32,-303,jZRXGNIPMT4r/2FpDirm37id5Rk=,MzxYnWFa3u6P8dcth14hkyWZrNU=
-30,-289,jZRXGNIPMT4r/2FpDirm37id5Rk=,MzxYnWFa3u6P8dcth14hkyWZrNU=
-31,-289,jZRXGNIPMT4r/2FpDirm37id5Rk=,MzxYnWFa3u6P8dcth14hkyWZrNU=
-31,-303,jZRXGNIPMT4r/2FpDirm37id5Rk=,MzxYnWFa3u6P8dcth14hkyWZrNU=
-30,-303,jZRXGNIPMT4r/2FpDirm37id5Rk=,MzxYnWFa3u6P8dcth14hkyWZrNU=
-17,-290,jZRXGNIPMT4r/2FpDirm37id5Rk=,MzxYnWFa3u6P8dcth14hkyWZrNU=
-32,-289,jZRXGNIPMT4r/2FpDirm37id5Rk=,MzxYnWFa3u6P8dcth14hkyWZrNU=
-29,-303,jZRXGNIPMT4r/2FpDirm37id5Rk=,MzxYnWFa3u6P8dcth14hkyWZrNU=
-18,-304,jZRXGNIPMT4r/2FpDirm37id5Rk=,MzxYnWFa3u6P8dcth14hkyWZrNU=
-19,-290,jZRXGNIPMT4r/2FpDirm37id5Rk=,MzxYnWFa3u6P8dcth14hkyWZrNU=
-28,-303,jZRXGNIPMT4r/2FpDirm37id5Rk=,MzxYnWFa3u6P8dcth14hkyWZrNU=
-18,-290,jZRXGNIPMT4r/2FpDirm37id5Rk=,MzxYnWFa3u6P8dcth14hkyWZrNU=
-20,-290,jZRXGNIPMT4r/2FpDirm37id5Rk=,MzxYnWFa3u6P8dcth14hkyWZrNU=
-27,-303,jZRXGNIPMT4r/2FpDirm37id5Rk=,MzxYnWFa3u6P8dcth14hkyWZrNU=
-26,-303,jZRXGNIPMT4r/2FpDirm37id5Rk=,MzxYnWFa3u6P8dcth14hkyWZrNU=
-21,-290,jZRXGNIPMT4r/2FpDirm37id5Rk=,MzxYnWFa3u6P8dcth14hkyWZrNU=
-22,-290,jZRXGNIPMT4r/2FpDirm37id5Rk=,MzxYnWFa3u6P8dcth14hkyWZrNU=
-23,-290,jZRXGNIPMT4r/2FpDirm37id5Rk=,MzxYnWFa3u6P8dcth14hkyWZrNU=
-24,-290,jZRXGNIPMT4r/2FpDirm37id5Rk=,MzxYnWFa3u6P8dcth14hkyWZrNU=
-25,-303,jZRXGNIPMT4r/2FpDirm37id5Rk=,MzxYnWFa3u6P8dcth14hkyWZrNU=
-25,-290,jZRXGNIPMT4r/2FpDirm37id5Rk=,MzxYnWFa3u6P8dcth14hkyWZrNU=
-26,-290,jZRXGNIPMT4r/2FpDirm37id5Rk=,MzxYnWFa3u6P8dcth14hkyWZrNU=
-24,-303,jZRXGNIPMT4r/2FpDirm37id5Rk=,MzxYnWFa3u6P8dcth14hkyWZrNU=
-27,-290,jZRXGNIPMT4r/2FpDirm37id5Rk=,MzxYnWFa3u6P8dcth14hkyWZrNU=
-23,-303,jZRXGNIPMT4r/2FpDirm37id5Rk=,MzxYnWFa3u6P8dcth14hkyWZrNU=
-28,-290,jZRXGNIPMT4r/2FpDirm37id5Rk=,MzxYnWFa3u6P8dcth14hkyWZrNU=
-30,-290,jZRXGNIPMT4r/2FpDirm37id5Rk=,MzxYnWFa3u6P8dcth14hkyWZrNU=
-29,-290,jZRXGNIPMT4r/2FpDirm37id5Rk=,MzxYnWFa3u6P8dcth14hkyWZrNU=
-22,-303,jZRXGNIPMT4r/2FpDirm37id5Rk=,MzxYnWFa3u6P8dcth14hkyWZrNU=
-31,-290,jZRXGNIPMT4r/2FpDirm37id5Rk=,MzxYnWFa3u6P8dcth14hkyWZrNU=
-19,-304,jZRXGNIPMT4r/2FpDirm37id5Rk=,MzxYnWFa3u6P8dcth14hkyWZrNU=
-21,-303,jZRXGNIPMT4r/2FpDirm37id5Rk=,MzxYnWFa3u6P8dcth14hkyWZrNU=
-32,-290,jZRXGNIPMT4r/2FpDirm37id5Rk=,MzxYnWFa3u6P8dcth14hkyWZrNU=
-17,-291,jZRXGNIPMT4r/2FpDirm37id5Rk=,MzxYnWFa3u6P8dcth14hkyWZrNU=
-20,-303,jZRXGNIPMT4r/2FpDirm37id5Rk=,MzxYnWFa3u6P8dcth14hkyWZrNU=
-18,-291,jZRXGNIPMT4r/2FpDirm37id5Rk=,MzxYnWFa3u6P8dcth14hkyWZrNU=
-19,-303,jZRXGNIPMT4r/2FpDirm37id5Rk=,MzxYnWFa3u6P8dcth14hkyWZrNU=
-19,-291,jZRXGNIPMT4r/2FpDirm37id5Rk=,MzxYnWFa3u6P8dcth14hkyWZrNU=
-20,-291,jZRXGNIPMT4r/2FpDirm37id5Rk=,MzxYnWFa3u6P8dcth14hkyWZrNU=
-21,-291,jZRXGNIPMT4r/2FpDirm37id5Rk=,MzxYnWFa3u6P8dcth14hkyWZrNU=
-18,-303,jZRXGNIPMT4r/2FpDirm37id5Rk=,MzxYnWFa3u6P8dcth14hkyWZrNU=
-22,-291,jZRXGNIPMT4r/2FpDirm37id5Rk=,MzxYnWFa3u6P8dcth14hkyWZrNU=
-23,-291,jZRXGNIPMT4r/2FpDirm37id5Rk=,MzxYnWFa3u6P8dcth14hkyWZrNU=
-24,-291,jZRXGNIPMT4r/2FpDirm37id5Rk=,MzxYnWFa3u6P8dcth14hkyWZrNU=
-17,-303,jZRXGNIPMT4r/2FpDirm37id5Rk=,MzxYnWFa3u6P8dcth14hkyWZrNU=
-26,-291,jZRXGNIPMT4r/2FpDirm37id5Rk=,MzxYnWFa3u6P8dcth14hkyWZrNU=
-25,-291,jZRXGNIPMT4r/2FpDirm37id5Rk=,MzxYnWFa3u6P8dcth14hkyWZrNU=
-27,-291,jZRXGNIPMT4r/2FpDirm37id5Rk=,MzxYnWFa3u6P8dcth14hkyWZrNU=
-32,-302,jZRXGNIPMT4r/2FpDirm37id5Rk=,MzxYnWFa3u6P8dcth14hkyWZrNU=
-28,-291,jZRXGNIPMT4r/2FpDirm37id5Rk=,MzxYnWFa3u6P8dcth14hkyWZrNU=
-31,-304,jZRXGNIPMT4r/2FpDirm37id5Rk=,MzxYnWFa3u6P8dcth14hkyWZrNU=
-29,-291,jZRXGNIPMT4r/2FpDirm37id5Rk=,MzxYnWFa3u6P8dcth14hkyWZrNU=
-30,-291,jZRXGNIPMT4r/2FpDirm37id5Rk=,MzxYnWFa3u6P8dcth14hkyWZrNU=
-31,-302,jZRXGNIPMT4r/2FpDirm37id5Rk=,MzxYnWFa3u6P8dcth14hkyWZrNU=
-31,-291,jZRXGNIPMT4r/2FpDirm37id5Rk=,MzxYnWFa3u6P8dcth14hkyWZrNU=
-20,-304,jZRXGNIPMT4r/2FpDirm37id5Rk=,MzxYnWFa3u6P8dcth14hkyWZrNU=
-32,-291,jZRXGNIPMT4r/2FpDirm37id5Rk=,MzxYnWFa3u6P8dcth14hkyWZrNU=
-30,-302,jZRXGNIPMT4r/2FpDirm37id5Rk=,MzxYnWFa3u6P8dcth14hkyWZrNU=
-17,-292,jZRXGNIPMT4r/2FpDirm37id5Rk=,MzxYnWFa3u6P8dcth14hkyWZrNU=
-18,-292,jZRXGNIPMT4r/2FpDirm37id5Rk=,MzxYnWFa3u6P8dcth14hkyWZrNU=
-19,-292,jZRXGNIPMT4r/2FpDirm37id5Rk=,MzxYnWFa3u6P8dcth14hkyWZrNU=
-29,-302,jZRXGNIPMT4r/2FpDirm37id5Rk=,MzxYnWFa3u6P8dcth14hkyWZrNU=
-28,-302,jZRXGNIPMT4r/2FpDirm37id5Rk=,MzxYnWFa3u6P8dcth14hkyWZrNU=
-20,-292,jZRXGNIPMT4r/2FpDirm37id5Rk=,MzxYnWFa3u6P8dcth14hkyWZrNU=
-21,-292,jZRXGNIPMT4r/2FpDirm37id5Rk=,MzxYnWFa3u6P8dcth14hkyWZrNU=
-22,-292,jZRXGNIPMT4r/2FpDirm37id5Rk=,MzxYnWFa3u6P8dcth14hkyWZrNU=
-23,-292,jZRXGNIPMT4r/2FpDirm37id5Rk=,MzxYnWFa3u6P8dcth14hkyWZrNU=
-27,-302,jZRXGNIPMT4r/2FpDirm37id5Rk=,MzxYnWFa3u6P8dcth14hkyWZrNU=
-25,-292,jZRXGNIPMT4r/2FpDirm37id5Rk=,MzxYnWFa3u6P8dcth14hkyWZrNU=
-24,-292,jZRXGNIPMT4r/2FpDirm37id5Rk=,MzxYnWFa3u6P8dcth14hkyWZrNU=
-26,-302,jZRXGNIPMT4r/2FpDirm37id5Rk=,MzxYnWFa3u6P8dcth14hkyWZrNU=
-26,-292,jZRXGNIPMT4r/2FpDirm37id5Rk=,MzxYnWFa3u6P8dcth14hkyWZrNU=
-27,-292,jZRXGNIPMT4r/2FpDirm37id5Rk=,MzxYnWFa3u6P8dcth14hkyWZrNU=
-28,-292,jZRXGNIPMT4r/2FpDirm37id5Rk=,MzxYnWFa3u6P8dcth14hkyWZrNU=
-25,-302,jZRXGNIPMT4r/2FpDirm37id5Rk=,MzxYnWFa3u6P8dcth14hkyWZrNU=
-29,-292,jZRXGNIPMT4r/2FpDirm37id5Rk=,MzxYnWFa3u6P8dcth14hkyWZrNU=
-30,-292,jZRXGNIPMT4r/2FpDirm37id5Rk=,MzxYnWFa3u6P8dcth14hkyWZrNU=
-31,-292,jZRXGNIPMT4r/2FpDirm37id5Rk=,MzxYnWFa3u6P8dcth14hkyWZrNU=
-24,-302,jZRXGNIPMT4r/2FpDirm37id5Rk=,MzxYnWFa3u6P8dcth14hkyWZrNU=
-21,-304,jZRXGNIPMT4r/2FpDirm37id5Rk=,MzxYnWFa3u6P8dcth14hkyWZrNU=
-32,-292,jZRXGNIPMT4r/2FpDirm37id5Rk=,MzxYnWFa3u6P8dcth14hkyWZrNU=
-23,-302,jZRXGNIPMT4r/2FpDirm37id5Rk=,MzxYnWFa3u6P8dcth14hkyWZrNU=
-17,-293,jZRXGNIPMT4r/2FpDirm37id5Rk=,MzxYnWFa3u6P8dcth14hkyWZrNU=
-22,-302,jZRXGNIPMT4r/2FpDirm37id5Rk=,MzxYnWFa3u6P8dcth14hkyWZrNU=
-18,-293,jZRXGNIPMT4r/2FpDirm37id5Rk=,MzxYnWFa3u6P8dcth14hkyWZrNU=
-19,-293,jZRXGNIPMT4r/2FpDirm37id5Rk=,MzxYnWFa3u6P8dcth14hkyWZrNU=
-20,-293,jZRXGNIPMT4r/2FpDirm37id5Rk=,MzxYnWFa3u6P8dcth14hkyWZrNU=
-21,-302,jZRXGNIPMT4r/2FpDirm37id5Rk=,MzxYnWFa3u6P8dcth14hkyWZrNU=
-21,-293,jZRXGNIPMT4r/2FpDirm37id5Rk=,MzxYnWFa3u6P8dcth14hkyWZrNU=
-22,-293,jZRXGNIPMT4r/2FpDirm37id5Rk=,MzxYnWFa3u6P8dcth14hkyWZrNU=
-20,-302,jZRXGNIPMT4r/2FpDirm37id5Rk=,MzxYnWFa3u6P8dcth14hkyWZrNU=
-24,-293,jZRXGNIPMT4r/2FpDirm37id5Rk=,MzxYnWFa3u6P8dcth14hkyWZrNU=
-19,-302,jZRXGNIPMT4r/2FpDirm37id5Rk=,MzxYnWFa3u6P8dcth14hkyWZrNU=
-25,-293,jZRXGNIPMT4r/2FpDirm37id5Rk=,MzxYnWFa3u6P8dcth14hkyWZrNU=
-18,-302,jZRXGNIPMT4r/2FpDirm37id5Rk=,MzxYnWFa3u6P8dcth14hkyWZrNU=
-23,-293,jZRXGNIPMT4r/2FpDirm37id5Rk=,MzxYnWFa3u6P8dcth14hkyWZrNU=
-17,-302,jZRXGNIPMT4r/2FpDirm37id5Rk=,MzxYnWFa3u6P8dcth14hkyWZrNU=
-26,-293,jZRXGNIPMT4r/2FpDirm37id5Rk=,MzxYnWFa3u6P8dcth14hkyWZrNU=
-27,-293,jZRXGNIPMT4r/2FpDirm37id5Rk=,MzxYnWFa3u6P8dcth14hkyWZrNU=
-28,-293,jZRXGNIPMT4r/2FpDirm37id5Rk=,MzxYnWFa3u6P8dcth14hkyWZrNU=
-32,-301,jZRXGNIPMT4r/2FpDirm37id5Rk=,MzxYnWFa3u6P8dcth14hkyWZrNU=
-29,-293,jZRXGNIPMT4r/2FpDirm37id5Rk=,MzxYnWFa3u6P8dcth14hkyWZrNU=
-30,-293,jZRXGNIPMT4r/2FpDirm37id5Rk=,MzxYnWFa3u6P8dcth14hkyWZrNU=
-30,-304,jZRXGNIPMT4r/2FpDirm37id5Rk=,MzxYnWFa3u6P8dcth14hkyWZrNU=
-31,-293,jZRXGNIPMT4r/2FpDirm37id5Rk=,MzxYnWFa3u6P8dcth14hkyWZrNU=
-31,-301,jZRXGNIPMT4r/2FpDirm37id5Rk=,MzxYnWFa3u6P8dcth14hkyWZrNU=
-32,-293,jZRXGNIPMT4r/2FpDirm37id5Rk=,MzxYnWFa3u6P8dcth14hkyWZrNU=
-22,-304,jZRXGNIPMT4r/2FpDirm37id5Rk=,MzxYnWFa3u6P8dcth14hkyWZrNU=
-17,-294,jZRXGNIPMT4r/2FpDirm37id5Rk=,MzxYnWFa3u6P8dcth14hkyWZrNU=
-30,-301,jZRXGNIPMT4r/2FpDirm37id5Rk=,MzxYnWFa3u6P8dcth14hkyWZrNU=
-18,-294,jZRXGNIPMT4r/2FpDirm37id5Rk=,MzxYnWFa3u6P8dcth14hkyWZrNU=
-19,-294,jZRXGNIPMT4r/2FpDirm37id5Rk=,MzxYnWFa3u6P8dcth14hkyWZrNU=
-29,-301,jZRXGNIPMT4r/2FpDirm37id5Rk=,MzxYnWFa3u6P8dcth14hkyWZrNU=
-20,-294,jZRXGNIPMT4r/2FpDirm37id5Rk=,MzxYnWFa3u6P8dcth14hkyWZrNU=
-21,-294,jZRXGNIPMT4r/2FpDirm37id5Rk=,MzxYnWFa3u6P8dcth14hkyWZrNU=
-28,-301,jZRXGNIPMT4r/2FpDirm37id5Rk=,MzxYnWFa3u6P8dcth14hkyWZrNU=
-22,-294,jZRXGNIPMT4r/2FpDirm37id5Rk=,MzxYnWFa3u6P8dcth14hkyWZrNU=
-23,-294,jZRXGNIPMT4r/2FpDirm37id5Rk=,MzxYnWFa3u6P8dcth14hkyWZrNU=
-24,-294,jZRXGNIPMT4r/2FpDirm37id5Rk=,MzxYnWFa3u6P8dcth14hkyWZrNU=
-27,-301,jZRXGNIPMT4r/2FpDirm37id5Rk=,MzxYnWFa3u6P8dcth14hkyWZrNU=
-25,-294,jZRXGNIPMT4r/2FpDirm37id5Rk=,MzxYnWFa3u6P8dcth14hkyWZrNU=
-26,-294,jZRXGNIPMT4r/2FpDirm37id5Rk=,MzxYnWFa3u6P8dcth14hkyWZrNU=
-27,-294,jZRXGNIPMT4r/2FpDirm37id5Rk=,MzxYnWFa3u6P8dcth14hkyWZrNU=
-26,-301,jZRXGNIPMT4r/2FpDirm37id5Rk=,MzxYnWFa3u6P8dcth14hkyWZrNU=
-28,-294,jZRXGNIPMT4r/2FpDirm37id5Rk=,MzxYnWFa3u6P8dcth14hkyWZrNU=
-29,-294,jZRXGNIPMT4r/2FpDirm37id5Rk=,MzxYnWFa3u6P8dcth14hkyWZrNU=
-25,-301,jZRXGNIPMT4r/2FpDirm37id5Rk=,MzxYnWFa3u6P8dcth14hkyWZrNU=
-30,-294,jZRXGNIPMT4r/2FpDirm37id5Rk=,MzxYnWFa3u6P8dcth14hkyWZrNU=
-23,-304,jZRXGNIPMT4r/2FpDirm37id5Rk=,MzxYnWFa3u6P8dcth14hkyWZrNU=
-31,-294,jZRXGNIPMT4r/2FpDirm37id5Rk=,MzxYnWFa3u6P8dcth14hkyWZrNU=
-24,-301,jZRXGNIPMT4r/2FpDirm37id5Rk=,MzxYnWFa3u6P8dcth14hkyWZrNU=
-32,-294,jZRXGNIPMT4r/2FpDirm37id5Rk=,MzxYnWFa3u6P8dcth14hkyWZrNU=
-17,-295,jZRXGNIPMT4r/2FpDirm37id5Rk=,MzxYnWFa3u6P8dcth14hkyWZrNU=
-18,-295,jZRXGNIPMT4r/2FpDirm37id5Rk=,MzxYnWFa3u6P8dcth14hkyWZrNU=
-23,-301,jZRXGNIPMT4r/2FpDirm37id5Rk=,MzxYnWFa3u6P8dcth14hkyWZrNU=
-20,-295,jZRXGNIPMT4r/2FpDirm37id5Rk=,MzxYnWFa3u6P8dcth14hkyWZrNU=
-19,-295,jZRXGNIPMT4r/2FpDirm37id5Rk=,MzxYnWFa3u6P8dcth14hkyWZrNU=
-21,-295,jZRXGNIPMT4r/2FpDirm37id5Rk=,MzxYnWFa3u6P8dcth14hkyWZrNU=
-22,-301,jZRXGNIPMT4r/2FpDirm37id5Rk=,MzxYnWFa3u6P8dcth14hkyWZrNU=
-23,-295,jZRXGNIPMT4r/2FpDirm37id5Rk=,MzxYnWFa3u6P8dcth14hkyWZrNU=
-22,-295,jZRXGNIPMT4r/2FpDirm37id5Rk=,MzxYnWFa3u6P8dcth14hkyWZrNU=
-21,-301,jZRXGNIPMT4r/2FpDirm37id5Rk=,MzxYnWFa3u6P8dcth14hkyWZrNU=
-24,-295,jZRXGNIPMT4r/2FpDirm37id5Rk=,MzxYnWFa3u6P8dcth14hkyWZrNU=
-25,-295,jZRXGNIPMT4r/2FpDirm37id5Rk=,MzxYnWFa3u6P8dcth14hkyWZrNU=
-26,-295,jZRXGNIPMT4r/2FpDirm37id5Rk=,MzxYnWFa3u6P8dcth14hkyWZrNU=
-20,-301,jZRXGNIPMT4r/2FpDirm37id5Rk=,MzxYnWFa3u6P8dcth14hkyWZrNU=
-27,-295,jZRXGNIPMT4r/2FpDirm37id5Rk=,MzxYnWFa3u6P8dcth14hkyWZrNU=
-28,-295,jZRXGNIPMT4r/2FpDirm37id5Rk=,MzxYnWFa3u6P8dcth14hkyWZrNU=
-19,-301,jZRXGNIPMT4r/2FpDirm37id5Rk=,MzxYnWFa3u6P8dcth14hkyWZrNU=
-29,-295,jZRXGNIPMT4r/2FpDirm37id5Rk=,MzxYnWFa3u6P8dcth14hkyWZrNU=
-30,-295,jZRXGNIPMT4r/2FpDirm37id5Rk=,MzxYnWFa3u6P8dcth14hkyWZrNU=
-18,-301,jZRXGNIPMT4r/2FpDirm37id5Rk=,MzxYnWFa3u6P8dcth14hkyWZrNU=
-31,-295,jZRXGNIPMT4r/2FpDirm37id5Rk=,MzxYnWFa3u6P8dcth14hkyWZrNU=
-17,-301,jZRXGNIPMT4r/2FpDirm37id5Rk=,MzxYnWFa3u6P8dcth14hkyWZrNU=
-32,-295,jZRXGNIPMT4r/2FpDirm37id5Rk=,MzxYnWFa3u6P8dcth14hkyWZrNU=
-17,-296,jZRXGNIPMT4r/2FpDirm37id5Rk=,MzxYnWFa3u6P8dcth14hkyWZrNU=
-24,-304,jZRXGNIPMT4r/2FpDirm37id5Rk=,MzxYnWFa3u6P8dcth14hkyWZrNU=
-32,-300,jZRXGNIPMT4r/2FpDirm37id5Rk=,MzxYnWFa3u6P8dcth14hkyWZrNU=
-18,-296,jZRXGNIPMT4r/2FpDirm37id5Rk=,MzxYnWFa3u6P8dcth14hkyWZrNU=
-19,-296,jZRXGNIPMT4r/2FpDirm37id5Rk=,MzxYnWFa3u6P8dcth14hkyWZrNU=
-20,-296,jZRXGNIPMT4r/2FpDirm37id5Rk=,MzxYnWFa3u6P8dcth14hkyWZrNU=
-29,-304,jZRXGNIPMT4r/2FpDirm37id5Rk=,MzxYnWFa3u6P8dcth14hkyWZrNU=
-22,-296,jZRXGNIPMT4r/2FpDirm37id5Rk=,MzxYnWFa3u6P8dcth14hkyWZrNU=
-21,-296,jZRXGNIPMT4r/2FpDirm37id5Rk=,MzxYnWFa3u6P8dcth14hkyWZrNU=
-31,-300,jZRXGNIPMT4r/2FpDirm37id5Rk=,MzxYnWFa3u6P8dcth14hkyWZrNU=
-23,-296,jZRXGNIPMT4r/2FpDirm37id5Rk=,MzxYnWFa3u6P8dcth14hkyWZrNU=
-25,-296,jZRXGNIPMT4r/2FpDirm37id5Rk=,MzxYnWFa3u6P8dcth14hkyWZrNU=
-24,-296,jZRXGNIPMT4r/2FpDirm37id5Rk=,MzxYnWFa3u6P8dcth14hkyWZrNU=
-30,-300,jZRXGNIPMT4r/2FpDirm37id5Rk=,MzxYnWFa3u6P8dcth14hkyWZrNU=
-26,-296,jZRXGNIPMT4r/2FpDirm37id5Rk=,MzxYnWFa3u6P8dcth14hkyWZrNU=
-29,-300,jZRXGNIPMT4r/2FpDirm37id5Rk=,MzxYnWFa3u6P8dcth14hkyWZrNU=
-27,-296,jZRXGNIPMT4r/2FpDirm37id5Rk=,MzxYnWFa3u6P8dcth14hkyWZrNU=
-28,-296,jZRXGNIPMT4r/2FpDirm37id5Rk=,MzxYnWFa3u6P8dcth14hkyWZrNU=
-29,-296,jZRXGNIPMT4r/2FpDirm37id5Rk=,MzxYnWFa3u6P8dcth14hkyWZrNU=
-30,-296,jZRXGNIPMT4r/2FpDirm37id5Rk=,MzxYnWFa3u6P8dcth14hkyWZrNU=
-28,-300,jZRXGNIPMT4r/2FpDirm37id5Rk=,MzxYnWFa3u6P8dcth14hkyWZrNU=
-31,-296,jZRXGNIPMT4r/2FpDirm37id5Rk=,MzxYnWFa3u6P8dcth14hkyWZrNU=
-32,-296,jZRXGNIPMT4r/2FpDirm37id5Rk=,MzxYnWFa3u6P8dcth14hkyWZrNU=
-27,-300,jZRXGNIPMT4r/2FpDirm37id5Rk=,MzxYnWFa3u6P8dcth14hkyWZrNU=
-25,-304,jZRXGNIPMT4r/2FpDirm37id5Rk=,MzxYnWFa3u6P8dcth14hkyWZrNU=
-17,-297,jZRXGNIPMT4r/2FpDirm37id5Rk=,MzxYnWFa3u6P8dcth14hkyWZrNU=
-26,-300,jZRXGNIPMT4r/2FpDirm37id5Rk=,MzxYnWFa3u6P8dcth14hkyWZrNU=
-18,-297,jZRXGNIPMT4r/2FpDirm37id5Rk=,MzxYnWFa3u6P8dcth14hkyWZrNU=
-19,-297,jZRXGNIPMT4r/2FpDirm37id5Rk=,MzxYnWFa3u6P8dcth14hkyWZrNU=
-20,-297,jZRXGNIPMT4r/2FpDirm37id5Rk=,MzxYnWFa3u6P8dcth14hkyWZrNU=
-25,-300,jZRXGNIPMT4r/2FpDirm37id5Rk=,MzxYnWFa3u6P8dcth14hkyWZrNU=
-21,-297,jZRXGNIPMT4r/2FpDirm37id5Rk=,MzxYnWFa3u6P8dcth14hkyWZrNU=
-22,-297,jZRXGNIPMT4r/2FpDirm37id5Rk=,MzxYnWFa3u6P8dcth14hkyWZrNU=
-24,-300,jZRXGNIPMT4r/2FpDirm37id5Rk=,MzxYnWFa3u6P8dcth14hkyWZrNU=
-23,-297,jZRXGNIPMT4r/2FpDirm37id5Rk=,MzxYnWFa3u6P8dcth14hkyWZrNU=
-25,-297,jZRXGNIPMT4r/2FpDirm37id5Rk=,MzxYnWFa3u6P8dcth14hkyWZrNU=
-24,-297,jZRXGNIPMT4r/2FpDirm37id5Rk=,MzxYnWFa3u6P8dcth14hkyWZrNU=
-23,-300,jZRXGNIPMT4r/2FpDirm37id5Rk=,MzxYnWFa3u6P8dcth14hkyWZrNU=
-27,-297,jZRXGNIPMT4r/2FpDirm37id5Rk=,MzxYnWFa3u6P8dcth14hkyWZrNU=
-26,-297,jZRXGNIPMT4r/2FpDirm37id5Rk=,MzxYnWFa3u6P8dcth14hkyWZrNU=
-22,-300,jZRXGNIPMT4r/2FpDirm37id5Rk=,MzxYnWFa3u6P8dcth14hkyWZrNU=
-28,-297,jZRXGNIPMT4r/2FpDirm37id5Rk=,MzxYnWFa3u6P8dcth14hkyWZrNU=
-29,-297,jZRXGNIPMT4r/2FpDirm37id5Rk=,MzxYnWFa3u6P8dcth14hkyWZrNU=
-30,-297,jZRXGNIPMT4r/2FpDirm37id5Rk=,MzxYnWFa3u6P8dcth14hkyWZrNU=
-31,-297,jZRXGNIPMT4r/2FpDirm37id5Rk=,MzxYnWFa3u6P8dcth14hkyWZrNU=
-21,-300,jZRXGNIPMT4r/2FpDirm37id5Rk=,MzxYnWFa3u6P8dcth14hkyWZrNU=
-26,-304,jZRXGNIPMT4r/2FpDirm37id5Rk=,MzxYnWFa3u6P8dcth14hkyWZrNU=
-32,-297,jZRXGNIPMT4r/2FpDirm37id5Rk=,MzxYnWFa3u6P8dcth14hkyWZrNU=
-17,-298,jZRXGNIPMT4r/2FpDirm37id5Rk=,MzxYnWFa3u6P8dcth14hkyWZrNU=
-20,-300,jZRXGNIPMT4r/2FpDirm37id5Rk=,MzxYnWFa3u6P8dcth14hkyWZrNU=
-19,-298,jZRXGNIPMT4r/2FpDirm37id5Rk=,MzxYnWFa3u6P8dcth14hkyWZrNU=
-18,-298,jZRXGNIPMT4r/2FpDirm37id5Rk=,MzxYnWFa3u6P8dcth14hkyWZrNU=
-20,-298,jZRXGNIPMT4r/2FpDirm37id5Rk=,MzxYnWFa3u6P8dcth14hkyWZrNU=
-19,-300,jZRXGNIPMT4r/2FpDirm37id5Rk=,MzxYnWFa3u6P8dcth14hkyWZrNU=
-21,-298,jZRXGNIPMT4r/2FpDirm37id5Rk=,MzxYnWFa3u6P8dcth14hkyWZrNU=
-18,-300,jZRXGNIPMT4r/2FpDirm37id5Rk=,MzxYnWFa3u6P8dcth14hkyWZrNU=
-22,-298,jZRXGNIPMT4r/2FpDirm37id5Rk=,MzxYnWFa3u6P8dcth14hkyWZrNU=
-23,-298,jZRXGNIPMT4r/2FpDirm37id5Rk=,MzxYnWFa3u6P8dcth14hkyWZrNU=
-24,-298,jZRXGNIPMT4r/2FpDirm37id5Rk=,MzxYnWFa3u6P8dcth14hkyWZrNU=
-25,-298,jZRXGNIPMT4r/2FpDirm37id5Rk=,MzxYnWFa3u6P8dcth14hkyWZrNU=
-17,-300,jZRXGNIPMT4r/2FpDirm37id5Rk=,MzxYnWFa3u6P8dcth14hkyWZrNU=
-26,-298,jZRXGNIPMT4r/2FpDirm37id5Rk=,MzxYnWFa3u6P8dcth14hkyWZrNU=
-27,-298,jZRXGNIPMT4r/2FpDirm37id5Rk=,MzxYnWFa3u6P8dcth14hkyWZrNU=
-28,-298,jZRXGNIPMT4r/2FpDirm37id5Rk=,MzxYnWFa3u6P8dcth14hkyWZrNU=
-32,-299,jZRXGNIPMT4r/2FpDirm37id5Rk=,MzxYnWFa3u6P8dcth14hkyWZrNU=
-29,-298,jZRXGNIPMT4r/2FpDirm37id5Rk=,MzxYnWFa3u6P8dcth14hkyWZrNU=
-30,-298,jZRXGNIPMT4r/2FpDirm37id5Rk=,MzxYnWFa3u6P8dcth14hkyWZrNU=
-31,-298,jZRXGNIPMT4r/2FpDirm37id5Rk=,MzxYnWFa3u6P8dcth14hkyWZrNU=
-28,-304,jZRXGNIPMT4r/2FpDirm37id5Rk=,MzxYnWFa3u6P8dcth14hkyWZrNU=
-27,-304,jZRXGNIPMT4r/2FpDirm37id5Rk=,MzxYnWFa3u6P8dcth14hkyWZrNU=
-32,-298,jZRXGNIPMT4r/2FpDirm37id5Rk=,MzxYnWFa3u6P8dcth14hkyWZrNU=
-31,-299,jZRXGNIPMT4r/2FpDirm37id5Rk=,MzxYnWFa3u6P8dcth14hkyWZrNU=
-17,-299,jZRXGNIPMT4r/2FpDirm37id5Rk=,MzxYnWFa3u6P8dcth14hkyWZrNU=
-18,-299,jZRXGNIPMT4r/2FpDirm37id5Rk=,MzxYnWFa3u6P8dcth14hkyWZrNU=
-19,-299,jZRXGNIPMT4r/2FpDirm37id5Rk=,MzxYnWFa3u6P8dcth14hkyWZrNU=
-20,-299,jZRXGNIPMT4r/2FpDirm37id5Rk=,MzxYnWFa3u6P8dcth14hkyWZrNU=
-30,-299,jZRXGNIPMT4r/2FpDirm37id5Rk=,MzxYnWFa3u6P8dcth14hkyWZrNU=
-21,-299,jZRXGNIPMT4r/2FpDirm37id5Rk=,MzxYnWFa3u6P8dcth14hkyWZrNU=
-22,-299,jZRXGNIPMT4r/2FpDirm37id5Rk=,MzxYnWFa3u6P8dcth14hkyWZrNU=
-23,-299,jZRXGNIPMT4r/2FpDirm37id5Rk=,MzxYnWFa3u6P8dcth14hkyWZrNU=
-29,-299,jZRXGNIPMT4r/2FpDirm37id5Rk=,MzxYnWFa3u6P8dcth14hkyWZrNU=
-24,-299,jZRXGNIPMT4r/2FpDirm37id5Rk=,MzxYnWFa3u6P8dcth14hkyWZrNU=
-28,-299,jZRXGNIPMT4r/2FpDirm37id5Rk=,MzxYnWFa3u6P8dcth14hkyWZrNU=
-25,-299,jZRXGNIPMT4r/2FpDirm37id5Rk=,MzxYnWFa3u6P8dcth14hkyWZrNU=
-26,-299,jZRXGNIPMT4r/2FpDirm37id5Rk=,MzxYnWFa3u6P8dcth14hkyWZrNU=
-27,-299,jZRXGNIPMT4r/2FpDirm37id5Rk=,MzxYnWFa3u6P8dcth14hkyWZrNU=
-16,-303,jZRXGNIPMT4r/2FpDirm37id5Rk=,MzxYnWFa3u6P8dcth14hkyWZrNU=
-1,-289,jZRXGNIPMT4r/2FpDirm37id5Rk=,MzxYnWFa3u6P8dcth14hkyWZrNU=
-2,-289,jZRXGNIPMT4r/2FpDirm37id5Rk=,MzxYnWFa3u6P8dcth14hkyWZrNU=
-1,-304,jZRXGNIPMT4r/2FpDirm37id5Rk=,MzxYnWFa3u6P8dcth14hkyWZrNU=
-3,-304,o898SgFhEJ2o5jmw2tyGxfLmtd4=,MzxYnWFa3u6P8dcth14hkyWZrNU=
-5,-304,o898SgFhEJ2o5jmw2tyGxfLmtd4=,MzxYnWFa3u6P8dcth14hkyWZrNU=
-7,-304,o898SgFhEJ2o5jmw2tyGxfLmtd4=,MzxYnWFa3u6P8dcth14hkyWZrNU=
-6,-304,o898SgFhEJ2o5jmw2tyGxfLmtd4=,MzxYnWFa3u6P8dcth14hkyWZrNU=
-15,-304,o898SgFhEJ2o5jmw2tyGxfLmtd4=,MzxYnWFa3u6P8dcth14hkyWZrNU=
-2,-304,o898SgFhEJ2o5jmw2tyGxfLmtd4=,MzxYnWFa3u6P8dcth14hkyWZrNU=
-13,-304,o898SgFhEJ2o5jmw2tyGxfLmtd4=,MzxYnWFa3u6P8dcth14hkyWZrNU=
-14,-304,o898SgFhEJ2o5jmw2tyGxfLmtd4=,MzxYnWFa3u6P8dcth14hkyWZrNU=
-3,-289,o898SgFhEJ2o5jmw2tyGxfLmtd4=,MzxYnWFa3u6P8dcth14hkyWZrNU=
-16,-304,o898SgFhEJ2o5jmw2tyGxfLmtd4=,MzxYnWFa3u6P8dcth14hkyWZrNU=
-4,-289,o898SgFhEJ2o5jmw2tyGxfLmtd4=,MzxYnWFa3u6P8dcth14hkyWZrNU=
-5,-289,o898SgFhEJ2o5jmw2tyGxfLmtd4=,MzxYnWFa3u6P8dcth14hkyWZrNU=
-6,-289,o898SgFhEJ2o5jmw2tyGxfLmtd4=,MzxYnWFa3u6P8dcth14hkyWZrNU=
-7,-289,o898SgFhEJ2o5jmw2tyGxfLmtd4=,MzxYnWFa3u6P8dcth14hkyWZrNU=
-9,-304,o898SgFhEJ2o5jmw2tyGxfLmtd4=,MzxYnWFa3u6P8dcth14hkyWZrNU=
-12,-304,o898SgFhEJ2o5jmw2tyGxfLmtd4=,MzxYnWFa3u6P8dcth14hkyWZrNU=
-11,-304,o898SgFhEJ2o5jmw2tyGxfLmtd4=,MzxYnWFa3u6P8dcth14hkyWZrNU=
-11,-289,o898SgFhEJ2o5jmw2tyGxfLmtd4=,MzxYnWFa3u6P8dcth14hkyWZrNU=
-12,-289,o898SgFhEJ2o5jmw2tyGxfLmtd4=,MzxYnWFa3u6P8dcth14hkyWZrNU=
-13,-289,o898SgFhEJ2o5jmw2tyGxfLmtd4=,MzxYnWFa3u6P8dcth14hkyWZrNU=
-14,-289,o898SgFhEJ2o5jmw2tyGxfLmtd4=,MzxYnWFa3u6P8dcth14hkyWZrNU=
-15,-289,o898SgFhEJ2o5jmw2tyGxfLmtd4=,MzxYnWFa3u6P8dcth14hkyWZrNU=
-16,-289,o898SgFhEJ2o5jmw2tyGxfLmtd4=,MzxYnWFa3u6P8dcth14hkyWZrNU=
-1,-290,o898SgFhEJ2o5jmw2tyGxfLmtd4=,MzxYnWFa3u6P8dcth14hkyWZrNU=
-2,-290,o898SgFhEJ2o5jmw2tyGxfLmtd4=,MzxYnWFa3u6P8dcth14hkyWZrNU=
-3,-290,o898SgFhEJ2o5jmw2tyGxfLmtd4=,MzxYnWFa3u6P8dcth14hkyWZrNU=
-4,-290,o898SgFhEJ2o5jmw2tyGxfLmtd4=,MzxYnWFa3u6P8dcth14hkyWZrNU=
-5,-290,o898SgFhEJ2o5jmw2tyGxfLmtd4=,MzxYnWFa3u6P8dcth14hkyWZrNU=
-6,-290,o898SgFhEJ2o5jmw2tyGxfLmtd4=,MzxYnWFa3u6P8dcth14hkyWZrNU=
-7,-290,o898SgFhEJ2o5jmw2tyGxfLmtd4=,MzxYnWFa3u6P8dcth14hkyWZrNU=
-8,-290,o898SgFhEJ2o5jmw2tyGxfLmtd4=,MzxYnWFa3u6P8dcth14hkyWZrNU=
-10,-304,o898SgFhEJ2o5jmw2tyGxfLmtd4=,MzxYnWFa3u6P8dcth14hkyWZrNU=
-4,-304,o898SgFhEJ2o5jmw2tyGxfLmtd4=,MzxYnWFa3u6P8dcth14hkyWZrNU=
-11,-290,o898SgFhEJ2o5jmw2tyGxfLmtd4=,MzxYnWFa3u6P8dcth14hkyWZrNU=
-8,-304,o898SgFhEJ2o5jmw2tyGxfLmtd4=,MzxYnWFa3u6P8dcth14hkyWZrNU=
-13,-290,o898SgFhEJ2o5jmw2tyGxfLmtd4=,MzxYnWFa3u6P8dcth14hkyWZrNU=
-15,-290,o898SgFhEJ2o5jmw2tyGxfLmtd4=,MzxYnWFa3u6P8dcth14hkyWZrNU=
-16,-290,o898SgFhEJ2o5jmw2tyGxfLmtd4=,MzxYnWFa3u6P8dcth14hkyWZrNU=
-1,-291,o898SgFhEJ2o5jmw2tyGxfLmtd4=,MzxYnWFa3u6P8dcth14hkyWZrNU=
-2,-291,o898SgFhEJ2o5jmw2tyGxfLmtd4=,MzxYnWFa3u6P8dcth14hkyWZrNU=
-3,-291,o898SgFhEJ2o5jmw2tyGxfLmtd4=,MzxYnWFa3u6P8dcth14hkyWZrNU=
-4,-291,o898SgFhEJ2o5jmw2tyGxfLmtd4=,MzxYnWFa3u6P8dcth14hkyWZrNU=
-5,-291,o898SgFhEJ2o5jmw2tyGxfLmtd4=,MzxYnWFa3u6P8dcth14hkyWZrNU=
-6,-291,o898SgFhEJ2o5jmw2tyGxfLmtd4=,MzxYnWFa3u6P8dcth14hkyWZrNU=
-7,-291,o898SgFhEJ2o5jmw2tyGxfLmtd4=,MzxYnWFa3u6P8dcth14hkyWZrNU=
-8,-291,o898SgFhEJ2o5jmw2tyGxfLmtd4=,MzxYnWFa3u6P8dcth14hkyWZrNU=
-8,-289,o898SgFhEJ2o5jmw2tyGxfLmtd4=,MzxYnWFa3u6P8dcth14hkyWZrNU=
-9,-290,o898SgFhEJ2o5jmw2tyGxfLmtd4=,MzxYnWFa3u6P8dcth14hkyWZrNU=
-12,-290,o898SgFhEJ2o5jmw2tyGxfLmtd4=,MzxYnWFa3u6P8dcth14hkyWZrNU=
-9,-289,o898SgFhEJ2o5jmw2tyGxfLmtd4=,MzxYnWFa3u6P8dcth14hkyWZrNU=
-13,-291,o898SgFhEJ2o5jmw2tyGxfLmtd4=,MzxYnWFa3u6P8dcth14hkyWZrNU=
-14,-291,o898SgFhEJ2o5jmw2tyGxfLmtd4=,MzxYnWFa3u6P8dcth14hkyWZrNU=
-15,-291,o898SgFhEJ2o5jmw2tyGxfLmtd4=,MzxYnWFa3u6P8dcth14hkyWZrNU=
-16,-291,o898SgFhEJ2o5jmw2tyGxfLmtd4=,MzxYnWFa3u6P8dcth14hkyWZrNU=
-1,-292,o898SgFhEJ2o5jmw2tyGxfLmtd4=,MzxYnWFa3u6P8dcth14hkyWZrNU=
-2,-292,o898SgFhEJ2o5jmw2tyGxfLmtd4=,MzxYnWFa3u6P8dcth14hkyWZrNU=
-3,-292,o898SgFhEJ2o5jmw2tyGxfLmtd4=,MzxYnWFa3u6P8dcth14hkyWZrNU=
-4,-292,o898SgFhEJ2o5jmw2tyGxfLmtd4=,MzxYnWFa3u6P8dcth14hkyWZrNU=
-5,-292,o898SgFhEJ2o5jmw2tyGxfLmtd4=,MzxYnWFa3u6P8dcth14hkyWZrNU=
-6,-292,o898SgFhEJ2o5jmw2tyGxfLmtd4=,MzxYnWFa3u6P8dcth14hkyWZrNU=
-10,-289,o898SgFhEJ2o5jmw2tyGxfLmtd4=,MzxYnWFa3u6P8dcth14hkyWZrNU=
-7,-292,o898SgFhEJ2o5jmw2tyGxfLmtd4=,MzxYnWFa3u6P8dcth14hkyWZrNU=
-10,-290,o898SgFhEJ2o5jmw2tyGxfLmtd4=,MzxYnWFa3u6P8dcth14hkyWZrNU=
-9,-291,o898SgFhEJ2o5jmw2tyGxfLmtd4=,MzxYnWFa3u6P8dcth14hkyWZrNU=
-12,-291,o898SgFhEJ2o5jmw2tyGxfLmtd4=,MzxYnWFa3u6P8dcth14hkyWZrNU=
-12,-292,o898SgFhEJ2o5jmw2tyGxfLmtd4=,MzxYnWFa3u6P8dcth14hkyWZrNU=
-13,-292,o898SgFhEJ2o5jmw2tyGxfLmtd4=,MzxYnWFa3u6P8dcth14hkyWZrNU=
-14,-292,o898SgFhEJ2o5jmw2tyGxfLmtd4=,MzxYnWFa3u6P8dcth14hkyWZrNU=
-15,-292,o898SgFhEJ2o5jmw2tyGxfLmtd4=,MzxYnWFa3u6P8dcth14hkyWZrNU=
-16,-292,o898SgFhEJ2o5jmw2tyGxfLmtd4=,MzxYnWFa3u6P8dcth14hkyWZrNU=
-1,-293,o898SgFhEJ2o5jmw2tyGxfLmtd4=,MzxYnWFa3u6P8dcth14hkyWZrNU=
-2,-293,o898SgFhEJ2o5jmw2tyGxfLmtd4=,MzxYnWFa3u6P8dcth14hkyWZrNU=
-3,-293,o898SgFhEJ2o5jmw2tyGxfLmtd4=,MzxYnWFa3u6P8dcth14hkyWZrNU=
-4,-293,o898SgFhEJ2o5jmw2tyGxfLmtd4=,MzxYnWFa3u6P8dcth14hkyWZrNU=
-5,-293,o898SgFhEJ2o5jmw2tyGxfLmtd4=,MzxYnWFa3u6P8dcth14hkyWZrNU=
-6,-293,o898SgFhEJ2o5jmw2tyGxfLmtd4=,MzxYnWFa3u6P8dcth14hkyWZrNU=
-7,-293,o898SgFhEJ2o5jmw2tyGxfLmtd4=,MzxYnWFa3u6P8dcth14hkyWZrNU=
-9,-292,o898SgFhEJ2o5jmw2tyGxfLmtd4=,MzxYnWFa3u6P8dcth14hkyWZrNU=
-11,-291,o898SgFhEJ2o5jmw2tyGxfLmtd4=,MzxYnWFa3u6P8dcth14hkyWZrNU=
-8,-292,o898SgFhEJ2o5jmw2tyGxfLmtd4=,MzxYnWFa3u6P8dcth14hkyWZrNU=
-10,-291,o898SgFhEJ2o5jmw2tyGxfLmtd4=,MzxYnWFa3u6P8dcth14hkyWZrNU=
-10,-292,o898SgFhEJ2o5jmw2tyGxfLmtd4=,MzxYnWFa3u6P8dcth14hkyWZrNU=
-11,-293,o898SgFhEJ2o5jmw2tyGxfLmtd4=,MzxYnWFa3u6P8dcth14hkyWZrNU=
-11,-292,o898SgFhEJ2o5jmw2tyGxfLmtd4=,MzxYnWFa3u6P8dcth14hkyWZrNU=
-12,-293,o898SgFhEJ2o5jmw2tyGxfLmtd4=,MzxYnWFa3u6P8dcth14hkyWZrNU=
-16,-293,o898SgFhEJ2o5jmw2tyGxfLmtd4=,MzxYnWFa3u6P8dcth14hkyWZrNU=
-1,-294,o898SgFhEJ2o5jmw2tyGxfLmtd4=,MzxYnWFa3u6P8dcth14hkyWZrNU=
-2,-294,o898SgFhEJ2o5jmw2tyGxfLmtd4=,MzxYnWFa3u6P8dcth14hkyWZrNU=
-3,-294,o898SgFhEJ2o5jmw2tyGxfLmtd4=,MzxYnWFa3u6P8dcth14hkyWZrNU=
-4,-294,o898SgFhEJ2o5jmw2tyGxfLmtd4=,MzxYnWFa3u6P8dcth14hkyWZrNU=
-5,-294,o898SgFhEJ2o5jmw2tyGxfLmtd4=,MzxYnWFa3u6P8dcth14hkyWZrNU=
-6,-294,o898SgFhEJ2o5jmw2tyGxfLmtd4=,MzxYnWFa3u6P8dcth14hkyWZrNU=
-8,-293,o898SgFhEJ2o5jmw2tyGxfLmtd4=,MzxYnWFa3u6P8dcth14hkyWZrNU=
-14,-293,o898SgFhEJ2o5jmw2tyGxfLmtd4=,MzxYnWFa3u6P8dcth14hkyWZrNU=
-13,-293,o898SgFhEJ2o5jmw2tyGxfLmtd4=,MzxYnWFa3u6P8dcth14hkyWZrNU=
-9,-293,o898SgFhEJ2o5jmw2tyGxfLmtd4=,MzxYnWFa3u6P8dcth14hkyWZrNU=
-10,-293,o898SgFhEJ2o5jmw2tyGxfLmtd4=,MzxYnWFa3u6P8dcth14hkyWZrNU=
-12,-294,o898SgFhEJ2o5jmw2tyGxfLmtd4=,MzxYnWFa3u6P8dcth14hkyWZrNU=
-13,-294,o898SgFhEJ2o5jmw2tyGxfLmtd4=,MzxYnWFa3u6P8dcth14hkyWZrNU=
-14,-294,o898SgFhEJ2o5jmw2tyGxfLmtd4=,MzxYnWFa3u6P8dcth14hkyWZrNU=
-15,-294,o898SgFhEJ2o5jmw2tyGxfLmtd4=,MzxYnWFa3u6P8dcth14hkyWZrNU=
-16,-294,o898SgFhEJ2o5jmw2tyGxfLmtd4=,MzxYnWFa3u6P8dcth14hkyWZrNU=
-1,-295,o898SgFhEJ2o5jmw2tyGxfLmtd4=,MzxYnWFa3u6P8dcth14hkyWZrNU=
-2,-295,o898SgFhEJ2o5jmw2tyGxfLmtd4=,MzxYnWFa3u6P8dcth14hkyWZrNU=
-3,-295,o898SgFhEJ2o5jmw2tyGxfLmtd4=,MzxYnWFa3u6P8dcth14hkyWZrNU=
-4,-295,o898SgFhEJ2o5jmw2tyGxfLmtd4=,MzxYnWFa3u6P8dcth14hkyWZrNU=
-5,-295,o898SgFhEJ2o5jmw2tyGxfLmtd4=,MzxYnWFa3u6P8dcth14hkyWZrNU=
-6,-295,o898SgFhEJ2o5jmw2tyGxfLmtd4=,MzxYnWFa3u6P8dcth14hkyWZrNU=
-15,-293,o898SgFhEJ2o5jmw2tyGxfLmtd4=,MzxYnWFa3u6P8dcth14hkyWZrNU=
-10,-294,o898SgFhEJ2o5jmw2tyGxfLmtd4=,MzxYnWFa3u6P8dcth14hkyWZrNU=
-11,-294,o898SgFhEJ2o5jmw2tyGxfLmtd4=,MzxYnWFa3u6P8dcth14hkyWZrNU=
-9,-294,o898SgFhEJ2o5jmw2tyGxfLmtd4=,MzxYnWFa3u6P8dcth14hkyWZrNU=
-7,-294,o898SgFhEJ2o5jmw2tyGxfLmtd4=,MzxYnWFa3u6P8dcth14hkyWZrNU=
-12,-295,o898SgFhEJ2o5jmw2tyGxfLmtd4=,MzxYnWFa3u6P8dcth14hkyWZrNU=
-8,-294,o898SgFhEJ2o5jmw2tyGxfLmtd4=,MzxYnWFa3u6P8dcth14hkyWZrNU=
-14,-295,o898SgFhEJ2o5jmw2tyGxfLmtd4=,MzxYnWFa3u6P8dcth14hkyWZrNU=
-15,-295,o898SgFhEJ2o5jmw2tyGxfLmtd4=,MzxYnWFa3u6P8dcth14hkyWZrNU=
-16,-295,o898SgFhEJ2o5jmw2tyGxfLmtd4=,MzxYnWFa3u6P8dcth14hkyWZrNU=
-1,-296,o898SgFhEJ2o5jmw2tyGxfLmtd4=,MzxYnWFa3u6P8dcth14hkyWZrNU=
-2,-296,o898SgFhEJ2o5jmw2tyGxfLmtd4=,MzxYnWFa3u6P8dcth14hkyWZrNU=
-3,-296,o898SgFhEJ2o5jmw2tyGxfLmtd4=,MzxYnWFa3u6P8dcth14hkyWZrNU=
-4,-296,o898SgFhEJ2o5jmw2tyGxfLmtd4=,MzxYnWFa3u6P8dcth14hkyWZrNU=
-5,-296,o898SgFhEJ2o5jmw2tyGxfLmtd4=,MzxYnWFa3u6P8dcth14hkyWZrNU=
-7,-295,o898SgFhEJ2o5jmw2tyGxfLmtd4=,MzxYnWFa3u6P8dcth14hkyWZrNU=
-11,-295,o898SgFhEJ2o5jmw2tyGxfLmtd4=,MzxYnWFa3u6P8dcth14hkyWZrNU=
-8,-295,o898SgFhEJ2o5jmw2tyGxfLmtd4=,MzxYnWFa3u6P8dcth14hkyWZrNU=
-6,-296,o898SgFhEJ2o5jmw2tyGxfLmtd4=,MzxYnWFa3u6P8dcth14hkyWZrNU=
-9,-295,o898SgFhEJ2o5jmw2tyGxfLmtd4=,MzxYnWFa3u6P8dcth14hkyWZrNU=
-10,-295,o898SgFhEJ2o5jmw2tyGxfLmtd4=,MzxYnWFa3u6P8dcth14hkyWZrNU=
-12,-296,o898SgFhEJ2o5jmw2tyGxfLmtd4=,MzxYnWFa3u6P8dcth14hkyWZrNU=
-13,-296,o898SgFhEJ2o5jmw2tyGxfLmtd4=,MzxYnWFa3u6P8dcth14hkyWZrNU=
-14,-296,o898SgFhEJ2o5jmw2tyGxfLmtd4=,MzxYnWFa3u6P8dcth14hkyWZrNU=
-15,-296,o898SgFhEJ2o5jmw2tyGxfLmtd4=,MzxYnWFa3u6P8dcth14hkyWZrNU=
-16,-296,o898SgFhEJ2o5jmw2tyGxfLmtd4=,MzxYnWFa3u6P8dcth14hkyWZrNU=
-1,-297,o898SgFhEJ2o5jmw2tyGxfLmtd4=,MzxYnWFa3u6P8dcth14hkyWZrNU=
-2,-297,o898SgFhEJ2o5jmw2tyGxfLmtd4=,MzxYnWFa3u6P8dcth14hkyWZrNU=
-13,-295,o898SgFhEJ2o5jmw2tyGxfLmtd4=,MzxYnWFa3u6P8dcth14hkyWZrNU=
-7,-296,o898SgFhEJ2o5jmw2tyGxfLmtd4=,MzxYnWFa3u6P8dcth14hkyWZrNU=
-11,-296,o898SgFhEJ2o5jmw2tyGxfLmtd4=,MzxYnWFa3u6P8dcth14hkyWZrNU=
-3,-297,o898SgFhEJ2o5jmw2tyGxfLmtd4=,MzxYnWFa3u6P8dcth14hkyWZrNU=
-9,-296,o898SgFhEJ2o5jmw2tyGxfLmtd4=,MzxYnWFa3u6P8dcth14hkyWZrNU=
-10,-296,o898SgFhEJ2o5jmw2tyGxfLmtd4=,MzxYnWFa3u6P8dcth14hkyWZrNU=
-8,-296,o898SgFhEJ2o5jmw2tyGxfLmtd4=,MzxYnWFa3u6P8dcth14hkyWZrNU=
-4,-297,o898SgFhEJ2o5jmw2tyGxfLmtd4=,MzxYnWFa3u6P8dcth14hkyWZrNU=
-6,-297,o898SgFhEJ2o5jmw2tyGxfLmtd4=,MzxYnWFa3u6P8dcth14hkyWZrNU=
-12,-297,o898SgFhEJ2o5jmw2tyGxfLmtd4=,MzxYnWFa3u6P8dcth14hkyWZrNU=
-13,-297,o898SgFhEJ2o5jmw2tyGxfLmtd4=,MzxYnWFa3u6P8dcth14hkyWZrNU=
-14,-297,o898SgFhEJ2o5jmw2tyGxfLmtd4=,MzxYnWFa3u6P8dcth14hkyWZrNU=
-15,-297,o898SgFhEJ2o5jmw2tyGxfLmtd4=,MzxYnWFa3u6P8dcth14hkyWZrNU=
-16,-297,o898SgFhEJ2o5jmw2tyGxfLmtd4=,MzxYnWFa3u6P8dcth14hkyWZrNU=
-1,-298,o898SgFhEJ2o5jmw2tyGxfLmtd4=,MzxYnWFa3u6P8dcth14hkyWZrNU=
-5,-297,o898SgFhEJ2o5jmw2tyGxfLmtd4=,MzxYnWFa3u6P8dcth14hkyWZrNU=
-10,-297,o898SgFhEJ2o5jmw2tyGxfLmtd4=,MzxYnWFa3u6P8dcth14hkyWZrNU=
-11,-297,o898SgFhEJ2o5jmw2tyGxfLmtd4=,MzxYnWFa3u6P8dcth14hkyWZrNU=
-9,-297,o898SgFhEJ2o5jmw2tyGxfLmtd4=,MzxYnWFa3u6P8dcth14hkyWZrNU=
-7,-297,o898SgFhEJ2o5jmw2tyGxfLmtd4=,MzxYnWFa3u6P8dcth14hkyWZrNU=
-8,-297,o898SgFhEJ2o5jmw2tyGxfLmtd4=,MzxYnWFa3u6P8dcth14hkyWZrNU=
-2,-298,o898SgFhEJ2o5jmw2tyGxfLmtd4=,MzxYnWFa3u6P8dcth14hkyWZrNU=
-9,-298,o898SgFhEJ2o5jmw2tyGxfLmtd4=,MzxYnWFa3u6P8dcth14hkyWZrNU=
-10,-298,o898SgFhEJ2o5jmw2tyGxfLmtd4=,MzxYnWFa3u6P8dcth14hkyWZrNU=
-11,-298,o898SgFhEJ2o5jmw2tyGxfLmtd4=,MzxYnWFa3u6P8dcth14hkyWZrNU=
-12,-298,o898SgFhEJ2o5jmw2tyGxfLmtd4=,MzxYnWFa3u6P8dcth14hkyWZrNU=
-13,-298,o898SgFhEJ2o5jmw2tyGxfLmtd4=,MzxYnWFa3u6P8dcth14hkyWZrNU=
-3,-298,o898SgFhEJ2o5jmw2tyGxfLmtd4=,MzxYnWFa3u6P8dcth14hkyWZrNU=
-15,-298,o898SgFhEJ2o5jmw2tyGxfLmtd4=,MzxYnWFa3u6P8dcth14hkyWZrNU=
-16,-298,o898SgFhEJ2o5jmw2tyGxfLmtd4=,MzxYnWFa3u6P8dcth14hkyWZrNU=
-4,-298,o898SgFhEJ2o5jmw2tyGxfLmtd4=,MzxYnWFa3u6P8dcth14hkyWZrNU=
-5,-298,o898SgFhEJ2o5jmw2tyGxfLmtd4=,MzxYnWFa3u6P8dcth14hkyWZrNU=
-6,-298,o898SgFhEJ2o5jmw2tyGxfLmtd4=,MzxYnWFa3u6P8dcth14hkyWZrNU=
-8,-298,o898SgFhEJ2o5jmw2tyGxfLmtd4=,MzxYnWFa3u6P8dcth14hkyWZrNU=
-7,-298,o898SgFhEJ2o5jmw2tyGxfLmtd4=,MzxYnWFa3u6P8dcth14hkyWZrNU=
-14,-298,o898SgFhEJ2o5jmw2tyGxfLmtd4=,MzxYnWFa3u6P8dcth14hkyWZrNU=
-5,-299,o898SgFhEJ2o5jmw2tyGxfLmtd4=,MzxYnWFa3u6P8dcth14hkyWZrNU=
-8,-299,o898SgFhEJ2o5jmw2tyGxfLmtd4=,MzxYnWFa3u6P8dcth14hkyWZrNU=
-1,-299,o898SgFhEJ2o5jmw2tyGxfLmtd4=,MzxYnWFa3u6P8dcth14hkyWZrNU=
-10,-299,o898SgFhEJ2o5jmw2tyGxfLmtd4=,MzxYnWFa3u6P8dcth14hkyWZrNU=
-6,-299,o898SgFhEJ2o5jmw2tyGxfLmtd4=,MzxYnWFa3u6P8dcth14hkyWZrNU=
-11,-299,o898SgFhEJ2o5jmw2tyGxfLmtd4=,MzxYnWFa3u6P8dcth14hkyWZrNU=
-13,-299,o898SgFhEJ2o5jmw2tyGxfLmtd4=,MzxYnWFa3u6P8dcth14hkyWZrNU=
-3,-299,o898SgFhEJ2o5jmw2tyGxfLmtd4=,MzxYnWFa3u6P8dcth14hkyWZrNU=
-16,-299,o898SgFhEJ2o5jmw2tyGxfLmtd4=,MzxYnWFa3u6P8dcth14hkyWZrNU=
-15,-299,o898SgFhEJ2o5jmw2tyGxfLmtd4=,MzxYnWFa3u6P8dcth14hkyWZrNU=
-2,-299,o898SgFhEJ2o5jmw2tyGxfLmtd4=,MzxYnWFa3u6P8dcth14hkyWZrNU=
-9,-299,o898SgFhEJ2o5jmw2tyGxfLmtd4=,MzxYnWFa3u6P8dcth14hkyWZrNU=
-4,-299,o898SgFhEJ2o5jmw2tyGxfLmtd4=,MzxYnWFa3u6P8dcth14hkyWZrNU=
-7,-299,o898SgFhEJ2o5jmw2tyGxfLmtd4=,MzxYnWFa3u6P8dcth14hkyWZrNU=
-5,-300,o898SgFhEJ2o5jmw2tyGxfLmtd4=,MzxYnWFa3u6P8dcth14hkyWZrNU=
-12,-299,o898SgFhEJ2o5jmw2tyGxfLmtd4=,MzxYnWFa3u6P8dcth14hkyWZrNU=
-1,-300,o898SgFhEJ2o5jmw2tyGxfLmtd4=,MzxYnWFa3u6P8dcth14hkyWZrNU=
-14,-299,o898SgFhEJ2o5jmw2tyGxfLmtd4=,MzxYnWFa3u6P8dcth14hkyWZrNU=
-9,-300,o898SgFhEJ2o5jmw2tyGxfLmtd4=,MzxYnWFa3u6P8dcth14hkyWZrNU=
-10,-300,o898SgFhEJ2o5jmw2tyGxfLmtd4=,MzxYnWFa3u6P8dcth14hkyWZrNU=
-11,-300,o898SgFhEJ2o5jmw2tyGxfLmtd4=,MzxYnWFa3u6P8dcth14hkyWZrNU=
-12,-300,o898SgFhEJ2o5jmw2tyGxfLmtd4=,MzxYnWFa3u6P8dcth14hkyWZrNU=
-13,-300,o898SgFhEJ2o5jmw2tyGxfLmtd4=,MzxYnWFa3u6P8dcth14hkyWZrNU=
-14,-300,o898SgFhEJ2o5jmw2tyGxfLmtd4=,MzxYnWFa3u6P8dcth14hkyWZrNU=
-15,-300,o898SgFhEJ2o5jmw2tyGxfLmtd4=,MzxYnWFa3u6P8dcth14hkyWZrNU=
-16,-300,o898SgFhEJ2o5jmw2tyGxfLmtd4=,MzxYnWFa3u6P8dcth14hkyWZrNU=
-1,-301,o898SgFhEJ2o5jmw2tyGxfLmtd4=,MzxYnWFa3u6P8dcth14hkyWZrNU=
-2,-301,o898SgFhEJ2o5jmw2tyGxfLmtd4=,MzxYnWFa3u6P8dcth14hkyWZrNU=
-2,-300,o898SgFhEJ2o5jmw2tyGxfLmtd4=,MzxYnWFa3u6P8dcth14hkyWZrNU=
-4,-301,o898SgFhEJ2o5jmw2tyGxfLmtd4=,MzxYnWFa3u6P8dcth14hkyWZrNU=
-5,-301,o898SgFhEJ2o5jmw2tyGxfLmtd4=,MzxYnWFa3u6P8dcth14hkyWZrNU=
-6,-301,o898SgFhEJ2o5jmw2tyGxfLmtd4=,MzxYnWFa3u6P8dcth14hkyWZrNU=
-3,-300,o898SgFhEJ2o5jmw2tyGxfLmtd4=,MzxYnWFa3u6P8dcth14hkyWZrNU=
-4,-300,o898SgFhEJ2o5jmw2tyGxfLmtd4=,MzxYnWFa3u6P8dcth14hkyWZrNU=
-9,-301,o898SgFhEJ2o5jmw2tyGxfLmtd4=,MzxYnWFa3u6P8dcth14hkyWZrNU=
-10,-301,o898SgFhEJ2o5jmw2tyGxfLmtd4=,MzxYnWFa3u6P8dcth14hkyWZrNU=
-11,-301,o898SgFhEJ2o5jmw2tyGxfLmtd4=,MzxYnWFa3u6P8dcth14hkyWZrNU=
-12,-301,o898SgFhEJ2o5jmw2tyGxfLmtd4=,MzxYnWFa3u6P8dcth14hkyWZrNU=
-13,-301,o898SgFhEJ2o5jmw2tyGxfLmtd4=,MzxYnWFa3u6P8dcth14hkyWZrNU=
-14,-301,o898SgFhEJ2o5jmw2tyGxfLmtd4=,MzxYnWFa3u6P8dcth14hkyWZrNU=
-15,-301,o898SgFhEJ2o5jmw2tyGxfLmtd4=,MzxYnWFa3u6P8dcth14hkyWZrNU=
-16,-301,o898SgFhEJ2o5jmw2tyGxfLmtd4=,MzxYnWFa3u6P8dcth14hkyWZrNU=
-1,-302,o898SgFhEJ2o5jmw2tyGxfLmtd4=,MzxYnWFa3u6P8dcth14hkyWZrNU=
-2,-302,o898SgFhEJ2o5jmw2tyGxfLmtd4=,MzxYnWFa3u6P8dcth14hkyWZrNU=
-3,-302,o898SgFhEJ2o5jmw2tyGxfLmtd4=,MzxYnWFa3u6P8dcth14hkyWZrNU=
-4,-302,o898SgFhEJ2o5jmw2tyGxfLmtd4=,MzxYnWFa3u6P8dcth14hkyWZrNU=
-6,-300,o898SgFhEJ2o5jmw2tyGxfLmtd4=,MzxYnWFa3u6P8dcth14hkyWZrNU=
-6,-302,o898SgFhEJ2o5jmw2tyGxfLmtd4=,MzxYnWFa3u6P8dcth14hkyWZrNU=
-7,-302,o898SgFhEJ2o5jmw2tyGxfLmtd4=,MzxYnWFa3u6P8dcth14hkyWZrNU=
-8,-302,o898SgFhEJ2o5jmw2tyGxfLmtd4=,MzxYnWFa3u6P8dcth14hkyWZrNU=
-9,-302,o898SgFhEJ2o5jmw2tyGxfLmtd4=,MzxYnWFa3u6P8dcth14hkyWZrNU=
-7,-300,o898SgFhEJ2o5jmw2tyGxfLmtd4=,MzxYnWFa3u6P8dcth14hkyWZrNU=
-8,-300,o898SgFhEJ2o5jmw2tyGxfLmtd4=,MzxYnWFa3u6P8dcth14hkyWZrNU=
-12,-302,o898SgFhEJ2o5jmw2tyGxfLmtd4=,MzxYnWFa3u6P8dcth14hkyWZrNU=
-13,-302,o898SgFhEJ2o5jmw2tyGxfLmtd4=,MzxYnWFa3u6P8dcth14hkyWZrNU=
-14,-302,o898SgFhEJ2o5jmw2tyGxfLmtd4=,MzxYnWFa3u6P8dcth14hkyWZrNU=
-15,-302,o898SgFhEJ2o5jmw2tyGxfLmtd4=,MzxYnWFa3u6P8dcth14hkyWZrNU=
-16,-302,o898SgFhEJ2o5jmw2tyGxfLmtd4=,MzxYnWFa3u6P8dcth14hkyWZrNU=
-1,-303,o898SgFhEJ2o5jmw2tyGxfLmtd4=,MzxYnWFa3u6P8dcth14hkyWZrNU=
-2,-303,o898SgFhEJ2o5jmw2tyGxfLmtd4=,MzxYnWFa3u6P8dcth14hkyWZrNU=
-3,-301,o898SgFhEJ2o5jmw2tyGxfLmtd4=,MzxYnWFa3u6P8dcth14hkyWZrNU=
-4,-303,o898SgFhEJ2o5jmw2tyGxfLmtd4=,MzxYnWFa3u6P8dcth14hkyWZrNU=
-5,-303,o898SgFhEJ2o5jmw2tyGxfLmtd4=,MzxYnWFa3u6P8dcth14hkyWZrNU=
-6,-303,o898SgFhEJ2o5jmw2tyGxfLmtd4=,MzxYnWFa3u6P8dcth14hkyWZrNU=
-7,-303,o898SgFhEJ2o5jmw2tyGxfLmtd4=,MzxYnWFa3u6P8dcth14hkyWZrNU=
-7,-301,o898SgFhEJ2o5jmw2tyGxfLmtd4=,MzxYnWFa3u6P8dcth14hkyWZrNU=
-5,-302,o898SgFhEJ2o5jmw2tyGxfLmtd4=,MzxYnWFa3u6P8dcth14hkyWZrNU=
-11,-302,o898SgFhEJ2o5jmw2tyGxfLmtd4=,MzxYnWFa3u6P8dcth14hkyWZrNU=
-8,-301,o898SgFhEJ2o5jmw2tyGxfLmtd4=,MzxYnWFa3u6P8dcth14hkyWZrNU=
-10,-302,o898SgFhEJ2o5jmw2tyGxfLmtd4=,MzxYnWFa3u6P8dcth14hkyWZrNU=
-13,-303,o898SgFhEJ2o5jmw2tyGxfLmtd4=,MzxYnWFa3u6P8dcth14hkyWZrNU=
-14,-303,o898SgFhEJ2o5jmw2tyGxfLmtd4=,MzxYnWFa3u6P8dcth14hkyWZrNU=
-15,-303,o898SgFhEJ2o5jmw2tyGxfLmtd4=,MzxYnWFa3u6P8dcth14hkyWZrNU=
-8,-303,o898SgFhEJ2o5jmw2tyGxfLmtd4=,MzxYnWFa3u6P8dcth14hkyWZrNU=
-11,-303,o898SgFhEJ2o5jmw2tyGxfLmtd4=,MzxYnWFa3u6P8dcth14hkyWZrNU=
-3,-303,o898SgFhEJ2o5jmw2tyGxfLmtd4=,MzxYnWFa3u6P8dcth14hkyWZrNU=
-10,-303,o898SgFhEJ2o5jmw2tyGxfLmtd4=,MzxYnWFa3u6P8dcth14hkyWZrNU=
-9,-303,o898SgFhEJ2o5jmw2tyGxfLmtd4=,MzxYnWFa3u6P8dcth14hkyWZrNU=
-14,-290,o898SgFhEJ2o5jmw2tyGxfLmtd4=,MzxYnWFa3u6P8dcth14hkyWZrNU=
-12,-303,o898SgFhEJ2o5jmw2tyGxfLmtd4=,MzxYnWFa3u6P8dcth14hkyWZrNU=
