-17,129,dAwabmhzwx4PrWIhha0uiAQEWWg=,n51hjRA/01I5Riz5WdR0BZ6+3Eo=
-17,128,dAwabmhzwx4PrWIhha0uiAQEWWg=,n51hjRA/01I5Riz5WdR0BZ6+3Eo=
-18,129,dAwabmhzwx4PrWIhha0uiAQEWWg=,n51hjRA/01I5Riz5WdR0BZ6+3Eo=
-18,143,dAwabmhzwx4PrWIhha0uiAQEWWg=,n51hjRA/01I5Riz5WdR0BZ6+3Eo=
-17,143,dAwabmhzwx4PrWIhha0uiAQEWWg=,n51hjRA/01I5Riz5WdR0BZ6+3Eo=
-21,143,dAwabmhzwx4PrWIhha0uiAQEWWg=,n51hjRA/01I5Riz5WdR0BZ6+3Eo=
-23,143,mz591vcx8KhV1P7Gv8t8ogddVko=,n51hjRA/01I5Riz5WdR0BZ6+3Eo=
-26,143,mz591vcx8KhV1P7Gv8t8ogddVko=,n51hjRA/01I5Riz5WdR0BZ6+3Eo=
-25,143,mz591vcx8KhV1P7Gv8t8ogddVko=,n51hjRA/01I5Riz5WdR0BZ6+3Eo=
-27,143,mz591vcx8KhV1P7Gv8t8ogddVko=,n51hjRA/01I5Riz5WdR0BZ6+3Eo=
-24,143,mz591vcx8KhV1P7Gv8t8ogddVko=,n51hjRA/01I5Riz5WdR0BZ6+3Eo=
-28,143,mz591vcx8KhV1P7Gv8t8ogddVko=,n51hjRA/01I5Riz5WdR0BZ6+3Eo=
-29,143,mz591vcx8KhV1P7Gv8t8ogddVko=,n51hjRA/01I5Riz5WdR0BZ6+3Eo=
-30,143,mz591vcx8KhV1P7Gv8t8ogddVko=,n51hjRA/01I5Riz5WdR0BZ6+3Eo=
-18,128,mz591vcx8KhV1P7Gv8t8ogddVko=,n51hjRA/01I5Riz5WdR0BZ6+3Eo=
-31,143,mz591vcx8KhV1P7Gv8t8ogddVko=,n51hjRA/01I5Riz5WdR0BZ6+3Eo=
-32,128,mz591vcx8KhV1P7Gv8t8ogddVko=,n51hjRA/01I5Riz5WdR0BZ6+3Eo=
-20,128,mz591vcx8KhV1P7Gv8t8ogddVko=,n51hjRA/01I5Riz5WdR0BZ6+3Eo=
-21,128,mz591vcx8KhV1P7Gv8t8ogddVko=,n51hjRA/01I5Riz5WdR0BZ6+3Eo=
-22,128,mz591vcx8KhV1P7Gv8t8ogddVko=,n51hjRA/01I5Riz5WdR0BZ6+3Eo=
-19,143,mz591vcx8KhV1P7Gv8t8ogddVko=,n51hjRA/01I5Riz5WdR0BZ6+3Eo=
-20,143,mz591vcx8KhV1P7Gv8t8ogddVko=,n51hjRA/01I5Riz5WdR0BZ6+3Eo=
-22,143,mz591vcx8KhV1P7Gv8t8ogddVko=,n51hjRA/01I5Riz5WdR0BZ6+3Eo=
-23,128,mz591vcx8KhV1P7Gv8t8ogddVko=,n51hjRA/01I5Riz5WdR0BZ6+3Eo=
-19,128,mz591vcx8KhV1P7Gv8t8ogddVko=,n51hjRA/01I5Riz5WdR0BZ6+3Eo=
-24,128,mz591vcx8KhV1P7Gv8t8ogddVko=,n51hjRA/01I5Riz5WdR0BZ6+3Eo=
-29,128,mz591vcx8KhV1P7Gv8t8ogddVko=,n51hjRA/01I5Riz5WdR0BZ6+3Eo=
-26,128,mz591vcx8KhV1P7Gv8t8ogddVko=,n51hjRA/01I5Riz5WdR0BZ6+3Eo=
-27,128,mz591vcx8KhV1P7Gv8t8ogddVko=,n51hjRA/01I5Riz5WdR0BZ6+3Eo=
-28,128,mz591vcx8KhV1P7Gv8t8ogddVko=,n51hjRA/01I5Riz5WdR0BZ6+3Eo=
-25,128,mz591vcx8KhV1P7Gv8t8ogddVko=,n51hjRA/01I5Riz5WdR0BZ6+3Eo=
-17,142,mz591vcx8KhV1P7Gv8t8ogddVko=,n51hjRA/01I5Riz5WdR0BZ6+3Eo=
-18,142,mz591vcx8KhV1P7Gv8t8ogddVko=,n51hjRA/01I5Riz5WdR0BZ6+3Eo=
-19,142,mz591vcx8KhV1P7Gv8t8ogddVko=,n51hjRA/01I5Riz5WdR0BZ6+3Eo=
-32,143,mz591vcx8KhV1P7Gv8t8ogddVko=,n51hjRA/01I5Riz5WdR0BZ6+3Eo=
-21,142,mz591vcx8KhV1P7Gv8t8ogddVko=,n51hjRA/01I5Riz5WdR0BZ6+3Eo=
-22,142,mz591vcx8KhV1P7Gv8t8ogddVko=,n51hjRA/01I5Riz5WdR0BZ6+3Eo=
-31,128,mz591vcx8KhV1P7Gv8t8ogddVko=,n51hjRA/01I5Riz5WdR0BZ6+3Eo=
-24,142,mz591vcx8KhV1P7Gv8t8ogddVko=,n51hjRA/01I5Riz5WdR0BZ6+3Eo=
-25,142,mz591vcx8KhV1P7Gv8t8ogddVko=,n51hjRA/01I5Riz5WdR0BZ6+3Eo=
-26,142,mz591vcx8KhV1P7Gv8t8ogddVko=,n51hjRA/01I5Riz5WdR0BZ6+3Eo=
-27,142,mz591vcx8KhV1P7Gv8t8ogddVko=,n51hjRA/01I5Riz5WdR0BZ6+3Eo=
-28,142,mz591vcx8KhV1P7Gv8t8ogddVko=,n51hjRA/01I5Riz5WdR0BZ6+3Eo=
-29,142,mz591vcx8KhV1P7Gv8t8ogddVko=,n51hjRA/01I5Riz5WdR0BZ6+3Eo=
-30,142,mz591vcx8KhV1P7Gv8t8ogddVko=,n51hjRA/01I5Riz5WdR0BZ6+3Eo=
-20,129,mz591vcx8KhV1P7Gv8t8ogddVko=,n51hjRA/01I5Riz5WdR0BZ6+3Eo=
-19,129,mz591vcx8KhV1P7Gv8t8ogddVko=,n51hjRA/01I5Riz5WdR0BZ6+3Eo=
-30,128,mz591vcx8KhV1P7Gv8t8ogddVko=,n51hjRA/01I5Riz5WdR0BZ6+3Eo=
-17,141,mz591vcx8KhV1P7Gv8t8ogddVko=,n51hjRA/01I5Riz5WdR0BZ6+3Eo=
-18,141,mz591vcx8KhV1P7Gv8t8ogddVko=,n51hjRA/01I5Riz5WdR0BZ6+3Eo=
-19,141,mz591vcx8KhV1P7Gv8t8ogddVko=,n51hjRA/01I5Riz5WdR0BZ6+3Eo=
-20,141,mz591vcx8KhV1P7Gv8t8ogddVko=,n51hjRA/01I5Riz5WdR0BZ6+3Eo=
-21,141,mz591vcx8KhV1P7Gv8t8ogddVko=,n51hjRA/01I5Riz5WdR0BZ6+3Eo=
-22,141,mz591vcx8KhV1P7Gv8t8ogddVko=,n51hjRA/01I5Riz5WdR0BZ6+3Eo=
-23,141,mz591vcx8KhV1P7Gv8t8ogddVko=,n51hjRA/01I5Riz5WdR0BZ6+3Eo=
-24,141,mz591vcx8KhV1P7Gv8t8ogddVko=,n51hjRA/01I5Riz5WdR0BZ6+3Eo=
-25,141,mz591vcx8KhV1P7Gv8t8ogddVko=,n51hjRA/01I5Riz5WdR0BZ6+3Eo=
-26,141,mz591vcx8KhV1P7Gv8t8ogddVko=,n51hjRA/01I5Riz5WdR0BZ6+3Eo=
-27,141,mz591vcx8KhV1P7Gv8t8ogddVko=,n51hjRA/01I5Riz5WdR0BZ6+3Eo=
-28,141,mz591vcx8KhV1P7Gv8t8ogddVko=,n51hjRA/01I5Riz5WdR0BZ6+3Eo=
-29,141,mz591vcx8KhV1P7Gv8t8ogddVko=,n51hjRA/01I5Riz5WdR0BZ6+3Eo=
-20,142,mz591vcx8KhV1P7Gv8t8ogddVko=,n51hjRA/01I5Riz5WdR0BZ6+3Eo=
-30,141,mz591vcx8KhV1P7Gv8t8ogddVko=,n51hjRA/01I5Riz5WdR0BZ6+3Eo=
-31,141,mz591vcx8KhV1P7Gv8t8ogddVko=,n51hjRA/01I5Riz5WdR0BZ6+3Eo=
-32,142,mz591vcx8KhV1P7Gv8t8ogddVko=,n51hjRA/01I5Riz5WdR0BZ6+3Eo=
-17,140,mz591vcx8KhV1P7Gv8t8ogddVko=,n51hjRA/01I5Riz5WdR0BZ6+3Eo=
-18,140,mz591vcx8KhV1P7Gv8t8ogddVko=,n51hjRA/01I5Riz5WdR0BZ6+3Eo=
-19,140,mz591vcx8KhV1P7Gv8t8ogddVko=,n51hjRA/01I5Riz5WdR0BZ6+3Eo=
-20,140,mz591vcx8KhV1P7Gv8t8ogddVko=,n51hjRA/01I5Riz5WdR0BZ6+3Eo=
-21,140,mz591vcx8KhV1P7Gv8t8ogddVko=,n51hjRA/01I5Riz5WdR0BZ6+3Eo=
-22,140,mz591vcx8KhV1P7Gv8t8ogddVko=,n51hjRA/01I5Riz5WdR0BZ6+3Eo=
-32,141,mz591vcx8KhV1P7Gv8t8ogddVko=,n51hjRA/01I5Riz5WdR0BZ6+3Eo=
-31,142,mz591vcx8KhV1P7Gv8t8ogddVko=,n51hjRA/01I5Riz5WdR0BZ6+3Eo=
-25,140,mz591vcx8KhV1P7Gv8t8ogddVko=,n51hjRA/01I5Riz5WdR0BZ6+3Eo=
-23,142,mz591vcx8KhV1P7Gv8t8ogddVko=,n51hjRA/01I5Riz5WdR0BZ6+3Eo=
-21,129,mz591vcx8KhV1P7Gv8t8ogddVko=,n51hjRA/01I5Riz5WdR0BZ6+3Eo=
-28,140,mz591vcx8KhV1P7Gv8t8ogddVko=,n51hjRA/01I5Riz5WdR0BZ6+3Eo=
-22,129,mz591vcx8KhV1P7Gv8t8ogddVko=,n51hjRA/01I5Riz5WdR0BZ6+3Eo=
-29,140,mz591vcx8KhV1P7Gv8t8ogddVko=,n51hjRA/01I5Riz5WdR0BZ6+3Eo=
-30,140,mz591vcx8KhV1P7Gv8t8ogddVko=,n51hjRA/01I5Riz5WdR0BZ6+3Eo=
-31,140,mz591vcx8KhV1P7Gv8t8ogddVko=,n51hjRA/01I5Riz5WdR0BZ6+3Eo=
-32,140,mz591vcx8KhV1P7Gv8t8ogddVko=,n51hjRA/01I5Riz5WdR0BZ6+3Eo=
-17,139,mz591vcx8KhV1P7Gv8t8ogddVko=,n51hjRA/01I5Riz5WdR0BZ6+3Eo=
-18,139,mz591vcx8KhV1P7Gv8t8ogddVko=,n51hjRA/01I5Riz5WdR0BZ6+3Eo=
-19,139,mz591vcx8KhV1P7Gv8t8ogddVko=,n51hjRA/01I5Riz5WdR0BZ6+3Eo=
-20,139,mz591vcx8KhV1P7Gv8t8ogddVko=,n51hjRA/01I5Riz5WdR0BZ6+3Eo=
-21,139,mz591vcx8KhV1P7Gv8t8ogddVko=,n51hjRA/01I5Riz5WdR0BZ6+3Eo=
-22,139,mz591vcx8KhV1P7Gv8t8ogddVko=,n51hjRA/01I5Riz5WdR0BZ6+3Eo=
-24,140,mz591vcx8KhV1P7Gv8t8ogddVko=,n51hjRA/01I5Riz5WdR0BZ6+3Eo=
-23,140,mz591vcx8KhV1P7Gv8t8ogddVko=,n51hjRA/01I5Riz5WdR0BZ6+3Eo=
-26,140,mz591vcx8KhV1P7Gv8t8ogddVko=,n51hjRA/01I5Riz5WdR0BZ6+3Eo=
-27,140,mz591vcx8KhV1P7Gv8t8ogddVko=,n51hjRA/01I5Riz5WdR0BZ6+3Eo=
-27,139,mz591vcx8KhV1P7Gv8t8ogddVko=,n51hjRA/01I5Riz5WdR0BZ6+3Eo=
-24,139,mz591vcx8KhV1P7Gv8t8ogddVko=,n51hjRA/01I5Riz5WdR0BZ6+3Eo=
-28,139,mz591vcx8KhV1P7Gv8t8ogddVko=,n51hjRA/01I5Riz5WdR0BZ6+3Eo=
-29,139,mz591vcx8KhV1P7Gv8t8ogddVko=,n51hjRA/01I5Riz5WdR0BZ6+3Eo=
-30,139,mz591vcx8KhV1P7Gv8t8ogddVko=,n51hjRA/01I5Riz5WdR0BZ6+3Eo=
-31,139,mz591vcx8KhV1P7Gv8t8ogddVko=,n51hjRA/01I5Riz5WdR0BZ6+3Eo=
-32,139,mz591vcx8KhV1P7Gv8t8ogddVko=,n51hjRA/01I5Riz5WdR0BZ6+3Eo=
-17,138,mz591vcx8KhV1P7Gv8t8ogddVko=,n51hjRA/01I5Riz5WdR0BZ6+3Eo=
-18,138,mz591vcx8KhV1P7Gv8t8ogddVko=,n51hjRA/01I5Riz5WdR0BZ6+3Eo=
-23,139,mz591vcx8KhV1P7Gv8t8ogddVko=,n51hjRA/01I5Riz5WdR0BZ6+3Eo=
-20,138,mz591vcx8KhV1P7Gv8t8ogddVko=,n51hjRA/01I5Riz5WdR0BZ6+3Eo=
-21,138,mz591vcx8KhV1P7Gv8t8ogddVko=,n51hjRA/01I5Riz5WdR0BZ6+3Eo=
-25,139,mz591vcx8KhV1P7Gv8t8ogddVko=,n51hjRA/01I5Riz5WdR0BZ6+3Eo=
-23,138,mz591vcx8KhV1P7Gv8t8ogddVko=,n51hjRA/01I5Riz5WdR0BZ6+3Eo=
-26,139,mz591vcx8KhV1P7Gv8t8ogddVko=,n51hjRA/01I5Riz5WdR0BZ6+3Eo=
-25,138,mz591vcx8KhV1P7Gv8t8ogddVko=,n51hjRA/01I5Riz5WdR0BZ6+3Eo=
-26,138,mz591vcx8KhV1P7Gv8t8ogddVko=,n51hjRA/01I5Riz5WdR0BZ6+3Eo=
-23,129,mz591vcx8KhV1P7Gv8t8ogddVko=,n51hjRA/01I5Riz5WdR0BZ6+3Eo=
-27,138,mz591vcx8KhV1P7Gv8t8ogddVko=,n51hjRA/01I5Riz5WdR0BZ6+3Eo=
-28,138,mz591vcx8KhV1P7Gv8t8ogddVko=,n51hjRA/01I5Riz5WdR0BZ6+3Eo=
-29,138,mz591vcx8KhV1P7Gv8t8ogddVko=,n51hjRA/01I5Riz5WdR0BZ6+3Eo=
-30,138,mz591vcx8KhV1P7Gv8t8ogddVko=,n51hjRA/01I5Riz5WdR0BZ6+3Eo=
-31,138,mz591vcx8KhV1P7Gv8t8ogddVko=,n51hjRA/01I5Riz5WdR0BZ6+3Eo=
-32,138,mz591vcx8KhV1P7Gv8t8ogddVko=,n51hjRA/01I5Riz5WdR0BZ6+3Eo=
-17,137,mz591vcx8KhV1P7Gv8t8ogddVko=,n51hjRA/01I5Riz5WdR0BZ6+3Eo=
-18,137,mz591vcx8KhV1P7Gv8t8ogddVko=,n51hjRA/01I5Riz5WdR0BZ6+3Eo=
-19,137,mz591vcx8KhV1P7Gv8t8ogddVko=,n51hjRA/01I5Riz5WdR0BZ6+3Eo=
-20,137,mz591vcx8KhV1P7Gv8t8ogddVko=,n51hjRA/01I5Riz5WdR0BZ6+3Eo=
-21,137,mz591vcx8KhV1P7Gv8t8ogddVko=,n51hjRA/01I5Riz5WdR0BZ6+3Eo=
-22,138,mz591vcx8KhV1P7Gv8t8ogddVko=,n51hjRA/01I5Riz5WdR0BZ6+3Eo=
-23,137,mz591vcx8KhV1P7Gv8t8ogddVko=,n51hjRA/01I5Riz5WdR0BZ6+3Eo=
-24,129,mz591vcx8KhV1P7Gv8t8ogddVko=,n51hjRA/01I5Riz5WdR0BZ6+3Eo=
-24,138,mz591vcx8KhV1P7Gv8t8ogddVko=,n51hjRA/01I5Riz5WdR0BZ6+3Eo=
-26,137,mz591vcx8KhV1P7Gv8t8ogddVko=,n51hjRA/01I5Riz5WdR0BZ6+3Eo=
-27,137,mz591vcx8KhV1P7Gv8t8ogddVko=,n51hjRA/01I5Riz5WdR0BZ6+3Eo=
-28,137,mz591vcx8KhV1P7Gv8t8ogddVko=,n51hjRA/01I5Riz5WdR0BZ6+3Eo=
-29,137,mz591vcx8KhV1P7Gv8t8ogddVko=,n51hjRA/01I5Riz5WdR0BZ6+3Eo=
-30,137,mz591vcx8KhV1P7Gv8t8ogddVko=,n51hjRA/01I5Riz5WdR0BZ6+3Eo=
-31,137,mz591vcx8KhV1P7Gv8t8ogddVko=,n51hjRA/01I5Riz5WdR0BZ6+3Eo=
-19,138,mz591vcx8KhV1P7Gv8t8ogddVko=,n51hjRA/01I5Riz5WdR0BZ6+3Eo=
-32,137,mz591vcx8KhV1P7Gv8t8ogddVko=,n51hjRA/01I5Riz5WdR0BZ6+3Eo=
-22,137,mz591vcx8KhV1P7Gv8t8ogddVko=,n51hjRA/01I5Riz5WdR0BZ6+3Eo=
-19,136,mz591vcx8KhV1P7Gv8t8ogddVko=,n51hjRA/01I5Riz5WdR0BZ6+3Eo=
-20,136,mz591vcx8KhV1P7Gv8t8ogddVko=,n51hjRA/01I5Riz5WdR0BZ6+3Eo=
-21,136,mz591vcx8KhV1P7Gv8t8ogddVko=,n51hjRA/01I5Riz5WdR0BZ6+3Eo=
-22,136,mz591vcx8KhV1P7Gv8t8ogddVko=,n51hjRA/01I5Riz5WdR0BZ6+3Eo=
-23,136,mz591vcx8KhV1P7Gv8t8ogddVko=,n51hjRA/01I5Riz5WdR0BZ6+3Eo=
-24,137,mz591vcx8KhV1P7Gv8t8ogddVko=,n51hjRA/01I5Riz5WdR0BZ6+3Eo=
-25,129,mz591vcx8KhV1P7Gv8t8ogddVko=,n51hjRA/01I5Riz5WdR0BZ6+3Eo=
-26,129,mz591vcx8KhV1P7Gv8t8ogddVko=,n51hjRA/01I5Riz5WdR0BZ6+3Eo=
-17,136,mz591vcx8KhV1P7Gv8t8ogddVko=,n51hjRA/01I5Riz5WdR0BZ6+3Eo=
-24,136,mz591vcx8KhV1P7Gv8t8ogddVko=,n51hjRA/01I5Riz5WdR0BZ6+3Eo=
-28,136,mz591vcx8KhV1P7Gv8t8ogddVko=,n51hjRA/01I5Riz5WdR0BZ6+3Eo=
-27,136,mz591vcx8KhV1P7Gv8t8ogddVko=,n51hjRA/01I5Riz5WdR0BZ6+3Eo=
-29,136,mz591vcx8KhV1P7Gv8t8ogddVko=,n51hjRA/01I5Riz5WdR0BZ6+3Eo=
-31,136,mz591vcx8KhV1P7Gv8t8ogddVko=,n51hjRA/01I5Riz5WdR0BZ6+3Eo=
-30,136,mz591vcx8KhV1P7Gv8t8ogddVko=,n51hjRA/01I5Riz5WdR0BZ6+3Eo=
-32,136,mz591vcx8KhV1P7Gv8t8ogddVko=,n51hjRA/01I5Riz5WdR0BZ6+3Eo=
-17,135,mz591vcx8KhV1P7Gv8t8ogddVko=,n51hjRA/01I5Riz5WdR0BZ6+3Eo=
-18,135,mz591vcx8KhV1P7Gv8t8ogddVko=,n51hjRA/01I5Riz5WdR0BZ6+3Eo=
-19,135,mz591vcx8KhV1P7Gv8t8ogddVko=,n51hjRA/01I5Riz5WdR0BZ6+3Eo=
-20,135,mz591vcx8KhV1P7Gv8t8ogddVko=,n51hjRA/01I5Riz5WdR0BZ6+3Eo=
-21,135,mz591vcx8KhV1P7Gv8t8ogddVko=,n51hjRA/01I5Riz5WdR0BZ6+3Eo=
-22,135,mz591vcx8KhV1P7Gv8t8ogddVko=,n51hjRA/01I5Riz5WdR0BZ6+3Eo=
-23,135,mz591vcx8KhV1P7Gv8t8ogddVko=,n51hjRA/01I5Riz5WdR0BZ6+3Eo=
-24,135,mz591vcx8KhV1P7Gv8t8ogddVko=,n51hjRA/01I5Riz5WdR0BZ6+3Eo=
-25,136,mz591vcx8KhV1P7Gv8t8ogddVko=,n51hjRA/01I5Riz5WdR0BZ6+3Eo=
-25,135,mz591vcx8KhV1P7Gv8t8ogddVko=,n51hjRA/01I5Riz5WdR0BZ6+3Eo=
-27,135,mz591vcx8KhV1P7Gv8t8ogddVko=,n51hjRA/01I5Riz5WdR0BZ6+3Eo=
-28,135,mz591vcx8KhV1P7Gv8t8ogddVko=,n51hjRA/01I5Riz5WdR0BZ6+3Eo=
-29,135,mz591vcx8KhV1P7Gv8t8ogddVko=,n51hjRA/01I5Riz5WdR0BZ6+3Eo=
-30,135,mz591vcx8KhV1P7Gv8t8ogddVko=,n51hjRA/01I5Riz5WdR0BZ6+3Eo=
-31,135,mz591vcx8KhV1P7Gv8t8ogddVko=,n51hjRA/01I5Riz5WdR0BZ6+3Eo=
-32,135,mz591vcx8KhV1P7Gv8t8ogddVko=,n51hjRA/01I5Riz5WdR0BZ6+3Eo=
-17,134,mz591vcx8KhV1P7Gv8t8ogddVko=,n51hjRA/01I5Riz5WdR0BZ6+3Eo=
-26,136,mz591vcx8KhV1P7Gv8t8ogddVko=,n51hjRA/01I5Riz5WdR0BZ6+3Eo=
-18,136,mz591vcx8KhV1P7Gv8t8ogddVko=,n51hjRA/01I5Riz5WdR0BZ6+3Eo=
-18,134,mz591vcx8KhV1P7Gv8t8ogddVko=,n51hjRA/01I5Riz5WdR0BZ6+3Eo=
-19,134,mz591vcx8KhV1P7Gv8t8ogddVko=,n51hjRA/01I5Riz5WdR0BZ6+3Eo=
-22,134,mz591vcx8KhV1P7Gv8t8ogddVko=,n51hjRA/01I5Riz5WdR0BZ6+3Eo=
-27,129,mz591vcx8KhV1P7Gv8t8ogddVko=,n51hjRA/01I5Riz5WdR0BZ6+3Eo=
-23,134,mz591vcx8KhV1P7Gv8t8ogddVko=,n51hjRA/01I5Riz5WdR0BZ6+3Eo=
-24,134,mz591vcx8KhV1P7Gv8t8ogddVko=,n51hjRA/01I5Riz5WdR0BZ6+3Eo=
-25,134,mz591vcx8KhV1P7Gv8t8ogddVko=,n51hjRA/01I5Riz5WdR0BZ6+3Eo=
-26,134,mz591vcx8KhV1P7Gv8t8ogddVko=,n51hjRA/01I5Riz5WdR0BZ6+3Eo=
-27,134,mz591vcx8KhV1P7Gv8t8ogddVko=,n51hjRA/01I5Riz5WdR0BZ6+3Eo=
-28,134,mz591vcx8KhV1P7Gv8t8ogddVko=,n51hjRA/01I5Riz5WdR0BZ6+3Eo=
-29,134,mz591vcx8KhV1P7Gv8t8ogddVko=,n51hjRA/01I5Riz5WdR0BZ6+3Eo=
-30,134,mz591vcx8KhV1P7Gv8t8ogddVko=,n51hjRA/01I5Riz5WdR0BZ6+3Eo=
-31,134,mz591vcx8KhV1P7Gv8t8ogddVko=,n51hjRA/01I5Riz5WdR0BZ6+3Eo=
-32,134,mz591vcx8KhV1P7Gv8t8ogddVko=,n51hjRA/01I5Riz5WdR0BZ6+3Eo=
-20,134,mz591vcx8KhV1P7Gv8t8ogddVko=,n51hjRA/01I5Riz5WdR0BZ6+3Eo=
-17,133,mz591vcx8KhV1P7Gv8t8ogddVko=,n51hjRA/01I5Riz5WdR0BZ6+3Eo=
-26,135,mz591vcx8KhV1P7Gv8t8ogddVko=,n51hjRA/01I5Riz5WdR0BZ6+3Eo=
-20,133,mz591vcx8KhV1P7Gv8t8ogddVko=,n51hjRA/01I5Riz5WdR0BZ6+3Eo=
-21,133,mz591vcx8KhV1P7Gv8t8ogddVko=,n51hjRA/01I5Riz5WdR0BZ6+3Eo=
-21,134,mz591vcx8KhV1P7Gv8t8ogddVko=,n51hjRA/01I5Riz5WdR0BZ6+3Eo=
-22,133,mz591vcx8KhV1P7Gv8t8ogddVko=,n51hjRA/01I5Riz5WdR0BZ6+3Eo=
-23,133,mz591vcx8KhV1P7Gv8t8ogddVko=,n51hjRA/01I5Riz5WdR0BZ6+3Eo=
-19,133,mz591vcx8KhV1P7Gv8t8ogddVko=,n51hjRA/01I5Riz5WdR0BZ6+3Eo=
-25,133,mz591vcx8KhV1P7Gv8t8ogddVko=,n51hjRA/01I5Riz5WdR0BZ6+3Eo=
-26,133,mz591vcx8KhV1P7Gv8t8ogddVko=,n51hjRA/01I5Riz5WdR0BZ6+3Eo=
-27,133,mz591vcx8KhV1P7Gv8t8ogddVko=,n51hjRA/01I5Riz5WdR0BZ6+3Eo=
-28,133,mz591vcx8KhV1P7Gv8t8ogddVko=,n51hjRA/01I5Riz5WdR0BZ6+3Eo=
-18,133,mz591vcx8KhV1P7Gv8t8ogddVko=,n51hjRA/01I5Riz5WdR0BZ6+3Eo=
-29,133,mz591vcx8KhV1P7Gv8t8ogddVko=,n51hjRA/01I5Riz5WdR0BZ6+3Eo=
-30,133,mz591vcx8KhV1P7Gv8t8ogddVko=,n51hjRA/01I5Riz5WdR0BZ6+3Eo=
-31,133,mz591vcx8KhV1P7Gv8t8ogddVko=,n51hjRA/01I5Riz5WdR0BZ6+3Eo=
-32,133,mz591vcx8KhV1P7Gv8t8ogddVko=,n51hjRA/01I5Riz5WdR0BZ6+3Eo=
-17,132,mz591vcx8KhV1P7Gv8t8ogddVko=,n51hjRA/01I5Riz5WdR0BZ6+3Eo=
-18,132,mz591vcx8KhV1P7Gv8t8ogddVko=,n51hjRA/01I5Riz5WdR0BZ6+3Eo=
-19,132,mz591vcx8KhV1P7Gv8t8ogddVko=,n51hjRA/01I5Riz5WdR0BZ6+3Eo=
-20,132,mz591vcx8KhV1P7Gv8t8ogddVko=,n51hjRA/01I5Riz5WdR0BZ6+3Eo=
-21,132,mz591vcx8KhV1P7Gv8t8ogddVko=,n51hjRA/01I5Riz5WdR0BZ6+3Eo=
-22,132,mz591vcx8KhV1P7Gv8t8ogddVko=,n51hjRA/01I5Riz5WdR0BZ6+3Eo=
-23,132,mz591vcx8KhV1P7Gv8t8ogddVko=,n51hjRA/01I5Riz5WdR0BZ6+3Eo=
-24,132,mz591vcx8KhV1P7Gv8t8ogddVko=,n51hjRA/01I5Riz5WdR0BZ6+3Eo=
-25,132,mz591vcx8KhV1P7Gv8t8ogddVko=,n51hjRA/01I5Riz5WdR0BZ6+3Eo=
-26,132,mz591vcx8KhV1P7Gv8t8ogddVko=,n51hjRA/01I5Riz5WdR0BZ6+3Eo=
-27,132,mz591vcx8KhV1P7Gv8t8ogddVko=,n51hjRA/01I5Riz5WdR0BZ6+3Eo=
-28,132,mz591vcx8KhV1P7Gv8t8ogddVko=,n51hjRA/01I5Riz5WdR0BZ6+3Eo=
-29,132,mz591vcx8KhV1P7Gv8t8ogddVko=,n51hjRA/01I5Riz5WdR0BZ6+3Eo=
-30,132,mz591vcx8KhV1P7Gv8t8ogddVko=,n51hjRA/01I5Riz5WdR0BZ6+3Eo=
-31,132,mz591vcx8KhV1P7Gv8t8ogddVko=,n51hjRA/01I5Riz5WdR0BZ6+3Eo=
-32,132,mz591vcx8KhV1P7Gv8t8ogddVko=,n51hjRA/01I5Riz5WdR0BZ6+3Eo=
-17,131,mz591vcx8KhV1P7Gv8t8ogddVko=,n51hjRA/01I5Riz5WdR0BZ6+3Eo=
-18,131,mz591vcx8KhV1P7Gv8t8ogddVko=,n51hjRA/01I5Riz5WdR0BZ6+3Eo=
-19,131,mz591vcx8KhV1P7Gv8t8ogddVko=,n51hjRA/01I5Riz5WdR0BZ6+3Eo=
-28,129,mz591vcx8KhV1P7Gv8t8ogddVko=,n51hjRA/01I5Riz5WdR0BZ6+3Eo=
-20,131,mz591vcx8KhV1P7Gv8t8ogddVko=,n51hjRA/01I5Riz5WdR0BZ6+3Eo=
-21,131,mz591vcx8KhV1P7Gv8t8ogddVko=,n51hjRA/01I5Riz5WdR0BZ6+3Eo=
-22,131,mz591vcx8KhV1P7Gv8t8ogddVko=,n51hjRA/01I5Riz5WdR0BZ6+3Eo=
-23,131,mz591vcx8KhV1P7Gv8t8ogddVko=,n51hjRA/01I5Riz5WdR0BZ6+3Eo=
-24,131,mz591vcx8KhV1P7Gv8t8ogddVko=,n51hjRA/01I5Riz5WdR0BZ6+3Eo=
-25,131,mz591vcx8KhV1P7Gv8t8ogddVko=,n51hjRA/01I5Riz5WdR0BZ6+3Eo=
-26,131,mz591vcx8KhV1P7Gv8t8ogddVko=,n51hjRA/01I5Riz5WdR0BZ6+3Eo=
-27,131,mz591vcx8KhV1P7Gv8t8ogddVko=,n51hjRA/01I5Riz5WdR0BZ6+3Eo=
-28,131,mz591vcx8KhV1P7Gv8t8ogddVko=,n51hjRA/01I5Riz5WdR0BZ6+3Eo=
-29,131,mz591vcx8KhV1P7Gv8t8ogddVko=,n51hjRA/01I5Riz5WdR0BZ6+3Eo=
-30,131,mz591vcx8KhV1P7Gv8t8ogddVko=,n51hjRA/01I5Riz5WdR0BZ6+3Eo=
-31,131,mz591vcx8KhV1P7Gv8t8ogddVko=,n51hjRA/01I5Riz5WdR0BZ6+3Eo=
-32,131,mz591vcx8KhV1P7Gv8t8ogddVko=,n51hjRA/01I5Riz5WdR0BZ6+3Eo=
-17,130,mz591vcx8KhV1P7Gv8t8ogddVko=,n51hjRA/01I5Riz5WdR0BZ6+3Eo=
-18,130,mz591vcx8KhV1P7Gv8t8ogddVko=,n51hjRA/01I5Riz5WdR0BZ6+3Eo=
-29,129,mz591vcx8KhV1P7Gv8t8ogddVko=,n51hjRA/01I5Riz5WdR0BZ6+3Eo=
-19,130,mz591vcx8KhV1P7Gv8t8ogddVko=,n51hjRA/01I5Riz5WdR0BZ6+3Eo=
-20,130,mz591vcx8KhV1P7Gv8t8ogddVko=,n51hjRA/01I5Riz5WdR0BZ6+3Eo=
-21,130,mz591vcx8KhV1P7Gv8t8ogddVko=,n51hjRA/01I5Riz5WdR0BZ6+3Eo=
-22,130,mz591vcx8KhV1P7Gv8t8ogddVko=,n51hjRA/01I5Riz5WdR0BZ6+3Eo=
-23,130,mz591vcx8KhV1P7Gv8t8ogddVko=,n51hjRA/01I5Riz5WdR0BZ6+3Eo=
-24,130,mz591vcx8KhV1P7Gv8t8ogddVko=,n51hjRA/01I5Riz5WdR0BZ6+3Eo=
-25,130,mz591vcx8KhV1P7Gv8t8ogddVko=,n51hjRA/01I5Riz5WdR0BZ6+3Eo=
-26,130,mz591vcx8KhV1P7Gv8t8ogddVko=,n51hjRA/01I5Riz5WdR0BZ6+3Eo=
-27,130,mz591vcx8KhV1P7Gv8t8ogddVko=,n51hjRA/01I5Riz5WdR0BZ6+3Eo=
-28,130,mz591vcx8KhV1P7Gv8t8ogddVko=,n51hjRA/01I5Riz5WdR0BZ6+3Eo=
-29,130,mz591vcx8KhV1P7Gv8t8ogddVko=,n51hjRA/01I5Riz5WdR0BZ6+3Eo=
-30,130,mz591vcx8KhV1P7Gv8t8ogddVko=,n51hjRA/01I5Riz5WdR0BZ6+3Eo=
-31,130,mz591vcx8KhV1P7Gv8t8ogddVko=,n51hjRA/01I5Riz5WdR0BZ6+3Eo=
-32,130,mz591vcx8KhV1P7Gv8t8ogddVko=,n51hjRA/01I5Riz5WdR0BZ6+3Eo=
-24,133,mz591vcx8KhV1P7Gv8t8ogddVko=,n51hjRA/01I5Riz5WdR0BZ6+3Eo=
-30,129,mz591vcx8KhV1P7Gv8t8ogddVko=,n51hjRA/01I5Riz5WdR0BZ6+3Eo=
-31,129,mz591vcx8KhV1P7Gv8t8ogddVko=,n51hjRA/01I5Riz5WdR0BZ6+3Eo=
-25,137,mz591vcx8KhV1P7Gv8t8ogddVko=,n51hjRA/01I5Riz5WdR0BZ6+3Eo=
-32,129,mz591vcx8KhV1P7Gv8t8ogddVko=,n51hjRA/01I5Riz5WdR0BZ6+3Eo=
-2,143,mz591vcx8KhV1P7Gv8t8ogddVko=,n51hjRA/01I5Riz5WdR0BZ6+3Eo=
-1,143,mz591vcx8KhV1P7Gv8t8ogddVko=,n51hjRA/01I5Riz5WdR0BZ6+3Eo=
-3,143,mz591vcx8KhV1P7Gv8t8ogddVko=,n51hjRA/01I5Riz5WdR0BZ6+3Eo=
-4,143,mz591vcx8KhV1P7Gv8t8ogddVko=,n51hjRA/01I5Riz5WdR0BZ6+3Eo=
-5,143,mz591vcx8KhV1P7Gv8t8ogddVko=,n51hjRA/01I5Riz5WdR0BZ6+3Eo=
-6,143,mz591vcx8KhV1P7Gv8t8ogddVko=,n51hjRA/01I5Riz5WdR0BZ6+3Eo=
-8,143,mz591vcx8KhV1P7Gv8t8ogddVko=,n51hjRA/01I5Riz5WdR0BZ6+3Eo=
-9,143,mz591vcx8KhV1P7Gv8t8ogddVko=,n51hjRA/01I5Riz5WdR0BZ6+3Eo=
-10,143,mz591vcx8KhV1P7Gv8t8ogddVko=,n51hjRA/01I5Riz5WdR0BZ6+3Eo=
-11,143,mz591vcx8KhV1P7Gv8t8ogddVko=,n51hjRA/01I5Riz5WdR0BZ6+3Eo=
-12,143,mz591vcx8KhV1P7Gv8t8ogddVko=,n51hjRA/01I5Riz5WdR0BZ6+3Eo=
-16,129,mz591vcx8KhV1P7Gv8t8ogddVko=,n51hjRA/01I5Riz5WdR0BZ6+3Eo=
-16,128,mz591vcx8KhV1P7Gv8t8ogddVko=,n51hjRA/01I5Riz5WdR0BZ6+3Eo=
-15,129,mz591vcx8KhV1P7Gv8t8ogddVko=,n51hjRA/01I5Riz5WdR0BZ6+3Eo=
-14,129,mz591vcx8KhV1P7Gv8t8ogddVko=,n51hjRA/01I5Riz5WdR0BZ6+3Eo=
-13,129,mz591vcx8KhV1P7Gv8t8ogddVko=,n51hjRA/01I5Riz5WdR0BZ6+3Eo=
-12,129,mz591vcx8KhV1P7Gv8t8ogddVko=,n51hjRA/01I5Riz5WdR0BZ6+3Eo=
-11,129,SC6y0EIWF8eNsFUrXGCs9+PErWE=,n51hjRA/01I5Riz5WdR0BZ6+3Eo=
-10,129,SC6y0EIWF8eNsFUrXGCs9+PErWE=,n51hjRA/01I5Riz5WdR0BZ6+3Eo=
-15,143,SC6y0EIWF8eNsFUrXGCs9+PErWE=,n51hjRA/01I5Riz5WdR0BZ6+3Eo=
-14,143,SC6y0EIWF8eNsFUrXGCs9+PErWE=,n51hjRA/01I5Riz5WdR0BZ6+3Eo=
-16,143,SC6y0EIWF8eNsFUrXGCs9+PErWE=,n51hjRA/01I5Riz5WdR0BZ6+3Eo=
-2,142,SC6y0EIWF8eNsFUrXGCs9+PErWE=,n51hjRA/01I5Riz5WdR0BZ6+3Eo=
-1,128,SC6y0EIWF8eNsFUrXGCs9+PErWE=,n51hjRA/01I5Riz5WdR0BZ6+3Eo=
-3,142,SC6y0EIWF8eNsFUrXGCs9+PErWE=,n51hjRA/01I5Riz5WdR0BZ6+3Eo=
-4,142,SC6y0EIWF8eNsFUrXGCs9+PErWE=,n51hjRA/01I5Riz5WdR0BZ6+3Eo=
-5,142,SC6y0EIWF8eNsFUrXGCs9+PErWE=,n51hjRA/01I5Riz5WdR0BZ6+3Eo=
-6,142,SC6y0EIWF8eNsFUrXGCs9+PErWE=,n51hjRA/01I5Riz5WdR0BZ6+3Eo=
-8,142,SC6y0EIWF8eNsFUrXGCs9+PErWE=,n51hjRA/01I5Riz5WdR0BZ6+3Eo=
-13,143,SC6y0EIWF8eNsFUrXGCs9+PErWE=,n51hjRA/01I5Riz5WdR0BZ6+3Eo=
-7,143,SC6y0EIWF8eNsFUrXGCs9+PErWE=,n51hjRA/01I5Riz5WdR0BZ6+3Eo=
-1,142,SC6y0EIWF8eNsFUrXGCs9+PErWE=,n51hjRA/01I5Riz5WdR0BZ6+3Eo=
-11,142,SC6y0EIWF8eNsFUrXGCs9+PErWE=,n51hjRA/01I5Riz5WdR0BZ6+3Eo=
-9,142,SC6y0EIWF8eNsFUrXGCs9+PErWE=,n51hjRA/01I5Riz5WdR0BZ6+3Eo=
-9,129,SC6y0EIWF8eNsFUrXGCs9+PErWE=,n51hjRA/01I5Riz5WdR0BZ6+3Eo=
-13,142,SC6y0EIWF8eNsFUrXGCs9+PErWE=,n51hjRA/01I5Riz5WdR0BZ6+3Eo=
-14,142,SC6y0EIWF8eNsFUrXGCs9+PErWE=,n51hjRA/01I5Riz5WdR0BZ6+3Eo=
-15,142,SC6y0EIWF8eNsFUrXGCs9+PErWE=,n51hjRA/01I5Riz5WdR0BZ6+3Eo=
-16,142,SC6y0EIWF8eNsFUrXGCs9+PErWE=,n51hjRA/01I5Riz5WdR0BZ6+3Eo=
-7,142,SC6y0EIWF8eNsFUrXGCs9+PErWE=,n51hjRA/01I5Riz5WdR0BZ6+3Eo=
-10,142,SC6y0EIWF8eNsFUrXGCs9+PErWE=,n51hjRA/01I5Riz5WdR0BZ6+3Eo=
-12,142,SC6y0EIWF8eNsFUrXGCs9+PErWE=,n51hjRA/01I5Riz5WdR0BZ6+3Eo=
-1,141,SC6y0EIWF8eNsFUrXGCs9+PErWE=,n51hjRA/01I5Riz5WdR0BZ6+3Eo=
-2,141,SC6y0EIWF8eNsFUrXGCs9+PErWE=,n51hjRA/01I5Riz5WdR0BZ6+3Eo=
-2,128,SC6y0EIWF8eNsFUrXGCs9+PErWE=,n51hjRA/01I5Riz5WdR0BZ6+3Eo=
-8,129,SC6y0EIWF8eNsFUrXGCs9+PErWE=,n51hjRA/01I5Riz5WdR0BZ6+3Eo=
-3,141,SC6y0EIWF8eNsFUrXGCs9+PErWE=,n51hjRA/01I5Riz5WdR0BZ6+3Eo=
-6,141,SC6y0EIWF8eNsFUrXGCs9+PErWE=,n51hjRA/01I5Riz5WdR0BZ6+3Eo=
-4,141,SC6y0EIWF8eNsFUrXGCs9+PErWE=,n51hjRA/01I5Riz5WdR0BZ6+3Eo=
-7,129,SC6y0EIWF8eNsFUrXGCs9+PErWE=,n51hjRA/01I5Riz5WdR0BZ6+3Eo=
-7,141,SC6y0EIWF8eNsFUrXGCs9+PErWE=,n51hjRA/01I5Riz5WdR0BZ6+3Eo=
-8,141,SC6y0EIWF8eNsFUrXGCs9+PErWE=,n51hjRA/01I5Riz5WdR0BZ6+3Eo=
-5,141,SC6y0EIWF8eNsFUrXGCs9+PErWE=,n51hjRA/01I5Riz5WdR0BZ6+3Eo=
-9,141,SC6y0EIWF8eNsFUrXGCs9+PErWE=,n51hjRA/01I5Riz5WdR0BZ6+3Eo=
-13,141,SC6y0EIWF8eNsFUrXGCs9+PErWE=,n51hjRA/01I5Riz5WdR0BZ6+3Eo=
-14,141,SC6y0EIWF8eNsFUrXGCs9+PErWE=,n51hjRA/01I5Riz5WdR0BZ6+3Eo=
-15,141,SC6y0EIWF8eNsFUrXGCs9+PErWE=,n51hjRA/01I5Riz5WdR0BZ6+3Eo=
-16,141,SC6y0EIWF8eNsFUrXGCs9+PErWE=,n51hjRA/01I5Riz5WdR0BZ6+3Eo=
-6,129,SC6y0EIWF8eNsFUrXGCs9+PErWE=,n51hjRA/01I5Riz5WdR0BZ6+3Eo=
-11,141,SC6y0EIWF8eNsFUrXGCs9+PErWE=,n51hjRA/01I5Riz5WdR0BZ6+3Eo=
-10,141,SC6y0EIWF8eNsFUrXGCs9+PErWE=,n51hjRA/01I5Riz5WdR0BZ6+3Eo=
-3,128,SC6y0EIWF8eNsFUrXGCs9+PErWE=,n51hjRA/01I5Riz5WdR0BZ6+3Eo=
-12,141,SC6y0EIWF8eNsFUrXGCs9+PErWE=,n51hjRA/01I5Riz5WdR0BZ6+3Eo=
-1,140,SC6y0EIWF8eNsFUrXGCs9+PErWE=,n51hjRA/01I5Riz5WdR0BZ6+3Eo=
-5,129,SC6y0EIWF8eNsFUrXGCs9+PErWE=,n51hjRA/01I5Riz5WdR0BZ6+3Eo=
-2,140,SC6y0EIWF8eNsFUrXGCs9+PErWE=,n51hjRA/01I5Riz5WdR0BZ6+3Eo=
-3,140,SC6y0EIWF8eNsFUrXGCs9+PErWE=,n51hjRA/01I5Riz5WdR0BZ6+3Eo=
-5,140,SC6y0EIWF8eNsFUrXGCs9+PErWE=,n51hjRA/01I5Riz5WdR0BZ6+3Eo=
-4,140,SC6y0EIWF8eNsFUrXGCs9+PErWE=,n51hjRA/01I5Riz5WdR0BZ6+3Eo=
-9,140,SC6y0EIWF8eNsFUrXGCs9+PErWE=,n51hjRA/01I5Riz5WdR0BZ6+3Eo=
-10,140,SC6y0EIWF8eNsFUrXGCs9+PErWE=,n51hjRA/01I5Riz5WdR0BZ6+3Eo=
-6,140,SC6y0EIWF8eNsFUrXGCs9+PErWE=,n51hjRA/01I5Riz5WdR0BZ6+3Eo=
-12,140,SC6y0EIWF8eNsFUrXGCs9+PErWE=,n51hjRA/01I5Riz5WdR0BZ6+3Eo=
-13,140,SC6y0EIWF8eNsFUrXGCs9+PErWE=,n51hjRA/01I5Riz5WdR0BZ6+3Eo=
-14,140,SC6y0EIWF8eNsFUrXGCs9+PErWE=,n51hjRA/01I5Riz5WdR0BZ6+3Eo=
-15,140,SC6y0EIWF8eNsFUrXGCs9+PErWE=,n51hjRA/01I5Riz5WdR0BZ6+3Eo=
-16,140,SC6y0EIWF8eNsFUrXGCs9+PErWE=,n51hjRA/01I5Riz5WdR0BZ6+3Eo=
-4,129,SC6y0EIWF8eNsFUrXGCs9+PErWE=,n51hjRA/01I5Riz5WdR0BZ6+3Eo=
-7,140,SC6y0EIWF8eNsFUrXGCs9+PErWE=,n51hjRA/01I5Riz5WdR0BZ6+3Eo=
-11,140,SC6y0EIWF8eNsFUrXGCs9+PErWE=,n51hjRA/01I5Riz5WdR0BZ6+3Eo=
-8,140,SC6y0EIWF8eNsFUrXGCs9+PErWE=,n51hjRA/01I5Riz5WdR0BZ6+3Eo=
-1,139,SC6y0EIWF8eNsFUrXGCs9+PErWE=,n51hjRA/01I5Riz5WdR0BZ6+3Eo=
-3,129,SC6y0EIWF8eNsFUrXGCs9+PErWE=,n51hjRA/01I5Riz5WdR0BZ6+3Eo=
-15,128,SC6y0EIWF8eNsFUrXGCs9+PErWE=,n51hjRA/01I5Riz5WdR0BZ6+3Eo=
-2,139,SC6y0EIWF8eNsFUrXGCs9+PErWE=,n51hjRA/01I5Riz5WdR0BZ6+3Eo=
-4,128,SC6y0EIWF8eNsFUrXGCs9+PErWE=,n51hjRA/01I5Riz5WdR0BZ6+3Eo=
-4,139,SC6y0EIWF8eNsFUrXGCs9+PErWE=,n51hjRA/01I5Riz5WdR0BZ6+3Eo=
-3,139,SC6y0EIWF8eNsFUrXGCs9+PErWE=,n51hjRA/01I5Riz5WdR0BZ6+3Eo=
-6,139,SC6y0EIWF8eNsFUrXGCs9+PErWE=,n51hjRA/01I5Riz5WdR0BZ6+3Eo=
-5,139,SC6y0EIWF8eNsFUrXGCs9+PErWE=,n51hjRA/01I5Riz5WdR0BZ6+3Eo=
-2,129,SC6y0EIWF8eNsFUrXGCs9+PErWE=,n51hjRA/01I5Riz5WdR0BZ6+3Eo=
-7,139,SC6y0EIWF8eNsFUrXGCs9+PErWE=,n51hjRA/01I5Riz5WdR0BZ6+3Eo=
-12,139,SC6y0EIWF8eNsFUrXGCs9+PErWE=,n51hjRA/01I5Riz5WdR0BZ6+3Eo=
-13,139,SC6y0EIWF8eNsFUrXGCs9+PErWE=,n51hjRA/01I5Riz5WdR0BZ6+3Eo=
-14,139,SC6y0EIWF8eNsFUrXGCs9+PErWE=,n51hjRA/01I5Riz5WdR0BZ6+3Eo=
-15,139,SC6y0EIWF8eNsFUrXGCs9+PErWE=,n51hjRA/01I5Riz5WdR0BZ6+3Eo=
-16,139,SC6y0EIWF8eNsFUrXGCs9+PErWE=,n51hjRA/01I5Riz5WdR0BZ6+3Eo=
-8,139,SC6y0EIWF8eNsFUrXGCs9+PErWE=,n51hjRA/01I5Riz5WdR0BZ6+3Eo=
-11,139,SC6y0EIWF8eNsFUrXGCs9+PErWE=,n51hjRA/01I5Riz5WdR0BZ6+3Eo=
-9,139,SC6y0EIWF8eNsFUrXGCs9+PErWE=,n51hjRA/01I5Riz5WdR0BZ6+3Eo=
-1,129,SC6y0EIWF8eNsFUrXGCs9+PErWE=,n51hjRA/01I5Riz5WdR0BZ6+3Eo=
-14,128,SC6y0EIWF8eNsFUrXGCs9+PErWE=,n51hjRA/01I5Riz5WdR0BZ6+3Eo=
-16,130,SC6y0EIWF8eNsFUrXGCs9+PErWE=,n51hjRA/01I5Riz5WdR0BZ6+3Eo=
-15,130,SC6y0EIWF8eNsFUrXGCs9+PErWE=,n51hjRA/01I5Riz5WdR0BZ6+3Eo=
-14,130,SC6y0EIWF8eNsFUrXGCs9+PErWE=,n51hjRA/01I5Riz5WdR0BZ6+3Eo=
-13,130,SC6y0EIWF8eNsFUrXGCs9+PErWE=,n51hjRA/01I5Riz5WdR0BZ6+3Eo=
-12,130,SC6y0EIWF8eNsFUrXGCs9+PErWE=,n51hjRA/01I5Riz5WdR0BZ6+3Eo=
-11,130,SC6y0EIWF8eNsFUrXGCs9+PErWE=,n51hjRA/01I5Riz5WdR0BZ6+3Eo=
-5,128,SC6y0EIWF8eNsFUrXGCs9+PErWE=,n51hjRA/01I5Riz5WdR0BZ6+3Eo=
-2,138,SC6y0EIWF8eNsFUrXGCs9+PErWE=,n51hjRA/01I5Riz5WdR0BZ6+3Eo=
-1,138,SC6y0EIWF8eNsFUrXGCs9+PErWE=,n51hjRA/01I5Riz5WdR0BZ6+3Eo=
-3,138,SC6y0EIWF8eNsFUrXGCs9+PErWE=,n51hjRA/01I5Riz5WdR0BZ6+3Eo=
-10,130,SC6y0EIWF8eNsFUrXGCs9+PErWE=,n51hjRA/01I5Riz5WdR0BZ6+3Eo=
-5,138,SC6y0EIWF8eNsFUrXGCs9+PErWE=,n51hjRA/01I5Riz5WdR0BZ6+3Eo=
-6,138,SC6y0EIWF8eNsFUrXGCs9+PErWE=,n51hjRA/01I5Riz5WdR0BZ6+3Eo=
-4,138,SC6y0EIWF8eNsFUrXGCs9+PErWE=,n51hjRA/01I5Riz5WdR0BZ6+3Eo=
-7,138,SC6y0EIWF8eNsFUrXGCs9+PErWE=,n51hjRA/01I5Riz5WdR0BZ6+3Eo=
-11,138,SC6y0EIWF8eNsFUrXGCs9+PErWE=,n51hjRA/01I5Riz5WdR0BZ6+3Eo=
-12,138,SC6y0EIWF8eNsFUrXGCs9+PErWE=,n51hjRA/01I5Riz5WdR0BZ6+3Eo=
-13,138,SC6y0EIWF8eNsFUrXGCs9+PErWE=,n51hjRA/01I5Riz5WdR0BZ6+3Eo=
-14,138,SC6y0EIWF8eNsFUrXGCs9+PErWE=,n51hjRA/01I5Riz5WdR0BZ6+3Eo=
-15,138,SC6y0EIWF8eNsFUrXGCs9+PErWE=,n51hjRA/01I5Riz5WdR0BZ6+3Eo=
-16,138,SC6y0EIWF8eNsFUrXGCs9+PErWE=,n51hjRA/01I5Riz5WdR0BZ6+3Eo=
-9,130,SC6y0EIWF8eNsFUrXGCs9+PErWE=,n51hjRA/01I5Riz5WdR0BZ6+3Eo=
-8,138,SC6y0EIWF8eNsFUrXGCs9+PErWE=,n51hjRA/01I5Riz5WdR0BZ6+3Eo=
-6,128,SC6y0EIWF8eNsFUrXGCs9+PErWE=,n51hjRA/01I5Riz5WdR0BZ6+3Eo=
-10,138,SC6y0EIWF8eNsFUrXGCs9+PErWE=,n51hjRA/01I5Riz5WdR0BZ6+3Eo=
-9,138,SC6y0EIWF8eNsFUrXGCs9+PErWE=,n51hjRA/01I5Riz5WdR0BZ6+3Eo=
-4,137,SC6y0EIWF8eNsFUrXGCs9+PErWE=,n51hjRA/01I5Riz5WdR0BZ6+3Eo=
-2,137,SC6y0EIWF8eNsFUrXGCs9+PErWE=,n51hjRA/01I5Riz5WdR0BZ6+3Eo=
-1,137,SC6y0EIWF8eNsFUrXGCs9+PErWE=,n51hjRA/01I5Riz5WdR0BZ6+3Eo=
-10,139,SC6y0EIWF8eNsFUrXGCs9+PErWE=,n51hjRA/01I5Riz5WdR0BZ6+3Eo=
-3,137,SC6y0EIWF8eNsFUrXGCs9+PErWE=,n51hjRA/01I5Riz5WdR0BZ6+3Eo=
-7,137,SC6y0EIWF8eNsFUrXGCs9+PErWE=,n51hjRA/01I5Riz5WdR0BZ6+3Eo=
-6,137,SC6y0EIWF8eNsFUrXGCs9+PErWE=,n51hjRA/01I5Riz5WdR0BZ6+3Eo=
-5,137,SC6y0EIWF8eNsFUrXGCs9+PErWE=,n51hjRA/01I5Riz5WdR0BZ6+3Eo=
-13,137,SC6y0EIWF8eNsFUrXGCs9+PErWE=,n51hjRA/01I5Riz5WdR0BZ6+3Eo=
-14,137,SC6y0EIWF8eNsFUrXGCs9+PErWE=,n51hjRA/01I5Riz5WdR0BZ6+3Eo=
-15,137,SC6y0EIWF8eNsFUrXGCs9+PErWE=,n51hjRA/01I5Riz5WdR0BZ6+3Eo=
-9,137,SC6y0EIWF8eNsFUrXGCs9+PErWE=,n51hjRA/01I5Riz5WdR0BZ6+3Eo=
-8,137,SC6y0EIWF8eNsFUrXGCs9+PErWE=,n51hjRA/01I5Riz5WdR0BZ6+3Eo=
-10,137,SC6y0EIWF8eNsFUrXGCs9+PErWE=,n51hjRA/01I5Riz5WdR0BZ6+3Eo=
-16,137,SC6y0EIWF8eNsFUrXGCs9+PErWE=,n51hjRA/01I5Riz5WdR0BZ6+3Eo=
-8,130,SC6y0EIWF8eNsFUrXGCs9+PErWE=,n51hjRA/01I5Riz5WdR0BZ6+3Eo=
-12,137,SC6y0EIWF8eNsFUrXGCs9+PErWE=,n51hjRA/01I5Riz5WdR0BZ6+3Eo=
-11,137,SC6y0EIWF8eNsFUrXGCs9+PErWE=,n51hjRA/01I5Riz5WdR0BZ6+3Eo=
-7,128,SC6y0EIWF8eNsFUrXGCs9+PErWE=,n51hjRA/01I5Riz5WdR0BZ6+3Eo=
-1,136,SC6y0EIWF8eNsFUrXGCs9+PErWE=,n51hjRA/01I5Riz5WdR0BZ6+3Eo=
-5,136,SC6y0EIWF8eNsFUrXGCs9+PErWE=,n51hjRA/01I5Riz5WdR0BZ6+3Eo=
-3,136,SC6y0EIWF8eNsFUrXGCs9+PErWE=,n51hjRA/01I5Riz5WdR0BZ6+3Eo=
-4,136,SC6y0EIWF8eNsFUrXGCs9+PErWE=,n51hjRA/01I5Riz5WdR0BZ6+3Eo=
-7,130,SC6y0EIWF8eNsFUrXGCs9+PErWE=,n51hjRA/01I5Riz5WdR0BZ6+3Eo=
-6,136,SC6y0EIWF8eNsFUrXGCs9+PErWE=,n51hjRA/01I5Riz5WdR0BZ6+3Eo=
-2,136,SC6y0EIWF8eNsFUrXGCs9+PErWE=,n51hjRA/01I5Riz5WdR0BZ6+3Eo=
-8,136,SC6y0EIWF8eNsFUrXGCs9+PErWE=,n51hjRA/01I5Riz5WdR0BZ6+3Eo=
-9,136,SC6y0EIWF8eNsFUrXGCs9+PErWE=,n51hjRA/01I5Riz5WdR0BZ6+3Eo=
-10,136,SC6y0EIWF8eNsFUrXGCs9+PErWE=,n51hjRA/01I5Riz5WdR0BZ6+3Eo=
-15,136,SC6y0EIWF8eNsFUrXGCs9+PErWE=,n51hjRA/01I5Riz5WdR0BZ6+3Eo=
-12,136,SC6y0EIWF8eNsFUrXGCs9+PErWE=,n51hjRA/01I5Riz5WdR0BZ6+3Eo=
-7,136,SC6y0EIWF8eNsFUrXGCs9+PErWE=,n51hjRA/01I5Riz5WdR0BZ6+3Eo=
-6,130,SC6y0EIWF8eNsFUrXGCs9+PErWE=,n51hjRA/01I5Riz5WdR0BZ6+3Eo=
-14,136,SC6y0EIWF8eNsFUrXGCs9+PErWE=,n51hjRA/01I5Riz5WdR0BZ6+3Eo=
-13,136,SC6y0EIWF8eNsFUrXGCs9+PErWE=,n51hjRA/01I5Riz5WdR0BZ6+3Eo=
-11,136,SC6y0EIWF8eNsFUrXGCs9+PErWE=,n51hjRA/01I5Riz5WdR0BZ6+3Eo=
-16,136,SC6y0EIWF8eNsFUrXGCs9+PErWE=,n51hjRA/01I5Riz5WdR0BZ6+3Eo=
-8,128,SC6y0EIWF8eNsFUrXGCs9+PErWE=,n51hjRA/01I5Riz5WdR0BZ6+3Eo=
-1,135,SC6y0EIWF8eNsFUrXGCs9+PErWE=,n51hjRA/01I5Riz5WdR0BZ6+3Eo=
-5,130,SC6y0EIWF8eNsFUrXGCs9+PErWE=,n51hjRA/01I5Riz5WdR0BZ6+3Eo=
-2,135,SC6y0EIWF8eNsFUrXGCs9+PErWE=,n51hjRA/01I5Riz5WdR0BZ6+3Eo=
-3,135,SC6y0EIWF8eNsFUrXGCs9+PErWE=,n51hjRA/01I5Riz5WdR0BZ6+3Eo=
-4,135,SC6y0EIWF8eNsFUrXGCs9+PErWE=,n51hjRA/01I5Riz5WdR0BZ6+3Eo=
-5,135,SC6y0EIWF8eNsFUrXGCs9+PErWE=,n51hjRA/01I5Riz5WdR0BZ6+3Eo=
-6,135,SC6y0EIWF8eNsFUrXGCs9+PErWE=,n51hjRA/01I5Riz5WdR0BZ6+3Eo=
-9,135,SC6y0EIWF8eNsFUrXGCs9+PErWE=,n51hjRA/01I5Riz5WdR0BZ6+3Eo=
-13,135,SC6y0EIWF8eNsFUrXGCs9+PErWE=,n51hjRA/01I5Riz5WdR0BZ6+3Eo=
-14,135,SC6y0EIWF8eNsFUrXGCs9+PErWE=,n51hjRA/01I5Riz5WdR0BZ6+3Eo=
-15,135,SC6y0EIWF8eNsFUrXGCs9+PErWE=,n51hjRA/01I5Riz5WdR0BZ6+3Eo=
-10,135,SC6y0EIWF8eNsFUrXGCs9+PErWE=,n51hjRA/01I5Riz5WdR0BZ6+3Eo=
-7,135,SC6y0EIWF8eNsFUrXGCs9+PErWE=,n51hjRA/01I5Riz5WdR0BZ6+3Eo=
-8,135,SC6y0EIWF8eNsFUrXGCs9+PErWE=,n51hjRA/01I5Riz5WdR0BZ6+3Eo=
-4,130,SC6y0EIWF8eNsFUrXGCs9+PErWE=,n51hjRA/01I5Riz5WdR0BZ6+3Eo=
-16,135,SC6y0EIWF8eNsFUrXGCs9+PErWE=,n51hjRA/01I5Riz5WdR0BZ6+3Eo=
-12,135,SC6y0EIWF8eNsFUrXGCs9+PErWE=,n51hjRA/01I5Riz5WdR0BZ6+3Eo=
-11,135,SC6y0EIWF8eNsFUrXGCs9+PErWE=,n51hjRA/01I5Riz5WdR0BZ6+3Eo=
-1,134,SC6y0EIWF8eNsFUrXGCs9+PErWE=,n51hjRA/01I5Riz5WdR0BZ6+3Eo=
-9,128,SC6y0EIWF8eNsFUrXGCs9+PErWE=,n51hjRA/01I5Riz5WdR0BZ6+3Eo=
-3,130,SC6y0EIWF8eNsFUrXGCs9+PErWE=,n51hjRA/01I5Riz5WdR0BZ6+3Eo=
-2,134,SC6y0EIWF8eNsFUrXGCs9+PErWE=,n51hjRA/01I5Riz5WdR0BZ6+3Eo=
-3,134,SC6y0EIWF8eNsFUrXGCs9+PErWE=,n51hjRA/01I5Riz5WdR0BZ6+3Eo=
-4,134,SC6y0EIWF8eNsFUrXGCs9+PErWE=,n51hjRA/01I5Riz5WdR0BZ6+3Eo=
-6,134,SC6y0EIWF8eNsFUrXGCs9+PErWE=,n51hjRA/01I5Riz5WdR0BZ6+3Eo=
-2,130,SC6y0EIWF8eNsFUrXGCs9+PErWE=,n51hjRA/01I5Riz5WdR0BZ6+3Eo=
-7,134,SC6y0EIWF8eNsFUrXGCs9+PErWE=,n51hjRA/01I5Riz5WdR0BZ6+3Eo=
-5,134,SC6y0EIWF8eNsFUrXGCs9+PErWE=,n51hjRA/01I5Riz5WdR0BZ6+3Eo=
-8,134,SC6y0EIWF8eNsFUrXGCs9+PErWE=,n51hjRA/01I5Riz5WdR0BZ6+3Eo=
-14,134,SC6y0EIWF8eNsFUrXGCs9+PErWE=,n51hjRA/01I5Riz5WdR0BZ6+3Eo=
-9,134,SC6y0EIWF8eNsFUrXGCs9+PErWE=,n51hjRA/01I5Riz5WdR0BZ6+3Eo=
-10,134,SC6y0EIWF8eNsFUrXGCs9+PErWE=,n51hjRA/01I5Riz5WdR0BZ6+3Eo=
-10,128,SC6y0EIWF8eNsFUrXGCs9+PErWE=,n51hjRA/01I5Riz5WdR0BZ6+3Eo=
-1,130,SC6y0EIWF8eNsFUrXGCs9+PErWE=,n51hjRA/01I5Riz5WdR0BZ6+3Eo=
-13,128,SC6y0EIWF8eNsFUrXGCs9+PErWE=,n51hjRA/01I5Riz5WdR0BZ6+3Eo=
-16,131,SC6y0EIWF8eNsFUrXGCs9+PErWE=,n51hjRA/01I5Riz5WdR0BZ6+3Eo=
-15,131,SC6y0EIWF8eNsFUrXGCs9+PErWE=,n51hjRA/01I5Riz5WdR0BZ6+3Eo=
-14,131,SC6y0EIWF8eNsFUrXGCs9+PErWE=,n51hjRA/01I5Riz5WdR0BZ6+3Eo=
-13,131,SC6y0EIWF8eNsFUrXGCs9+PErWE=,n51hjRA/01I5Riz5WdR0BZ6+3Eo=
-15,134,SC6y0EIWF8eNsFUrXGCs9+PErWE=,n51hjRA/01I5Riz5WdR0BZ6+3Eo=
-13,134,SC6y0EIWF8eNsFUrXGCs9+PErWE=,n51hjRA/01I5Riz5WdR0BZ6+3Eo=
-11,134,SC6y0EIWF8eNsFUrXGCs9+PErWE=,n51hjRA/01I5Riz5WdR0BZ6+3Eo=
-16,134,SC6y0EIWF8eNsFUrXGCs9+PErWE=,n51hjRA/01I5Riz5WdR0BZ6+3Eo=
-12,134,SC6y0EIWF8eNsFUrXGCs9+PErWE=,n51hjRA/01I5Riz5WdR0BZ6+3Eo=
-1,133,SC6y0EIWF8eNsFUrXGCs9+PErWE=,n51hjRA/01I5Riz5WdR0BZ6+3Eo=
-12,131,SC6y0EIWF8eNsFUrXGCs9+PErWE=,n51hjRA/01I5Riz5WdR0BZ6+3Eo=
-2,133,SC6y0EIWF8eNsFUrXGCs9+PErWE=,n51hjRA/01I5Riz5WdR0BZ6+3Eo=
-3,133,SC6y0EIWF8eNsFUrXGCs9+PErWE=,n51hjRA/01I5Riz5WdR0BZ6+3Eo=
-6,133,SC6y0EIWF8eNsFUrXGCs9+PErWE=,n51hjRA/01I5Riz5WdR0BZ6+3Eo=
-7,133,SC6y0EIWF8eNsFUrXGCs9+PErWE=,n51hjRA/01I5Riz5WdR0BZ6+3Eo=
-5,133,SC6y0EIWF8eNsFUrXGCs9+PErWE=,n51hjRA/01I5Riz5WdR0BZ6+3Eo=
-4,133,SC6y0EIWF8eNsFUrXGCs9+PErWE=,n51hjRA/01I5Riz5WdR0BZ6+3Eo=
-8,133,SC6y0EIWF8eNsFUrXGCs9+PErWE=,n51hjRA/01I5Riz5WdR0BZ6+3Eo=
-14,133,SC6y0EIWF8eNsFUrXGCs9+PErWE=,n51hjRA/01I5Riz5WdR0BZ6+3Eo=
-15,133,SC6y0EIWF8eNsFUrXGCs9+PErWE=,n51hjRA/01I5Riz5WdR0BZ6+3Eo=
-16,133,SC6y0EIWF8eNsFUrXGCs9+PErWE=,n51hjRA/01I5Riz5WdR0BZ6+3Eo=
-11,131,SC6y0EIWF8eNsFUrXGCs9+PErWE=,n51hjRA/01I5Riz5WdR0BZ6+3Eo=
-10,133,SC6y0EIWF8eNsFUrXGCs9+PErWE=,n51hjRA/01I5Riz5WdR0BZ6+3Eo=
-2,132,SC6y0EIWF8eNsFUrXGCs9+PErWE=,n51hjRA/01I5Riz5WdR0BZ6+3Eo=
-13,133,SC6y0EIWF8eNsFUrXGCs9+PErWE=,n51hjRA/01I5Riz5WdR0BZ6+3Eo=
-9,133,SC6y0EIWF8eNsFUrXGCs9+PErWE=,n51hjRA/01I5Riz5WdR0BZ6+3Eo=
-12,133,SC6y0EIWF8eNsFUrXGCs9+PErWE=,n51hjRA/01I5Riz5WdR0BZ6+3Eo=
-1,132,SC6y0EIWF8eNsFUrXGCs9+PErWE=,n51hjRA/01I5Riz5WdR0BZ6+3Eo=
-11,133,SC6y0EIWF8eNsFUrXGCs9+PErWE=,n51hjRA/01I5Riz5WdR0BZ6+3Eo=
-11,128,SC6y0EIWF8eNsFUrXGCs9+PErWE=,n51hjRA/01I5Riz5WdR0BZ6+3Eo=
-10,131,SC6y0EIWF8eNsFUrXGCs9+PErWE=,n51hjRA/01I5Riz5WdR0BZ6+3Eo=
-3,132,SC6y0EIWF8eNsFUrXGCs9+PErWE=,n51hjRA/01I5Riz5WdR0BZ6+3Eo=
-6,132,SC6y0EIWF8eNsFUrXGCs9+PErWE=,n51hjRA/01I5Riz5WdR0BZ6+3Eo=
-7,132,SC6y0EIWF8eNsFUrXGCs9+PErWE=,n51hjRA/01I5Riz5WdR0BZ6+3Eo=
-4,132,SC6y0EIWF8eNsFUrXGCs9+PErWE=,n51hjRA/01I5Riz5WdR0BZ6+3Eo=
-13,132,SC6y0EIWF8eNsFUrXGCs9+PErWE=,n51hjRA/01I5Riz5WdR0BZ6+3Eo=
-14,132,SC6y0EIWF8eNsFUrXGCs9+PErWE=,n51hjRA/01I5Riz5WdR0BZ6+3Eo=
-15,132,SC6y0EIWF8eNsFUrXGCs9+PErWE=,n51hjRA/01I5Riz5WdR0BZ6+3Eo=
-16,132,SC6y0EIWF8eNsFUrXGCs9+PErWE=,n51hjRA/01I5Riz5WdR0BZ6+3Eo=
-8,132,SC6y0EIWF8eNsFUrXGCs9+PErWE=,n51hjRA/01I5Riz5WdR0BZ6+3Eo=
-5,132,SC6y0EIWF8eNsFUrXGCs9+PErWE=,n51hjRA/01I5Riz5WdR0BZ6+3Eo=
-12,128,SC6y0EIWF8eNsFUrXGCs9+PErWE=,n51hjRA/01I5Riz5WdR0BZ6+3Eo=
-9,132,SC6y0EIWF8eNsFUrXGCs9+PErWE=,n51hjRA/01I5Riz5WdR0BZ6+3Eo=
-9,131,SC6y0EIWF8eNsFUrXGCs9+PErWE=,n51hjRA/01I5Riz5WdR0BZ6+3Eo=
-10,132,SC6y0EIWF8eNsFUrXGCs9+PErWE=,n51hjRA/01I5Riz5WdR0BZ6+3Eo=
-12,132,SC6y0EIWF8eNsFUrXGCs9+PErWE=,n51hjRA/01I5Riz5WdR0BZ6+3Eo=
-1,131,SC6y0EIWF8eNsFUrXGCs9+PErWE=,n51hjRA/01I5Riz5WdR0BZ6+3Eo=
-11,132,SC6y0EIWF8eNsFUrXGCs9+PErWE=,n51hjRA/01I5Riz5WdR0BZ6+3Eo=
-2,131,SC6y0EIWF8eNsFUrXGCs9+PErWE=,n51hjRA/01I5Riz5WdR0BZ6+3Eo=
-3,131,SC6y0EIWF8eNsFUrXGCs9+PErWE=,n51hjRA/01I5Riz5WdR0BZ6+3Eo=
-8,131,SC6y0EIWF8eNsFUrXGCs9+PErWE=,n51hjRA/01I5Riz5WdR0BZ6+3Eo=
-4,131,SC6y0EIWF8eNsFUrXGCs9+PErWE=,n51hjRA/01I5Riz5WdR0BZ6+3Eo=
-7,131,SC6y0EIWF8eNsFUrXGCs9+PErWE=,n51hjRA/01I5Riz5WdR0BZ6+3Eo=
-5,131,SC6y0EIWF8eNsFUrXGCs9+PErWE=,n51hjRA/01I5Riz5WdR0BZ6+3Eo=
-6,131,SC6y0EIWF8eNsFUrXGCs9+PErWE=,n51hjRA/01I5Riz5WdR0BZ6+3Eo=
-17,144,SC6y0EIWF8eNsFUrXGCs9+PErWE=,n51hjRA/01I5Riz5WdR0BZ6+3Eo=
-19,159,SC6y0EIWF8eNsFUrXGCs9+PErWE=,n51hjRA/01I5Riz5WdR0BZ6+3Eo=
-32,144,SC6y0EIWF8eNsFUrXGCs9+PErWE=,n51hjRA/01I5Riz5WdR0BZ6+3Eo=
-20,159,SC6y0EIWF8eNsFUrXGCs9+PErWE=,n51hjRA/01I5Riz5WdR0BZ6+3Eo=
-17,159,UQVGYB2hVwaNxSYVZQvEVecE/2o=,n51hjRA/01I5Riz5WdR0BZ6+3Eo=
-18,159,UQVGYB2hVwaNxSYVZQvEVecE/2o=,n51hjRA/01I5Riz5WdR0BZ6+3Eo=
-21,159,UQVGYB2hVwaNxSYVZQvEVecE/2o=,n51hjRA/01I5Riz5WdR0BZ6+3Eo=
-31,145,UQVGYB2hVwaNxSYVZQvEVecE/2o=,n51hjRA/01I5Riz5WdR0BZ6+3Eo=
-32,145,UQVGYB2hVwaNxSYVZQvEVecE/2o=,n51hjRA/01I5Riz5WdR0BZ6+3Eo=
-30,145,UQVGYB2hVwaNxSYVZQvEVecE/2o=,n51hjRA/01I5Riz5WdR0BZ6+3Eo=
-29,145,UQVGYB2hVwaNxSYVZQvEVecE/2o=,n51hjRA/01I5Riz5WdR0BZ6+3Eo=
-28,145,UQVGYB2hVwaNxSYVZQvEVecE/2o=,n51hjRA/01I5Riz5WdR0BZ6+3Eo=
-27,145,UQVGYB2hVwaNxSYVZQvEVecE/2o=,n51hjRA/01I5Riz5WdR0BZ6+3Eo=
-26,145,UQVGYB2hVwaNxSYVZQvEVecE/2o=,n51hjRA/01I5Riz5WdR0BZ6+3Eo=
-25,145,UQVGYB2hVwaNxSYVZQvEVecE/2o=,n51hjRA/01I5Riz5WdR0BZ6+3Eo=
-24,145,UQVGYB2hVwaNxSYVZQvEVecE/2o=,n51hjRA/01I5Riz5WdR0BZ6+3Eo=
-26,159,UQVGYB2hVwaNxSYVZQvEVecE/2o=,n51hjRA/01I5Riz5WdR0BZ6+3Eo=
-28,159,UQVGYB2hVwaNxSYVZQvEVecE/2o=,n51hjRA/01I5Riz5WdR0BZ6+3Eo=
-29,159,UQVGYB2hVwaNxSYVZQvEVecE/2o=,n51hjRA/01I5Riz5WdR0BZ6+3Eo=
-30,159,UQVGYB2hVwaNxSYVZQvEVecE/2o=,n51hjRA/01I5Riz5WdR0BZ6+3Eo=
-25,159,UQVGYB2hVwaNxSYVZQvEVecE/2o=,n51hjRA/01I5Riz5WdR0BZ6+3Eo=
-18,144,UQVGYB2hVwaNxSYVZQvEVecE/2o=,n51hjRA/01I5Riz5WdR0BZ6+3Eo=
-32,159,UQVGYB2hVwaNxSYVZQvEVecE/2o=,n51hjRA/01I5Riz5WdR0BZ6+3Eo=
-24,159,UQVGYB2hVwaNxSYVZQvEVecE/2o=,n51hjRA/01I5Riz5WdR0BZ6+3Eo=
-23,159,UQVGYB2hVwaNxSYVZQvEVecE/2o=,n51hjRA/01I5Riz5WdR0BZ6+3Eo=
-23,145,UQVGYB2hVwaNxSYVZQvEVecE/2o=,n51hjRA/01I5Riz5WdR0BZ6+3Eo=
-22,159,UQVGYB2hVwaNxSYVZQvEVecE/2o=,n51hjRA/01I5Riz5WdR0BZ6+3Eo=
-27,159,UQVGYB2hVwaNxSYVZQvEVecE/2o=,n51hjRA/01I5Riz5WdR0BZ6+3Eo=
-17,158,UQVGYB2hVwaNxSYVZQvEVecE/2o=,n51hjRA/01I5Riz5WdR0BZ6+3Eo=
-31,159,UQVGYB2hVwaNxSYVZQvEVecE/2o=,n51hjRA/01I5Riz5WdR0BZ6+3Eo=
-19,158,UQVGYB2hVwaNxSYVZQvEVecE/2o=,n51hjRA/01I5Riz5WdR0BZ6+3Eo=
-18,158,UQVGYB2hVwaNxSYVZQvEVecE/2o=,n51hjRA/01I5Riz5WdR0BZ6+3Eo=
-22,145,UQVGYB2hVwaNxSYVZQvEVecE/2o=,n51hjRA/01I5Riz5WdR0BZ6+3Eo=
-23,158,UQVGYB2hVwaNxSYVZQvEVecE/2o=,n51hjRA/01I5Riz5WdR0BZ6+3Eo=
-20,158,UQVGYB2hVwaNxSYVZQvEVecE/2o=,n51hjRA/01I5Riz5WdR0BZ6+3Eo=
-21,158,UQVGYB2hVwaNxSYVZQvEVecE/2o=,n51hjRA/01I5Riz5WdR0BZ6+3Eo=
-28,158,UQVGYB2hVwaNxSYVZQvEVecE/2o=,n51hjRA/01I5Riz5WdR0BZ6+3Eo=
-29,158,UQVGYB2hVwaNxSYVZQvEVecE/2o=,n51hjRA/01I5Riz5WdR0BZ6+3Eo=
-30,158,UQVGYB2hVwaNxSYVZQvEVecE/2o=,n51hjRA/01I5Riz5WdR0BZ6+3Eo=
-22,158,UQVGYB2hVwaNxSYVZQvEVecE/2o=,n51hjRA/01I5Riz5WdR0BZ6+3Eo=
-19,144,UQVGYB2hVwaNxSYVZQvEVecE/2o=,n51hjRA/01I5Riz5WdR0BZ6+3Eo=
-26,158,UQVGYB2hVwaNxSYVZQvEVecE/2o=,n51hjRA/01I5Riz5WdR0BZ6+3Eo=
-27,158,UQVGYB2hVwaNxSYVZQvEVecE/2o=,n51hjRA/01I5Riz5WdR0BZ6+3Eo=
-24,158,UQVGYB2hVwaNxSYVZQvEVecE/2o=,n51hjRA/01I5Riz5WdR0BZ6+3Eo=
-25,158,UQVGYB2hVwaNxSYVZQvEVecE/2o=,n51hjRA/01I5Riz5WdR0BZ6+3Eo=
-31,158,UQVGYB2hVwaNxSYVZQvEVecE/2o=,n51hjRA/01I5Riz5WdR0BZ6+3Eo=
-21,145,UQVGYB2hVwaNxSYVZQvEVecE/2o=,n51hjRA/01I5Riz5WdR0BZ6+3Eo=
-32,158,UQVGYB2hVwaNxSYVZQvEVecE/2o=,n51hjRA/01I5Riz5WdR0BZ6+3Eo=
-17,157,UQVGYB2hVwaNxSYVZQvEVecE/2o=,n51hjRA/01I5Riz5WdR0BZ6+3Eo=
-20,157,UQVGYB2hVwaNxSYVZQvEVecE/2o=,n51hjRA/01I5Riz5WdR0BZ6+3Eo=
-19,157,UQVGYB2hVwaNxSYVZQvEVecE/2o=,n51hjRA/01I5Riz5WdR0BZ6+3Eo=
-20,145,UQVGYB2hVwaNxSYVZQvEVecE/2o=,n51hjRA/01I5Riz5WdR0BZ6+3Eo=
-22,157,UQVGYB2hVwaNxSYVZQvEVecE/2o=,n51hjRA/01I5Riz5WdR0BZ6+3Eo=
-21,157,UQVGYB2hVwaNxSYVZQvEVecE/2o=,n51hjRA/01I5Riz5WdR0BZ6+3Eo=
-18,157,UQVGYB2hVwaNxSYVZQvEVecE/2o=,n51hjRA/01I5Riz5WdR0BZ6+3Eo=
-23,157,UQVGYB2hVwaNxSYVZQvEVecE/2o=,n51hjRA/01I5Riz5WdR0BZ6+3Eo=
-29,157,UQVGYB2hVwaNxSYVZQvEVecE/2o=,n51hjRA/01I5Riz5WdR0BZ6+3Eo=
-30,157,UQVGYB2hVwaNxSYVZQvEVecE/2o=,n51hjRA/01I5Riz5WdR0BZ6+3Eo=
-31,157,UQVGYB2hVwaNxSYVZQvEVecE/2o=,n51hjRA/01I5Riz5WdR0BZ6+3Eo=
-20,144,UQVGYB2hVwaNxSYVZQvEVecE/2o=,n51hjRA/01I5Riz5WdR0BZ6+3Eo=
-26,157,UQVGYB2hVwaNxSYVZQvEVecE/2o=,n51hjRA/01I5Riz5WdR0BZ6+3Eo=
-25,157,UQVGYB2hVwaNxSYVZQvEVecE/2o=,n51hjRA/01I5Riz5WdR0BZ6+3Eo=
-24,157,UQVGYB2hVwaNxSYVZQvEVecE/2o=,n51hjRA/01I5Riz5WdR0BZ6+3Eo=
-27,157,UQVGYB2hVwaNxSYVZQvEVecE/2o=,n51hjRA/01I5Riz5WdR0BZ6+3Eo=
-19,145,UQVGYB2hVwaNxSYVZQvEVecE/2o=,n51hjRA/01I5Riz5WdR0BZ6+3Eo=
-18,145,UQVGYB2hVwaNxSYVZQvEVecE/2o=,n51hjRA/01I5Riz5WdR0BZ6+3Eo=
-17,145,UQVGYB2hVwaNxSYVZQvEVecE/2o=,n51hjRA/01I5Riz5WdR0BZ6+3Eo=
-28,157,UQVGYB2hVwaNxSYVZQvEVecE/2o=,n51hjRA/01I5Riz5WdR0BZ6+3Eo=
-32,157,UQVGYB2hVwaNxSYVZQvEVecE/2o=,n51hjRA/01I5Riz5WdR0BZ6+3Eo=
-17,156,UQVGYB2hVwaNxSYVZQvEVecE/2o=,n51hjRA/01I5Riz5WdR0BZ6+3Eo=
-19,156,UQVGYB2hVwaNxSYVZQvEVecE/2o=,n51hjRA/01I5Riz5WdR0BZ6+3Eo=
-18,156,UQVGYB2hVwaNxSYVZQvEVecE/2o=,n51hjRA/01I5Riz5WdR0BZ6+3Eo=
-20,156,UQVGYB2hVwaNxSYVZQvEVecE/2o=,n51hjRA/01I5Riz5WdR0BZ6+3Eo=
-32,146,UQVGYB2hVwaNxSYVZQvEVecE/2o=,n51hjRA/01I5Riz5WdR0BZ6+3Eo=
-31,144,UQVGYB2hVwaNxSYVZQvEVecE/2o=,n51hjRA/01I5Riz5WdR0BZ6+3Eo=
-31,146,UQVGYB2hVwaNxSYVZQvEVecE/2o=,n51hjRA/01I5Riz5WdR0BZ6+3Eo=
-30,146,UQVGYB2hVwaNxSYVZQvEVecE/2o=,n51hjRA/01I5Riz5WdR0BZ6+3Eo=
-29,146,UQVGYB2hVwaNxSYVZQvEVecE/2o=,n51hjRA/01I5Riz5WdR0BZ6+3Eo=
-28,146,UQVGYB2hVwaNxSYVZQvEVecE/2o=,n51hjRA/01I5Riz5WdR0BZ6+3Eo=
-27,146,UQVGYB2hVwaNxSYVZQvEVecE/2o=,n51hjRA/01I5Riz5WdR0BZ6+3Eo=
-26,146,UQVGYB2hVwaNxSYVZQvEVecE/2o=,n51hjRA/01I5Riz5WdR0BZ6+3Eo=
-23,156,UQVGYB2hVwaNxSYVZQvEVecE/2o=,n51hjRA/01I5Riz5WdR0BZ6+3Eo=
-22,156,UQVGYB2hVwaNxSYVZQvEVecE/2o=,n51hjRA/01I5Riz5WdR0BZ6+3Eo=
-28,156,UQVGYB2hVwaNxSYVZQvEVecE/2o=,n51hjRA/01I5Riz5WdR0BZ6+3Eo=
-25,156,UQVGYB2hVwaNxSYVZQvEVecE/2o=,n51hjRA/01I5Riz5WdR0BZ6+3Eo=
-21,156,UQVGYB2hVwaNxSYVZQvEVecE/2o=,n51hjRA/01I5Riz5WdR0BZ6+3Eo=
-26,156,UQVGYB2hVwaNxSYVZQvEVecE/2o=,n51hjRA/01I5Riz5WdR0BZ6+3Eo=
-21,144,UQVGYB2hVwaNxSYVZQvEVecE/2o=,n51hjRA/01I5Riz5WdR0BZ6+3Eo=
-24,156,UQVGYB2hVwaNxSYVZQvEVecE/2o=,n51hjRA/01I5Riz5WdR0BZ6+3Eo=
-25,146,UQVGYB2hVwaNxSYVZQvEVecE/2o=,n51hjRA/01I5Riz5WdR0BZ6+3Eo=
-24,146,UQVGYB2hVwaNxSYVZQvEVecE/2o=,n51hjRA/01I5Riz5WdR0BZ6+3Eo=
-23,146,UQVGYB2hVwaNxSYVZQvEVecE/2o=,n51hjRA/01I5Riz5WdR0BZ6+3Eo=
-22,146,UQVGYB2hVwaNxSYVZQvEVecE/2o=,n51hjRA/01I5Riz5WdR0BZ6+3Eo=
-27,156,UQVGYB2hVwaNxSYVZQvEVecE/2o=,n51hjRA/01I5Riz5WdR0BZ6+3Eo=
-30,156,UQVGYB2hVwaNxSYVZQvEVecE/2o=,n51hjRA/01I5Riz5WdR0BZ6+3Eo=
-32,156,UQVGYB2hVwaNxSYVZQvEVecE/2o=,n51hjRA/01I5Riz5WdR0BZ6+3Eo=
-29,156,UQVGYB2hVwaNxSYVZQvEVecE/2o=,n51hjRA/01I5Riz5WdR0BZ6+3Eo=
-31,156,UQVGYB2hVwaNxSYVZQvEVecE/2o=,n51hjRA/01I5Riz5WdR0BZ6+3Eo=
-17,155,UQVGYB2hVwaNxSYVZQvEVecE/2o=,n51hjRA/01I5Riz5WdR0BZ6+3Eo=
-21,146,UQVGYB2hVwaNxSYVZQvEVecE/2o=,n51hjRA/01I5Riz5WdR0BZ6+3Eo=
-23,155,UQVGYB2hVwaNxSYVZQvEVecE/2o=,n51hjRA/01I5Riz5WdR0BZ6+3Eo=
-20,155,UQVGYB2hVwaNxSYVZQvEVecE/2o=,n51hjRA/01I5Riz5WdR0BZ6+3Eo=
-19,155,UQVGYB2hVwaNxSYVZQvEVecE/2o=,n51hjRA/01I5Riz5WdR0BZ6+3Eo=
-18,155,UQVGYB2hVwaNxSYVZQvEVecE/2o=,n51hjRA/01I5Riz5WdR0BZ6+3Eo=
-24,155,UQVGYB2hVwaNxSYVZQvEVecE/2o=,n51hjRA/01I5Riz5WdR0BZ6+3Eo=
-21,155,UQVGYB2hVwaNxSYVZQvEVecE/2o=,n51hjRA/01I5Riz5WdR0BZ6+3Eo=
-26,155,UQVGYB2hVwaNxSYVZQvEVecE/2o=,n51hjRA/01I5Riz5WdR0BZ6+3Eo=
-27,155,UQVGYB2hVwaNxSYVZQvEVecE/2o=,n51hjRA/01I5Riz5WdR0BZ6+3Eo=
-22,155,UQVGYB2hVwaNxSYVZQvEVecE/2o=,n51hjRA/01I5Riz5WdR0BZ6+3Eo=
-20,146,UQVGYB2hVwaNxSYVZQvEVecE/2o=,n51hjRA/01I5Riz5WdR0BZ6+3Eo=
-25,155,UQVGYB2hVwaNxSYVZQvEVecE/2o=,n51hjRA/01I5Riz5WdR0BZ6+3Eo=
-28,155,UQVGYB2hVwaNxSYVZQvEVecE/2o=,n51hjRA/01I5Riz5WdR0BZ6+3Eo=
-31,155,UQVGYB2hVwaNxSYVZQvEVecE/2o=,n51hjRA/01I5Riz5WdR0BZ6+3Eo=
-30,155,UQVGYB2hVwaNxSYVZQvEVecE/2o=,n51hjRA/01I5Riz5WdR0BZ6+3Eo=
-19,146,UQVGYB2hVwaNxSYVZQvEVecE/2o=,n51hjRA/01I5Riz5WdR0BZ6+3Eo=
-18,146,UQVGYB2hVwaNxSYVZQvEVecE/2o=,n51hjRA/01I5Riz5WdR0BZ6+3Eo=
-22,144,UQVGYB2hVwaNxSYVZQvEVecE/2o=,n51hjRA/01I5Riz5WdR0BZ6+3Eo=
-17,146,UQVGYB2hVwaNxSYVZQvEVecE/2o=,n51hjRA/01I5Riz5WdR0BZ6+3Eo=
-29,155,UQVGYB2hVwaNxSYVZQvEVecE/2o=,n51hjRA/01I5Riz5WdR0BZ6+3Eo=
-32,155,UQVGYB2hVwaNxSYVZQvEVecE/2o=,n51hjRA/01I5Riz5WdR0BZ6+3Eo=
-17,154,UQVGYB2hVwaNxSYVZQvEVecE/2o=,n51hjRA/01I5Riz5WdR0BZ6+3Eo=
-32,147,UQVGYB2hVwaNxSYVZQvEVecE/2o=,n51hjRA/01I5Riz5WdR0BZ6+3Eo=
-30,144,UQVGYB2hVwaNxSYVZQvEVecE/2o=,n51hjRA/01I5Riz5WdR0BZ6+3Eo=
-31,147,UQVGYB2hVwaNxSYVZQvEVecE/2o=,n51hjRA/01I5Riz5WdR0BZ6+3Eo=
-30,147,UQVGYB2hVwaNxSYVZQvEVecE/2o=,n51hjRA/01I5Riz5WdR0BZ6+3Eo=
-29,147,UQVGYB2hVwaNxSYVZQvEVecE/2o=,n51hjRA/01I5Riz5WdR0BZ6+3Eo=
-23,154,UQVGYB2hVwaNxSYVZQvEVecE/2o=,n51hjRA/01I5Riz5WdR0BZ6+3Eo=
-20,154,UQVGYB2hVwaNxSYVZQvEVecE/2o=,n51hjRA/01I5Riz5WdR0BZ6+3Eo=
-21,154,UQVGYB2hVwaNxSYVZQvEVecE/2o=,n51hjRA/01I5Riz5WdR0BZ6+3Eo=
-19,154,UQVGYB2hVwaNxSYVZQvEVecE/2o=,n51hjRA/01I5Riz5WdR0BZ6+3Eo=
-22,154,UQVGYB2hVwaNxSYVZQvEVecE/2o=,n51hjRA/01I5Riz5WdR0BZ6+3Eo=
-26,154,UQVGYB2hVwaNxSYVZQvEVecE/2o=,n51hjRA/01I5Riz5WdR0BZ6+3Eo=
-28,147,UQVGYB2hVwaNxSYVZQvEVecE/2o=,n51hjRA/01I5Riz5WdR0BZ6+3Eo=
-27,147,UQVGYB2hVwaNxSYVZQvEVecE/2o=,n51hjRA/01I5Riz5WdR0BZ6+3Eo=
-24,154,UQVGYB2hVwaNxSYVZQvEVecE/2o=,n51hjRA/01I5Riz5WdR0BZ6+3Eo=
-31,154,UQVGYB2hVwaNxSYVZQvEVecE/2o=,n51hjRA/01I5Riz5WdR0BZ6+3Eo=
-27,154,UQVGYB2hVwaNxSYVZQvEVecE/2o=,n51hjRA/01I5Riz5WdR0BZ6+3Eo=
-25,154,UQVGYB2hVwaNxSYVZQvEVecE/2o=,n51hjRA/01I5Riz5WdR0BZ6+3Eo=
-28,154,UQVGYB2hVwaNxSYVZQvEVecE/2o=,n51hjRA/01I5Riz5WdR0BZ6+3Eo=
-29,154,UQVGYB2hVwaNxSYVZQvEVecE/2o=,n51hjRA/01I5Riz5WdR0BZ6+3Eo=
-26,147,UQVGYB2hVwaNxSYVZQvEVecE/2o=,n51hjRA/01I5Riz5WdR0BZ6+3Eo=
-30,154,UQVGYB2hVwaNxSYVZQvEVecE/2o=,n51hjRA/01I5Riz5WdR0BZ6+3Eo=
-20,153,UQVGYB2hVwaNxSYVZQvEVecE/2o=,n51hjRA/01I5Riz5WdR0BZ6+3Eo=
-21,153,UQVGYB2hVwaNxSYVZQvEVecE/2o=,n51hjRA/01I5Riz5WdR0BZ6+3Eo=
-22,153,UQVGYB2hVwaNxSYVZQvEVecE/2o=,n51hjRA/01I5Riz5WdR0BZ6+3Eo=
-23,144,UQVGYB2hVwaNxSYVZQvEVecE/2o=,n51hjRA/01I5Riz5WdR0BZ6+3Eo=
-25,147,UQVGYB2hVwaNxSYVZQvEVecE/2o=,n51hjRA/01I5Riz5WdR0BZ6+3Eo=
-32,154,UQVGYB2hVwaNxSYVZQvEVecE/2o=,n51hjRA/01I5Riz5WdR0BZ6+3Eo=
-17,153,UQVGYB2hVwaNxSYVZQvEVecE/2o=,n51hjRA/01I5Riz5WdR0BZ6+3Eo=
-19,153,UQVGYB2hVwaNxSYVZQvEVecE/2o=,n51hjRA/01I5Riz5WdR0BZ6+3Eo=
-23,153,UQVGYB2hVwaNxSYVZQvEVecE/2o=,n51hjRA/01I5Riz5WdR0BZ6+3Eo=
-18,153,UQVGYB2hVwaNxSYVZQvEVecE/2o=,n51hjRA/01I5Riz5WdR0BZ6+3Eo=
-24,153,UQVGYB2hVwaNxSYVZQvEVecE/2o=,n51hjRA/01I5Riz5WdR0BZ6+3Eo=
-24,147,UQVGYB2hVwaNxSYVZQvEVecE/2o=,n51hjRA/01I5Riz5WdR0BZ6+3Eo=
-26,153,UQVGYB2hVwaNxSYVZQvEVecE/2o=,n51hjRA/01I5Riz5WdR0BZ6+3Eo=
-25,153,UQVGYB2hVwaNxSYVZQvEVecE/2o=,n51hjRA/01I5Riz5WdR0BZ6+3Eo=
-24,144,UQVGYB2hVwaNxSYVZQvEVecE/2o=,n51hjRA/01I5Riz5WdR0BZ6+3Eo=
-28,153,UQVGYB2hVwaNxSYVZQvEVecE/2o=,n51hjRA/01I5Riz5WdR0BZ6+3Eo=
-27,153,UQVGYB2hVwaNxSYVZQvEVecE/2o=,n51hjRA/01I5Riz5WdR0BZ6+3Eo=
-29,153,UQVGYB2hVwaNxSYVZQvEVecE/2o=,n51hjRA/01I5Riz5WdR0BZ6+3Eo=
-19,152,UQVGYB2hVwaNxSYVZQvEVecE/2o=,n51hjRA/01I5Riz5WdR0BZ6+3Eo=
-20,152,UQVGYB2hVwaNxSYVZQvEVecE/2o=,n51hjRA/01I5Riz5WdR0BZ6+3Eo=
-21,152,UQVGYB2hVwaNxSYVZQvEVecE/2o=,n51hjRA/01I5Riz5WdR0BZ6+3Eo=
-30,153,UQVGYB2hVwaNxSYVZQvEVecE/2o=,n51hjRA/01I5Riz5WdR0BZ6+3Eo=
-31,153,UQVGYB2hVwaNxSYVZQvEVecE/2o=,n51hjRA/01I5Riz5WdR0BZ6+3Eo=
-23,147,UQVGYB2hVwaNxSYVZQvEVecE/2o=,n51hjRA/01I5Riz5WdR0BZ6+3Eo=
-22,147,UQVGYB2hVwaNxSYVZQvEVecE/2o=,n51hjRA/01I5Riz5WdR0BZ6+3Eo=
-17,152,UQVGYB2hVwaNxSYVZQvEVecE/2o=,n51hjRA/01I5Riz5WdR0BZ6+3Eo=
-32,153,UQVGYB2hVwaNxSYVZQvEVecE/2o=,n51hjRA/01I5Riz5WdR0BZ6+3Eo=
-18,152,UQVGYB2hVwaNxSYVZQvEVecE/2o=,n51hjRA/01I5Riz5WdR0BZ6+3Eo=
-23,152,UQVGYB2hVwaNxSYVZQvEVecE/2o=,n51hjRA/01I5Riz5WdR0BZ6+3Eo=
-24,152,UQVGYB2hVwaNxSYVZQvEVecE/2o=,n51hjRA/01I5Riz5WdR0BZ6+3Eo=
-21,147,UQVGYB2hVwaNxSYVZQvEVecE/2o=,n51hjRA/01I5Riz5WdR0BZ6+3Eo=
-20,147,UQVGYB2hVwaNxSYVZQvEVecE/2o=,n51hjRA/01I5Riz5WdR0BZ6+3Eo=
-22,152,UQVGYB2hVwaNxSYVZQvEVecE/2o=,n51hjRA/01I5Riz5WdR0BZ6+3Eo=
-26,152,UQVGYB2hVwaNxSYVZQvEVecE/2o=,n51hjRA/01I5Riz5WdR0BZ6+3Eo=
-25,152,UQVGYB2hVwaNxSYVZQvEVecE/2o=,n51hjRA/01I5Riz5WdR0BZ6+3Eo=
-25,144,UQVGYB2hVwaNxSYVZQvEVecE/2o=,n51hjRA/01I5Riz5WdR0BZ6+3Eo=
-27,152,UQVGYB2hVwaNxSYVZQvEVecE/2o=,n51hjRA/01I5Riz5WdR0BZ6+3Eo=
-28,152,UQVGYB2hVwaNxSYVZQvEVecE/2o=,n51hjRA/01I5Riz5WdR0BZ6+3Eo=
-19,147,UQVGYB2hVwaNxSYVZQvEVecE/2o=,n51hjRA/01I5Riz5WdR0BZ6+3Eo=
-18,147,UQVGYB2hVwaNxSYVZQvEVecE/2o=,n51hjRA/01I5Riz5WdR0BZ6+3Eo=
-17,147,UQVGYB2hVwaNxSYVZQvEVecE/2o=,n51hjRA/01I5Riz5WdR0BZ6+3Eo=
-19,151,UQVGYB2hVwaNxSYVZQvEVecE/2o=,n51hjRA/01I5Riz5WdR0BZ6+3Eo=
-29,152,UQVGYB2hVwaNxSYVZQvEVecE/2o=,n51hjRA/01I5Riz5WdR0BZ6+3Eo=
-30,152,UQVGYB2hVwaNxSYVZQvEVecE/2o=,n51hjRA/01I5Riz5WdR0BZ6+3Eo=
-32,152,UQVGYB2hVwaNxSYVZQvEVecE/2o=,n51hjRA/01I5Riz5WdR0BZ6+3Eo=
-31,152,UQVGYB2hVwaNxSYVZQvEVecE/2o=,n51hjRA/01I5Riz5WdR0BZ6+3Eo=
-17,151,UQVGYB2hVwaNxSYVZQvEVecE/2o=,n51hjRA/01I5Riz5WdR0BZ6+3Eo=
-32,148,UQVGYB2hVwaNxSYVZQvEVecE/2o=,n51hjRA/01I5Riz5WdR0BZ6+3Eo=
-29,144,UQVGYB2hVwaNxSYVZQvEVecE/2o=,n51hjRA/01I5Riz5WdR0BZ6+3Eo=
-18,151,UQVGYB2hVwaNxSYVZQvEVecE/2o=,n51hjRA/01I5Riz5WdR0BZ6+3Eo=
-22,151,UQVGYB2hVwaNxSYVZQvEVecE/2o=,n51hjRA/01I5Riz5WdR0BZ6+3Eo=
-21,151,UQVGYB2hVwaNxSYVZQvEVecE/2o=,n51hjRA/01I5Riz5WdR0BZ6+3Eo=
-20,151,UQVGYB2hVwaNxSYVZQvEVecE/2o=,n51hjRA/01I5Riz5WdR0BZ6+3Eo=
-31,148,UQVGYB2hVwaNxSYVZQvEVecE/2o=,n51hjRA/01I5Riz5WdR0BZ6+3Eo=
-23,151,UQVGYB2hVwaNxSYVZQvEVecE/2o=,n51hjRA/01I5Riz5WdR0BZ6+3Eo=
-24,151,UQVGYB2hVwaNxSYVZQvEVecE/2o=,n51hjRA/01I5Riz5WdR0BZ6+3Eo=
-25,151,UQVGYB2hVwaNxSYVZQvEVecE/2o=,n51hjRA/01I5Riz5WdR0BZ6+3Eo=
-30,148,UQVGYB2hVwaNxSYVZQvEVecE/2o=,n51hjRA/01I5Riz5WdR0BZ6+3Eo=
-30,151,UQVGYB2hVwaNxSYVZQvEVecE/2o=,n51hjRA/01I5Riz5WdR0BZ6+3Eo=
-26,144,UQVGYB2hVwaNxSYVZQvEVecE/2o=,n51hjRA/01I5Riz5WdR0BZ6+3Eo=
-27,151,UQVGYB2hVwaNxSYVZQvEVecE/2o=,n51hjRA/01I5Riz5WdR0BZ6+3Eo=
-26,151,UQVGYB2hVwaNxSYVZQvEVecE/2o=,n51hjRA/01I5Riz5WdR0BZ6+3Eo=
-18,150,UQVGYB2hVwaNxSYVZQvEVecE/2o=,n51hjRA/01I5Riz5WdR0BZ6+3Eo=
-28,151,UQVGYB2hVwaNxSYVZQvEVecE/2o=,n51hjRA/01I5Riz5WdR0BZ6+3Eo=
-29,151,UQVGYB2hVwaNxSYVZQvEVecE/2o=,n51hjRA/01I5Riz5WdR0BZ6+3Eo=
-31,151,UQVGYB2hVwaNxSYVZQvEVecE/2o=,n51hjRA/01I5Riz5WdR0BZ6+3Eo=
-29,148,UQVGYB2hVwaNxSYVZQvEVecE/2o=,n51hjRA/01I5Riz5WdR0BZ6+3Eo=
-32,151,UQVGYB2hVwaNxSYVZQvEVecE/2o=,n51hjRA/01I5Riz5WdR0BZ6+3Eo=
-19,150,UQVGYB2hVwaNxSYVZQvEVecE/2o=,n51hjRA/01I5Riz5WdR0BZ6+3Eo=
-21,150,UQVGYB2hVwaNxSYVZQvEVecE/2o=,n51hjRA/01I5Riz5WdR0BZ6+3Eo=
-20,150,UQVGYB2hVwaNxSYVZQvEVecE/2o=,n51hjRA/01I5Riz5WdR0BZ6+3Eo=
-17,150,UQVGYB2hVwaNxSYVZQvEVecE/2o=,n51hjRA/01I5Riz5WdR0BZ6+3Eo=
-22,150,UQVGYB2hVwaNxSYVZQvEVecE/2o=,n51hjRA/01I5Riz5WdR0BZ6+3Eo=
-24,150,UQVGYB2hVwaNxSYVZQvEVecE/2o=,n51hjRA/01I5Riz5WdR0BZ6+3Eo=
-23,150,UQVGYB2hVwaNxSYVZQvEVecE/2o=,n51hjRA/01I5Riz5WdR0BZ6+3Eo=
-30,150,UQVGYB2hVwaNxSYVZQvEVecE/2o=,n51hjRA/01I5Riz5WdR0BZ6+3Eo=
-27,144,UQVGYB2hVwaNxSYVZQvEVecE/2o=,n51hjRA/01I5Riz5WdR0BZ6+3Eo=
-29,150,UQVGYB2hVwaNxSYVZQvEVecE/2o=,n51hjRA/01I5Riz5WdR0BZ6+3Eo=
-28,150,UQVGYB2hVwaNxSYVZQvEVecE/2o=,n51hjRA/01I5Riz5WdR0BZ6+3Eo=
-27,150,UQVGYB2hVwaNxSYVZQvEVecE/2o=,n51hjRA/01I5Riz5WdR0BZ6+3Eo=
-25,150,UQVGYB2hVwaNxSYVZQvEVecE/2o=,n51hjRA/01I5Riz5WdR0BZ6+3Eo=
-31,150,UQVGYB2hVwaNxSYVZQvEVecE/2o=,n51hjRA/01I5Riz5WdR0BZ6+3Eo=
-18,154,UQVGYB2hVwaNxSYVZQvEVecE/2o=,n51hjRA/01I5Riz5WdR0BZ6+3Eo=
-32,150,UQVGYB2hVwaNxSYVZQvEVecE/2o=,n51hjRA/01I5Riz5WdR0BZ6+3Eo=
-18,149,UQVGYB2hVwaNxSYVZQvEVecE/2o=,n51hjRA/01I5Riz5WdR0BZ6+3Eo=
-19,149,UQVGYB2hVwaNxSYVZQvEVecE/2o=,n51hjRA/01I5Riz5WdR0BZ6+3Eo=
-20,149,UQVGYB2hVwaNxSYVZQvEVecE/2o=,n51hjRA/01I5Riz5WdR0BZ6+3Eo=
-17,149,UQVGYB2hVwaNxSYVZQvEVecE/2o=,n51hjRA/01I5Riz5WdR0BZ6+3Eo=
-21,149,UQVGYB2hVwaNxSYVZQvEVecE/2o=,n51hjRA/01I5Riz5WdR0BZ6+3Eo=
-23,149,UQVGYB2hVwaNxSYVZQvEVecE/2o=,n51hjRA/01I5Riz5WdR0BZ6+3Eo=
-22,149,UQVGYB2hVwaNxSYVZQvEVecE/2o=,n51hjRA/01I5Riz5WdR0BZ6+3Eo=
-28,148,UQVGYB2hVwaNxSYVZQvEVecE/2o=,n51hjRA/01I5Riz5WdR0BZ6+3Eo=
-24,149,UQVGYB2hVwaNxSYVZQvEVecE/2o=,n51hjRA/01I5Riz5WdR0BZ6+3Eo=
-28,149,UQVGYB2hVwaNxSYVZQvEVecE/2o=,n51hjRA/01I5Riz5WdR0BZ6+3Eo=
-28,144,UQVGYB2hVwaNxSYVZQvEVecE/2o=,n51hjRA/01I5Riz5WdR0BZ6+3Eo=
-30,149,UQVGYB2hVwaNxSYVZQvEVecE/2o=,n51hjRA/01I5Riz5WdR0BZ6+3Eo=
-26,149,UQVGYB2hVwaNxSYVZQvEVecE/2o=,n51hjRA/01I5Riz5WdR0BZ6+3Eo=
-27,149,UQVGYB2hVwaNxSYVZQvEVecE/2o=,n51hjRA/01I5Riz5WdR0BZ6+3Eo=
-31,149,UQVGYB2hVwaNxSYVZQvEVecE/2o=,n51hjRA/01I5Riz5WdR0BZ6+3Eo=
-17,148,UQVGYB2hVwaNxSYVZQvEVecE/2o=,n51hjRA/01I5Riz5WdR0BZ6+3Eo=
-25,149,UQVGYB2hVwaNxSYVZQvEVecE/2o=,n51hjRA/01I5Riz5WdR0BZ6+3Eo=
-27,148,UQVGYB2hVwaNxSYVZQvEVecE/2o=,n51hjRA/01I5Riz5WdR0BZ6+3Eo=
-26,150,UQVGYB2hVwaNxSYVZQvEVecE/2o=,n51hjRA/01I5Riz5WdR0BZ6+3Eo=
-29,149,UQVGYB2hVwaNxSYVZQvEVecE/2o=,n51hjRA/01I5Riz5WdR0BZ6+3Eo=
-20,148,UQVGYB2hVwaNxSYVZQvEVecE/2o=,n51hjRA/01I5Riz5WdR0BZ6+3Eo=
-21,148,UQVGYB2hVwaNxSYVZQvEVecE/2o=,n51hjRA/01I5Riz5WdR0BZ6+3Eo=
-32,149,UQVGYB2hVwaNxSYVZQvEVecE/2o=,n51hjRA/01I5Riz5WdR0BZ6+3Eo=
-23,148,UQVGYB2hVwaNxSYVZQvEVecE/2o=,n51hjRA/01I5Riz5WdR0BZ6+3Eo=
-26,148,UQVGYB2hVwaNxSYVZQvEVecE/2o=,n51hjRA/01I5Riz5WdR0BZ6+3Eo=
-22,148,UQVGYB2hVwaNxSYVZQvEVecE/2o=,n51hjRA/01I5Riz5WdR0BZ6+3Eo=
-24,148,UQVGYB2hVwaNxSYVZQvEVecE/2o=,n51hjRA/01I5Riz5WdR0BZ6+3Eo=
-25,148,UQVGYB2hVwaNxSYVZQvEVecE/2o=,n51hjRA/01I5Riz5WdR0BZ6+3Eo=
-18,148,UQVGYB2hVwaNxSYVZQvEVecE/2o=,n51hjRA/01I5Riz5WdR0BZ6+3Eo=
-19,148,UQVGYB2hVwaNxSYVZQvEVecE/2o=,n51hjRA/01I5Riz5WdR0BZ6+3Eo=
-1,144,UQVGYB2hVwaNxSYVZQvEVecE/2o=,n51hjRA/01I5Riz5WdR0BZ6+3Eo=
-2,144,UQVGYB2hVwaNxSYVZQvEVecE/2o=,n51hjRA/01I5Riz5WdR0BZ6+3Eo=
-3,144,UQVGYB2hVwaNxSYVZQvEVecE/2o=,n51hjRA/01I5Riz5WdR0BZ6+3Eo=
-5,144,UQVGYB2hVwaNxSYVZQvEVecE/2o=,n51hjRA/01I5Riz5WdR0BZ6+3Eo=
-6,144,UQVGYB2hVwaNxSYVZQvEVecE/2o=,n51hjRA/01I5Riz5WdR0BZ6+3Eo=
-16,145,UQVGYB2hVwaNxSYVZQvEVecE/2o=,n51hjRA/01I5Riz5WdR0BZ6+3Eo=
-15,145,UQVGYB2hVwaNxSYVZQvEVecE/2o=,n51hjRA/01I5Riz5WdR0BZ6+3Eo=
-14,145,UQVGYB2hVwaNxSYVZQvEVecE/2o=,n51hjRA/01I5Riz5WdR0BZ6+3Eo=
-13,145,UQVGYB2hVwaNxSYVZQvEVecE/2o=,n51hjRA/01I5Riz5WdR0BZ6+3Eo=
-12,145,UQVGYB2hVwaNxSYVZQvEVecE/2o=,n51hjRA/01I5Riz5WdR0BZ6+3Eo=
-11,145,AsSpERrXCUrJvw7NGGainmF4zKg=,n51hjRA/01I5Riz5WdR0BZ6+3Eo=
-10,145,AsSpERrXCUrJvw7NGGainmF4zKg=,n51hjRA/01I5Riz5WdR0BZ6+3Eo=
-7,144,AsSpERrXCUrJvw7NGGainmF4zKg=,n51hjRA/01I5Riz5WdR0BZ6+3Eo=
-8,144,AsSpERrXCUrJvw7NGGainmF4zKg=,n51hjRA/01I5Riz5WdR0BZ6+3Eo=
-4,144,AsSpERrXCUrJvw7NGGainmF4zKg=,n51hjRA/01I5Riz5WdR0BZ6+3Eo=
-2,159,AsSpERrXCUrJvw7NGGainmF4zKg=,n51hjRA/01I5Riz5WdR0BZ6+3Eo=
-9,145,AsSpERrXCUrJvw7NGGainmF4zKg=,n51hjRA/01I5Riz5WdR0BZ6+3Eo=
-11,144,AsSpERrXCUrJvw7NGGainmF4zKg=,n51hjRA/01I5Riz5WdR0BZ6+3Eo=
-12,144,AsSpERrXCUrJvw7NGGainmF4zKg=,n51hjRA/01I5Riz5WdR0BZ6+3Eo=
-1,159,AsSpERrXCUrJvw7NGGainmF4zKg=,n51hjRA/01I5Riz5WdR0BZ6+3Eo=
-14,144,AsSpERrXCUrJvw7NGGainmF4zKg=,n51hjRA/01I5Riz5WdR0BZ6+3Eo=
-15,144,AsSpERrXCUrJvw7NGGainmF4zKg=,n51hjRA/01I5Riz5WdR0BZ6+3Eo=
-13,144,AsSpERrXCUrJvw7NGGainmF4zKg=,n51hjRA/01I5Riz5WdR0BZ6+3Eo=
-16,144,AsSpERrXCUrJvw7NGGainmF4zKg=,n51hjRA/01I5Riz5WdR0BZ6+3Eo=
-9,144,AsSpERrXCUrJvw7NGGainmF4zKg=,n51hjRA/01I5Riz5WdR0BZ6+3Eo=
-10,144,AsSpERrXCUrJvw7NGGainmF4zKg=,n51hjRA/01I5Riz5WdR0BZ6+3Eo=
-8,145,AsSpERrXCUrJvw7NGGainmF4zKg=,n51hjRA/01I5Riz5WdR0BZ6+3Eo=
-7,145,AsSpERrXCUrJvw7NGGainmF4zKg=,n51hjRA/01I5Riz5WdR0BZ6+3Eo=
-6,145,AsSpERrXCUrJvw7NGGainmF4zKg=,n51hjRA/01I5Riz5WdR0BZ6+3Eo=
-5,145,AsSpERrXCUrJvw7NGGainmF4zKg=,n51hjRA/01I5Riz5WdR0BZ6+3Eo=
-4,145,AsSpERrXCUrJvw7NGGainmF4zKg=,n51hjRA/01I5Riz5WdR0BZ6+3Eo=
-3,145,AsSpERrXCUrJvw7NGGainmF4zKg=,n51hjRA/01I5Riz5WdR0BZ6+3Eo=
-3,159,AsSpERrXCUrJvw7NGGainmF4zKg=,n51hjRA/01I5Riz5WdR0BZ6+3Eo=
-7,159,AsSpERrXCUrJvw7NGGainmF4zKg=,n51hjRA/01I5Riz5WdR0BZ6+3Eo=
-8,159,AsSpERrXCUrJvw7NGGainmF4zKg=,n51hjRA/01I5Riz5WdR0BZ6+3Eo=
-9,159,AsSpERrXCUrJvw7NGGainmF4zKg=,n51hjRA/01I5Riz5WdR0BZ6+3Eo=
-10,159,AsSpERrXCUrJvw7NGGainmF4zKg=,n51hjRA/01I5Riz5WdR0BZ6+3Eo=
-11,159,AsSpERrXCUrJvw7NGGainmF4zKg=,n51hjRA/01I5Riz5WdR0BZ6+3Eo=
-12,159,AsSpERrXCUrJvw7NGGainmF4zKg=,n51hjRA/01I5Riz5WdR0BZ6+3Eo=
-6,159,AsSpERrXCUrJvw7NGGainmF4zKg=,n51hjRA/01I5Riz5WdR0BZ6+3Eo=
-5,159,AsSpERrXCUrJvw7NGGainmF4zKg=,n51hjRA/01I5Riz5WdR0BZ6+3Eo=
-2,145,AsSpERrXCUrJvw7NGGainmF4zKg=,n51hjRA/01I5Riz5WdR0BZ6+3Eo=
-13,159,AsSpERrXCUrJvw7NGGainmF4zKg=,n51hjRA/01I5Riz5WdR0BZ6+3Eo=
-1,145,AsSpERrXCUrJvw7NGGainmF4zKg=,n51hjRA/01I5Riz5WdR0BZ6+3Eo=
-16,146,AsSpERrXCUrJvw7NGGainmF4zKg=,n51hjRA/01I5Riz5WdR0BZ6+3Eo=
-15,146,AsSpERrXCUrJvw7NGGainmF4zKg=,n51hjRA/01I5Riz5WdR0BZ6+3Eo=
-14,146,AsSpERrXCUrJvw7NGGainmF4zKg=,n51hjRA/01I5Riz5WdR0BZ6+3Eo=
-13,146,AsSpERrXCUrJvw7NGGainmF4zKg=,n51hjRA/01I5Riz5WdR0BZ6+3Eo=
-12,146,AsSpERrXCUrJvw7NGGainmF4zKg=,n51hjRA/01I5Riz5WdR0BZ6+3Eo=
-11,146,AsSpERrXCUrJvw7NGGainmF4zKg=,n51hjRA/01I5Riz5WdR0BZ6+3Eo=
-10,146,AsSpERrXCUrJvw7NGGainmF4zKg=,n51hjRA/01I5Riz5WdR0BZ6+3Eo=
-9,146,AsSpERrXCUrJvw7NGGainmF4zKg=,n51hjRA/01I5Riz5WdR0BZ6+3Eo=
-15,159,AsSpERrXCUrJvw7NGGainmF4zKg=,n51hjRA/01I5Riz5WdR0BZ6+3Eo=
-4,159,AsSpERrXCUrJvw7NGGainmF4zKg=,n51hjRA/01I5Riz5WdR0BZ6+3Eo=
-16,159,AsSpERrXCUrJvw7NGGainmF4zKg=,n51hjRA/01I5Riz5WdR0BZ6+3Eo=
-14,159,AsSpERrXCUrJvw7NGGainmF4zKg=,n51hjRA/01I5Riz5WdR0BZ6+3Eo=
-8,146,AsSpERrXCUrJvw7NGGainmF4zKg=,n51hjRA/01I5Riz5WdR0BZ6+3Eo=
-2,158,AsSpERrXCUrJvw7NGGainmF4zKg=,n51hjRA/01I5Riz5WdR0BZ6+3Eo=
-3,158,AsSpERrXCUrJvw7NGGainmF4zKg=,n51hjRA/01I5Riz5WdR0BZ6+3Eo=
-4,158,AsSpERrXCUrJvw7NGGainmF4zKg=,n51hjRA/01I5Riz5WdR0BZ6+3Eo=
-7,146,AsSpERrXCUrJvw7NGGainmF4zKg=,n51hjRA/01I5Riz5WdR0BZ6+3Eo=
-6,146,AsSpERrXCUrJvw7NGGainmF4zKg=,n51hjRA/01I5Riz5WdR0BZ6+3Eo=
-5,146,AsSpERrXCUrJvw7NGGainmF4zKg=,n51hjRA/01I5Riz5WdR0BZ6+3Eo=
-4,146,AsSpERrXCUrJvw7NGGainmF4zKg=,n51hjRA/01I5Riz5WdR0BZ6+3Eo=
-3,146,AsSpERrXCUrJvw7NGGainmF4zKg=,n51hjRA/01I5Riz5WdR0BZ6+3Eo=
-8,158,AsSpERrXCUrJvw7NGGainmF4zKg=,n51hjRA/01I5Riz5WdR0BZ6+3Eo=
-1,158,AsSpERrXCUrJvw7NGGainmF4zKg=,n51hjRA/01I5Riz5WdR0BZ6+3Eo=
-9,158,AsSpERrXCUrJvw7NGGainmF4zKg=,n51hjRA/01I5Riz5WdR0BZ6+3Eo=
-10,158,AsSpERrXCUrJvw7NGGainmF4zKg=,n51hjRA/01I5Riz5WdR0BZ6+3Eo=
-2,146,AsSpERrXCUrJvw7NGGainmF4zKg=,n51hjRA/01I5Riz5WdR0BZ6+3Eo=
-11,158,AsSpERrXCUrJvw7NGGainmF4zKg=,n51hjRA/01I5Riz5WdR0BZ6+3Eo=
-1,146,AsSpERrXCUrJvw7NGGainmF4zKg=,n51hjRA/01I5Riz5WdR0BZ6+3Eo=
-16,147,AsSpERrXCUrJvw7NGGainmF4zKg=,n51hjRA/01I5Riz5WdR0BZ6+3Eo=
-6,158,AsSpERrXCUrJvw7NGGainmF4zKg=,n51hjRA/01I5Riz5WdR0BZ6+3Eo=
-5,158,AsSpERrXCUrJvw7NGGainmF4zKg=,n51hjRA/01I5Riz5WdR0BZ6+3Eo=
-7,158,AsSpERrXCUrJvw7NGGainmF4zKg=,n51hjRA/01I5Riz5WdR0BZ6+3Eo=
-15,147,AsSpERrXCUrJvw7NGGainmF4zKg=,n51hjRA/01I5Riz5WdR0BZ6+3Eo=
-12,158,AsSpERrXCUrJvw7NGGainmF4zKg=,n51hjRA/01I5Riz5WdR0BZ6+3Eo=
-13,158,AsSpERrXCUrJvw7NGGainmF4zKg=,n51hjRA/01I5Riz5WdR0BZ6+3Eo=
-14,158,AsSpERrXCUrJvw7NGGainmF4zKg=,n51hjRA/01I5Riz5WdR0BZ6+3Eo=
-16,158,AsSpERrXCUrJvw7NGGainmF4zKg=,n51hjRA/01I5Riz5WdR0BZ6+3Eo=
-15,158,AsSpERrXCUrJvw7NGGainmF4zKg=,n51hjRA/01I5Riz5WdR0BZ6+3Eo=
-14,147,AsSpERrXCUrJvw7NGGainmF4zKg=,n51hjRA/01I5Riz5WdR0BZ6+3Eo=
-3,157,AsSpERrXCUrJvw7NGGainmF4zKg=,n51hjRA/01I5Riz5WdR0BZ6+3Eo=
-2,157,AsSpERrXCUrJvw7NGGainmF4zKg=,n51hjRA/01I5Riz5WdR0BZ6+3Eo=
-4,157,AsSpERrXCUrJvw7NGGainmF4zKg=,n51hjRA/01I5Riz5WdR0BZ6+3Eo=
-1,157,AsSpERrXCUrJvw7NGGainmF4zKg=,n51hjRA/01I5Riz5WdR0BZ6+3Eo=
-13,147,AsSpERrXCUrJvw7NGGainmF4zKg=,n51hjRA/01I5Riz5WdR0BZ6+3Eo=
-5,157,AsSpERrXCUrJvw7NGGainmF4zKg=,n51hjRA/01I5Riz5WdR0BZ6+3Eo=
-9,157,AsSpERrXCUrJvw7NGGainmF4zKg=,n51hjRA/01I5Riz5WdR0BZ6+3Eo=
-10,157,AsSpERrXCUrJvw7NGGainmF4zKg=,n51hjRA/01I5Riz5WdR0BZ6+3Eo=
-7,157,AsSpERrXCUrJvw7NGGainmF4zKg=,n51hjRA/01I5Riz5WdR0BZ6+3Eo=
-6,157,AsSpERrXCUrJvw7NGGainmF4zKg=,n51hjRA/01I5Riz5WdR0BZ6+3Eo=
-8,157,AsSpERrXCUrJvw7NGGainmF4zKg=,n51hjRA/01I5Riz5WdR0BZ6+3Eo=
-12,147,AsSpERrXCUrJvw7NGGainmF4zKg=,n51hjRA/01I5Riz5WdR0BZ6+3Eo=
-11,157,AsSpERrXCUrJvw7NGGainmF4zKg=,n51hjRA/01I5Riz5WdR0BZ6+3Eo=
-13,157,AsSpERrXCUrJvw7NGGainmF4zKg=,n51hjRA/01I5Riz5WdR0BZ6+3Eo=
-12,157,AsSpERrXCUrJvw7NGGainmF4zKg=,n51hjRA/01I5Riz5WdR0BZ6+3Eo=
-14,157,AsSpERrXCUrJvw7NGGainmF4zKg=,n51hjRA/01I5Riz5WdR0BZ6+3Eo=
-11,147,AsSpERrXCUrJvw7NGGainmF4zKg=,n51hjRA/01I5Riz5WdR0BZ6+3Eo=
-16,157,AsSpERrXCUrJvw7NGGainmF4zKg=,n51hjRA/01I5Riz5WdR0BZ6+3Eo=
-2,156,AsSpERrXCUrJvw7NGGainmF4zKg=,n51hjRA/01I5Riz5WdR0BZ6+3Eo=
-1,156,AsSpERrXCUrJvw7NGGainmF4zKg=,n51hjRA/01I5Riz5WdR0BZ6+3Eo=
-15,157,AsSpERrXCUrJvw7NGGainmF4zKg=,n51hjRA/01I5Riz5WdR0BZ6+3Eo=
-3,156,AsSpERrXCUrJvw7NGGainmF4zKg=,n51hjRA/01I5Riz5WdR0BZ6+3Eo=
-4,156,AsSpERrXCUrJvw7NGGainmF4zKg=,n51hjRA/01I5Riz5WdR0BZ6+3Eo=
-6,156,AsSpERrXCUrJvw7NGGainmF4zKg=,n51hjRA/01I5Riz5WdR0BZ6+3Eo=
-10,147,AsSpERrXCUrJvw7NGGainmF4zKg=,n51hjRA/01I5Riz5WdR0BZ6+3Eo=
-5,156,AsSpERrXCUrJvw7NGGainmF4zKg=,n51hjRA/01I5Riz5WdR0BZ6+3Eo=
-10,156,AsSpERrXCUrJvw7NGGainmF4zKg=,n51hjRA/01I5Riz5WdR0BZ6+3Eo=
-7,156,AsSpERrXCUrJvw7NGGainmF4zKg=,n51hjRA/01I5Riz5WdR0BZ6+3Eo=
-8,156,AsSpERrXCUrJvw7NGGainmF4zKg=,n51hjRA/01I5Riz5WdR0BZ6+3Eo=
-9,156,AsSpERrXCUrJvw7NGGainmF4zKg=,n51hjRA/01I5Riz5WdR0BZ6+3Eo=
-9,147,AsSpERrXCUrJvw7NGGainmF4zKg=,n51hjRA/01I5Riz5WdR0BZ6+3Eo=
-11,156,AsSpERrXCUrJvw7NGGainmF4zKg=,n51hjRA/01I5Riz5WdR0BZ6+3Eo=
-13,156,AsSpERrXCUrJvw7NGGainmF4zKg=,n51hjRA/01I5Riz5WdR0BZ6+3Eo=
-14,156,AsSpERrXCUrJvw7NGGainmF4zKg=,n51hjRA/01I5Riz5WdR0BZ6+3Eo=
-12,156,AsSpERrXCUrJvw7NGGainmF4zKg=,n51hjRA/01I5Riz5WdR0BZ6+3Eo=
-8,147,AsSpERrXCUrJvw7NGGainmF4zKg=,n51hjRA/01I5Riz5WdR0BZ6+3Eo=
-1,155,AsSpERrXCUrJvw7NGGainmF4zKg=,n51hjRA/01I5Riz5WdR0BZ6+3Eo=
-15,156,AsSpERrXCUrJvw7NGGainmF4zKg=,n51hjRA/01I5Riz5WdR0BZ6+3Eo=
-2,155,AsSpERrXCUrJvw7NGGainmF4zKg=,n51hjRA/01I5Riz5WdR0BZ6+3Eo=
-16,156,AsSpERrXCUrJvw7NGGainmF4zKg=,n51hjRA/01I5Riz5WdR0BZ6+3Eo=
-3,155,AsSpERrXCUrJvw7NGGainmF4zKg=,n51hjRA/01I5Riz5WdR0BZ6+3Eo=
-7,147,AsSpERrXCUrJvw7NGGainmF4zKg=,n51hjRA/01I5Riz5WdR0BZ6+3Eo=
-4,155,AsSpERrXCUrJvw7NGGainmF4zKg=,n51hjRA/01I5Riz5WdR0BZ6+3Eo=
-6,155,AsSpERrXCUrJvw7NGGainmF4zKg=,n51hjRA/01I5Riz5WdR0BZ6+3Eo=
-6,147,AsSpERrXCUrJvw7NGGainmF4zKg=,n51hjRA/01I5Riz5WdR0BZ6+3Eo=
-7,155,AsSpERrXCUrJvw7NGGainmF4zKg=,n51hjRA/01I5Riz5WdR0BZ6+3Eo=
-10,155,AsSpERrXCUrJvw7NGGainmF4zKg=,n51hjRA/01I5Riz5WdR0BZ6+3Eo=
-5,155,AsSpERrXCUrJvw7NGGainmF4zKg=,n51hjRA/01I5Riz5WdR0BZ6+3Eo=
-5,147,AsSpERrXCUrJvw7NGGainmF4zKg=,n51hjRA/01I5Riz5WdR0BZ6+3Eo=
-9,155,AsSpERrXCUrJvw7NGGainmF4zKg=,n51hjRA/01I5Riz5WdR0BZ6+3Eo=
-8,155,AsSpERrXCUrJvw7NGGainmF4zKg=,n51hjRA/01I5Riz5WdR0BZ6+3Eo=
-4,147,AsSpERrXCUrJvw7NGGainmF4zKg=,n51hjRA/01I5Riz5WdR0BZ6+3Eo=
-11,155,AsSpERrXCUrJvw7NGGainmF4zKg=,n51hjRA/01I5Riz5WdR0BZ6+3Eo=
-3,147,AsSpERrXCUrJvw7NGGainmF4zKg=,n51hjRA/01I5Riz5WdR0BZ6+3Eo=
-2,147,AsSpERrXCUrJvw7NGGainmF4zKg=,n51hjRA/01I5Riz5WdR0BZ6+3Eo=
-13,155,AsSpERrXCUrJvw7NGGainmF4zKg=,n51hjRA/01I5Riz5WdR0BZ6+3Eo=
-1,147,AsSpERrXCUrJvw7NGGainmF4zKg=,n51hjRA/01I5Riz5WdR0BZ6+3Eo=
-16,148,AsSpERrXCUrJvw7NGGainmF4zKg=,n51hjRA/01I5Riz5WdR0BZ6+3Eo=
-15,155,AsSpERrXCUrJvw7NGGainmF4zKg=,n51hjRA/01I5Riz5WdR0BZ6+3Eo=
-15,148,AsSpERrXCUrJvw7NGGainmF4zKg=,n51hjRA/01I5Riz5WdR0BZ6+3Eo=
-14,155,AsSpERrXCUrJvw7NGGainmF4zKg=,n51hjRA/01I5Riz5WdR0BZ6+3Eo=
-1,154,AsSpERrXCUrJvw7NGGainmF4zKg=,n51hjRA/01I5Riz5WdR0BZ6+3Eo=
-2,154,AsSpERrXCUrJvw7NGGainmF4zKg=,n51hjRA/01I5Riz5WdR0BZ6+3Eo=
-16,155,AsSpERrXCUrJvw7NGGainmF4zKg=,n51hjRA/01I5Riz5WdR0BZ6+3Eo=
-3,154,AsSpERrXCUrJvw7NGGainmF4zKg=,n51hjRA/01I5Riz5WdR0BZ6+3Eo=
-12,155,AsSpERrXCUrJvw7NGGainmF4zKg=,n51hjRA/01I5Riz5WdR0BZ6+3Eo=
-14,148,AsSpERrXCUrJvw7NGGainmF4zKg=,n51hjRA/01I5Riz5WdR0BZ6+3Eo=
-4,154,AsSpERrXCUrJvw7NGGainmF4zKg=,n51hjRA/01I5Riz5WdR0BZ6+3Eo=
-7,154,AsSpERrXCUrJvw7NGGainmF4zKg=,n51hjRA/01I5Riz5WdR0BZ6+3Eo=
-5,154,AsSpERrXCUrJvw7NGGainmF4zKg=,n51hjRA/01I5Riz5WdR0BZ6+3Eo=
-10,154,AsSpERrXCUrJvw7NGGainmF4zKg=,n51hjRA/01I5Riz5WdR0BZ6+3Eo=
-6,154,AsSpERrXCUrJvw7NGGainmF4zKg=,n51hjRA/01I5Riz5WdR0BZ6+3Eo=
-8,154,AsSpERrXCUrJvw7NGGainmF4zKg=,n51hjRA/01I5Riz5WdR0BZ6+3Eo=
-9,154,AsSpERrXCUrJvw7NGGainmF4zKg=,n51hjRA/01I5Riz5WdR0BZ6+3Eo=
-13,148,AsSpERrXCUrJvw7NGGainmF4zKg=,n51hjRA/01I5Riz5WdR0BZ6+3Eo=
-11,154,AsSpERrXCUrJvw7NGGainmF4zKg=,n51hjRA/01I5Riz5WdR0BZ6+3Eo=
-12,154,AsSpERrXCUrJvw7NGGainmF4zKg=,n51hjRA/01I5Riz5WdR0BZ6+3Eo=
-13,154,AsSpERrXCUrJvw7NGGainmF4zKg=,n51hjRA/01I5Riz5WdR0BZ6+3Eo=
-16,154,AsSpERrXCUrJvw7NGGainmF4zKg=,n51hjRA/01I5Riz5WdR0BZ6+3Eo=
-1,153,AsSpERrXCUrJvw7NGGainmF4zKg=,n51hjRA/01I5Riz5WdR0BZ6+3Eo=
-14,154,AsSpERrXCUrJvw7NGGainmF4zKg=,n51hjRA/01I5Riz5WdR0BZ6+3Eo=
-15,154,AsSpERrXCUrJvw7NGGainmF4zKg=,n51hjRA/01I5Riz5WdR0BZ6+3Eo=
-2,153,AsSpERrXCUrJvw7NGGainmF4zKg=,n51hjRA/01I5Riz5WdR0BZ6+3Eo=
-4,153,AsSpERrXCUrJvw7NGGainmF4zKg=,n51hjRA/01I5Riz5WdR0BZ6+3Eo=
-3,153,AsSpERrXCUrJvw7NGGainmF4zKg=,n51hjRA/01I5Riz5WdR0BZ6+3Eo=
-5,153,AsSpERrXCUrJvw7NGGainmF4zKg=,n51hjRA/01I5Riz5WdR0BZ6+3Eo=
-8,153,AsSpERrXCUrJvw7NGGainmF4zKg=,n51hjRA/01I5Riz5WdR0BZ6+3Eo=
-6,153,AsSpERrXCUrJvw7NGGainmF4zKg=,n51hjRA/01I5Riz5WdR0BZ6+3Eo=
-12,148,AsSpERrXCUrJvw7NGGainmF4zKg=,n51hjRA/01I5Riz5WdR0BZ6+3Eo=
-9,153,AsSpERrXCUrJvw7NGGainmF4zKg=,n51hjRA/01I5Riz5WdR0BZ6+3Eo=
-10,153,AsSpERrXCUrJvw7NGGainmF4zKg=,n51hjRA/01I5Riz5WdR0BZ6+3Eo=
-11,153,AsSpERrXCUrJvw7NGGainmF4zKg=,n51hjRA/01I5Riz5WdR0BZ6+3Eo=
-11,148,AsSpERrXCUrJvw7NGGainmF4zKg=,n51hjRA/01I5Riz5WdR0BZ6+3Eo=
-7,153,AsSpERrXCUrJvw7NGGainmF4zKg=,n51hjRA/01I5Riz5WdR0BZ6+3Eo=
-12,153,AsSpERrXCUrJvw7NGGainmF4zKg=,n51hjRA/01I5Riz5WdR0BZ6+3Eo=
-14,153,AsSpERrXCUrJvw7NGGainmF4zKg=,n51hjRA/01I5Riz5WdR0BZ6+3Eo=
-13,153,AsSpERrXCUrJvw7NGGainmF4zKg=,n51hjRA/01I5Riz5WdR0BZ6+3Eo=
-10,148,AsSpERrXCUrJvw7NGGainmF4zKg=,n51hjRA/01I5Riz5WdR0BZ6+3Eo=
-15,153,AsSpERrXCUrJvw7NGGainmF4zKg=,n51hjRA/01I5Riz5WdR0BZ6+3Eo=
-16,153,AsSpERrXCUrJvw7NGGainmF4zKg=,n51hjRA/01I5Riz5WdR0BZ6+3Eo=
-2,152,AsSpERrXCUrJvw7NGGainmF4zKg=,n51hjRA/01I5Riz5WdR0BZ6+3Eo=
-1,152,AsSpERrXCUrJvw7NGGainmF4zKg=,n51hjRA/01I5Riz5WdR0BZ6+3Eo=
-3,152,AsSpERrXCUrJvw7NGGainmF4zKg=,n51hjRA/01I5Riz5WdR0BZ6+3Eo=
-6,152,AsSpERrXCUrJvw7NGGainmF4zKg=,n51hjRA/01I5Riz5WdR0BZ6+3Eo=
-5,152,AsSpERrXCUrJvw7NGGainmF4zKg=,n51hjRA/01I5Riz5WdR0BZ6+3Eo=
-4,152,AsSpERrXCUrJvw7NGGainmF4zKg=,n51hjRA/01I5Riz5WdR0BZ6+3Eo=
-9,148,AsSpERrXCUrJvw7NGGainmF4zKg=,n51hjRA/01I5Riz5WdR0BZ6+3Eo=
-7,152,AsSpERrXCUrJvw7NGGainmF4zKg=,n51hjRA/01I5Riz5WdR0BZ6+3Eo=
-8,152,AsSpERrXCUrJvw7NGGainmF4zKg=,n51hjRA/01I5Riz5WdR0BZ6+3Eo=
-12,152,AsSpERrXCUrJvw7NGGainmF4zKg=,n51hjRA/01I5Riz5WdR0BZ6+3Eo=
-11,152,AsSpERrXCUrJvw7NGGainmF4zKg=,n51hjRA/01I5Riz5WdR0BZ6+3Eo=
-10,152,AsSpERrXCUrJvw7NGGainmF4zKg=,n51hjRA/01I5Riz5WdR0BZ6+3Eo=
-8,148,AsSpERrXCUrJvw7NGGainmF4zKg=,n51hjRA/01I5Riz5WdR0BZ6+3Eo=
-13,152,AsSpERrXCUrJvw7NGGainmF4zKg=,n51hjRA/01I5Riz5WdR0BZ6+3Eo=
-9,152,AsSpERrXCUrJvw7NGGainmF4zKg=,n51hjRA/01I5Riz5WdR0BZ6+3Eo=
-15,152,AsSpERrXCUrJvw7NGGainmF4zKg=,n51hjRA/01I5Riz5WdR0BZ6+3Eo=
-2,151,AsSpERrXCUrJvw7NGGainmF4zKg=,n51hjRA/01I5Riz5WdR0BZ6+3Eo=
-16,152,AsSpERrXCUrJvw7NGGainmF4zKg=,n51hjRA/01I5Riz5WdR0BZ6+3Eo=
-6,151,AsSpERrXCUrJvw7NGGainmF4zKg=,n51hjRA/01I5Riz5WdR0BZ6+3Eo=
-5,151,AsSpERrXCUrJvw7NGGainmF4zKg=,n51hjRA/01I5Riz5WdR0BZ6+3Eo=
-3,151,AsSpERrXCUrJvw7NGGainmF4zKg=,n51hjRA/01I5Riz5WdR0BZ6+3Eo=
-4,151,AsSpERrXCUrJvw7NGGainmF4zKg=,n51hjRA/01I5Riz5WdR0BZ6+3Eo=
-7,148,AsSpERrXCUrJvw7NGGainmF4zKg=,n51hjRA/01I5Riz5WdR0BZ6+3Eo=
-7,151,AsSpERrXCUrJvw7NGGainmF4zKg=,n51hjRA/01I5Riz5WdR0BZ6+3Eo=
-6,148,AsSpERrXCUrJvw7NGGainmF4zKg=,n51hjRA/01I5Riz5WdR0BZ6+3Eo=
-8,151,AsSpERrXCUrJvw7NGGainmF4zKg=,n51hjRA/01I5Riz5WdR0BZ6+3Eo=
-5,148,AsSpERrXCUrJvw7NGGainmF4zKg=,n51hjRA/01I5Riz5WdR0BZ6+3Eo=
-9,151,AsSpERrXCUrJvw7NGGainmF4zKg=,n51hjRA/01I5Riz5WdR0BZ6+3Eo=
-11,151,AsSpERrXCUrJvw7NGGainmF4zKg=,n51hjRA/01I5Riz5WdR0BZ6+3Eo=
-10,151,AsSpERrXCUrJvw7NGGainmF4zKg=,n51hjRA/01I5Riz5WdR0BZ6+3Eo=
-4,148,AsSpERrXCUrJvw7NGGainmF4zKg=,n51hjRA/01I5Riz5WdR0BZ6+3Eo=
-14,151,AsSpERrXCUrJvw7NGGainmF4zKg=,n51hjRA/01I5Riz5WdR0BZ6+3Eo=
-12,151,AsSpERrXCUrJvw7NGGainmF4zKg=,n51hjRA/01I5Riz5WdR0BZ6+3Eo=
-13,151,AsSpERrXCUrJvw7NGGainmF4zKg=,n51hjRA/01I5Riz5WdR0BZ6+3Eo=
-15,151,AsSpERrXCUrJvw7NGGainmF4zKg=,n51hjRA/01I5Riz5WdR0BZ6+3Eo=
-3,148,AsSpERrXCUrJvw7NGGainmF4zKg=,n51hjRA/01I5Riz5WdR0BZ6+3Eo=
-5,150,AsSpERrXCUrJvw7NGGainmF4zKg=,n51hjRA/01I5Riz5WdR0BZ6+3Eo=
-16,151,AsSpERrXCUrJvw7NGGainmF4zKg=,n51hjRA/01I5Riz5WdR0BZ6+3Eo=
-6,150,AsSpERrXCUrJvw7NGGainmF4zKg=,n51hjRA/01I5Riz5WdR0BZ6+3Eo=
-4,150,AsSpERrXCUrJvw7NGGainmF4zKg=,n51hjRA/01I5Riz5WdR0BZ6+3Eo=
-2,150,AsSpERrXCUrJvw7NGGainmF4zKg=,n51hjRA/01I5Riz5WdR0BZ6+3Eo=
-7,150,AsSpERrXCUrJvw7NGGainmF4zKg=,n51hjRA/01I5Riz5WdR0BZ6+3Eo=
-8,150,AsSpERrXCUrJvw7NGGainmF4zKg=,n51hjRA/01I5Riz5WdR0BZ6+3Eo=
-2,148,AsSpERrXCUrJvw7NGGainmF4zKg=,n51hjRA/01I5Riz5WdR0BZ6+3Eo=
-9,150,AsSpERrXCUrJvw7NGGainmF4zKg=,n51hjRA/01I5Riz5WdR0BZ6+3Eo=
-10,150,AsSpERrXCUrJvw7NGGainmF4zKg=,n51hjRA/01I5Riz5WdR0BZ6+3Eo=
-3,150,AsSpERrXCUrJvw7NGGainmF4zKg=,n51hjRA/01I5Riz5WdR0BZ6+3Eo=
-11,150,AsSpERrXCUrJvw7NGGainmF4zKg=,n51hjRA/01I5Riz5WdR0BZ6+3Eo=
-1,150,AsSpERrXCUrJvw7NGGainmF4zKg=,n51hjRA/01I5Riz5WdR0BZ6+3Eo=
-1,148,AsSpERrXCUrJvw7NGGainmF4zKg=,n51hjRA/01I5Riz5WdR0BZ6+3Eo=
-13,150,AsSpERrXCUrJvw7NGGainmF4zKg=,n51hjRA/01I5Riz5WdR0BZ6+3Eo=
-14,150,AsSpERrXCUrJvw7NGGainmF4zKg=,n51hjRA/01I5Riz5WdR0BZ6+3Eo=
-12,150,AsSpERrXCUrJvw7NGGainmF4zKg=,n51hjRA/01I5Riz5WdR0BZ6+3Eo=
-4,149,AsSpERrXCUrJvw7NGGainmF4zKg=,n51hjRA/01I5Riz5WdR0BZ6+3Eo=
-15,150,AsSpERrXCUrJvw7NGGainmF4zKg=,n51hjRA/01I5Riz5WdR0BZ6+3Eo=
-16,150,AsSpERrXCUrJvw7NGGainmF4zKg=,n51hjRA/01I5Riz5WdR0BZ6+3Eo=
-5,149,AsSpERrXCUrJvw7NGGainmF4zKg=,n51hjRA/01I5Riz5WdR0BZ6+3Eo=
-6,149,AsSpERrXCUrJvw7NGGainmF4zKg=,n51hjRA/01I5Riz5WdR0BZ6+3Eo=
-16,149,AsSpERrXCUrJvw7NGGainmF4zKg=,n51hjRA/01I5Riz5WdR0BZ6+3Eo=
-1,149,AsSpERrXCUrJvw7NGGainmF4zKg=,n51hjRA/01I5Riz5WdR0BZ6+3Eo=
-3,149,AsSpERrXCUrJvw7NGGainmF4zKg=,n51hjRA/01I5Riz5WdR0BZ6+3Eo=
-2,149,AsSpERrXCUrJvw7NGGainmF4zKg=,n51hjRA/01I5Riz5WdR0BZ6+3Eo=
-7,149,AsSpERrXCUrJvw7NGGainmF4zKg=,n51hjRA/01I5Riz5WdR0BZ6+3Eo=
-9,149,AsSpERrXCUrJvw7NGGainmF4zKg=,n51hjRA/01I5Riz5WdR0BZ6+3Eo=
-8,149,AsSpERrXCUrJvw7NGGainmF4zKg=,n51hjRA/01I5Riz5WdR0BZ6+3Eo=
-10,149,AsSpERrXCUrJvw7NGGainmF4zKg=,n51hjRA/01I5Riz5WdR0BZ6+3Eo=
-15,149,AsSpERrXCUrJvw7NGGainmF4zKg=,n51hjRA/01I5Riz5WdR0BZ6+3Eo=
-11,149,AsSpERrXCUrJvw7NGGainmF4zKg=,n51hjRA/01I5Riz5WdR0BZ6+3Eo=
-12,149,AsSpERrXCUrJvw7NGGainmF4zKg=,n51hjRA/01I5Riz5WdR0BZ6+3Eo=
-14,152,AsSpERrXCUrJvw7NGGainmF4zKg=,n51hjRA/01I5Riz5WdR0BZ6+3Eo=
-13,149,AsSpERrXCUrJvw7NGGainmF4zKg=,n51hjRA/01I5Riz5WdR0BZ6+3Eo=
-14,149,AsSpERrXCUrJvw7NGGainmF4zKg=,n51hjRA/01I5Riz5WdR0BZ6+3Eo=
-1,151,AsSpERrXCUrJvw7NGGainmF4zKg=,n51hjRA/01I5Riz5WdR0BZ6+3Eo=
