143,175,gecrVrcAlr1oBW1gGkRaL30dnCc=,Bhn8LTzw5Oo86be+7Bhdxp4B4d0=
142,175,gecrVrcAlr1oBW1gGkRaL30dnCc=,Bhn8LTzw5Oo86be+7Bhdxp4B4d0=
140,175,gecrVrcAlr1oBW1gGkRaL30dnCc=,Bhn8LTzw5Oo86be+7Bhdxp4B4d0=
139,175,gecrVrcAlr1oBW1gGkRaL30dnCc=,Bhn8LTzw5Oo86be+7Bhdxp4B4d0=
141,175,gecrVrcAlr1oBW1gGkRaL30dnCc=,Bhn8LTzw5Oo86be+7Bhdxp4B4d0=
137,175,gecrVrcAlr1oBW1gGkRaL30dnCc=,Bhn8LTzw5Oo86be+7Bhdxp4B4d0=
135,175,gecrVrcAlr1oBW1gGkRaL30dnCc=,Bhn8LTzw5Oo86be+7Bhdxp4B4d0=
136,175,gecrVrcAlr1oBW1gGkRaL30dnCc=,Bhn8LTzw5Oo86be+7Bhdxp4B4d0=
133,175,gecrVrcAlr1oBW1gGkRaL30dnCc=,Bhn8LTzw5Oo86be+7Bhdxp4B4d0=
131,175,gecrVrcAlr1oBW1gGkRaL30dnCc=,Bhn8LTzw5Oo86be+7Bhdxp4B4d0=
138,175,/qXs0YTNH7yxV6lIz+lvaesdoVY=,Bhn8LTzw5Oo86be+7Bhdxp4B4d0=
130,175,/qXs0YTNH7yxV6lIz+lvaesdoVY=,Bhn8LTzw5Oo86be+7Bhdxp4B4d0=
129,175,/qXs0YTNH7yxV6lIz+lvaesdoVY=,Bhn8LTzw5Oo86be+7Bhdxp4B4d0=
143,160,/qXs0YTNH7yxV6lIz+lvaesdoVY=,Bhn8LTzw5Oo86be+7Bhdxp4B4d0=
143,161,/qXs0YTNH7yxV6lIz+lvaesdoVY=,Bhn8LTzw5Oo86be+7Bhdxp4B4d0=
140,160,/qXs0YTNH7yxV6lIz+lvaesdoVY=,Bhn8LTzw5Oo86be+7Bhdxp4B4d0=
139,160,/qXs0YTNH7yxV6lIz+lvaesdoVY=,Bhn8LTzw5Oo86be+7Bhdxp4B4d0=
141,160,/qXs0YTNH7yxV6lIz+lvaesdoVY=,Bhn8LTzw5Oo86be+7Bhdxp4B4d0=
128,160,/qXs0YTNH7yxV6lIz+lvaesdoVY=,Bhn8LTzw5Oo86be+7Bhdxp4B4d0=
142,161,/qXs0YTNH7yxV6lIz+lvaesdoVY=,Bhn8LTzw5Oo86be+7Bhdxp4B4d0=
136,160,/qXs0YTNH7yxV6lIz+lvaesdoVY=,Bhn8LTzw5Oo86be+7Bhdxp4B4d0=
138,160,/qXs0YTNH7yxV6lIz+lvaesdoVY=,Bhn8LTzw5Oo86be+7Bhdxp4B4d0=
135,160,/qXs0YTNH7yxV6lIz+lvaesdoVY=,Bhn8LTzw5Oo86be+7Bhdxp4B4d0=
132,175,/qXs0YTNH7yxV6lIz+lvaesdoVY=,Bhn8LTzw5Oo86be+7Bhdxp4B4d0=
134,175,/qXs0YTNH7yxV6lIz+lvaesdoVY=,Bhn8LTzw5Oo86be+7Bhdxp4B4d0=
128,162,/qXs0YTNH7yxV6lIz+lvaesdoVY=,Bhn8LTzw5Oo86be+7Bhdxp4B4d0=
137,160,/qXs0YTNH7yxV6lIz+lvaesdoVY=,Bhn8LTzw5Oo86be+7Bhdxp4B4d0=
128,175,/qXs0YTNH7yxV6lIz+lvaesdoVY=,Bhn8LTzw5Oo86be+7Bhdxp4B4d0=
143,174,/qXs0YTNH7yxV6lIz+lvaesdoVY=,Bhn8LTzw5Oo86be+7Bhdxp4B4d0=
142,174,/qXs0YTNH7yxV6lIz+lvaesdoVY=,Bhn8LTzw5Oo86be+7Bhdxp4B4d0=
141,174,/qXs0YTNH7yxV6lIz+lvaesdoVY=,Bhn8LTzw5Oo86be+7Bhdxp4B4d0=
140,174,/qXs0YTNH7yxV6lIz+lvaesdoVY=,Bhn8LTzw5Oo86be+7Bhdxp4B4d0=
139,174,/qXs0YTNH7yxV6lIz+lvaesdoVY=,Bhn8LTzw5Oo86be+7Bhdxp4B4d0=
138,174,/qXs0YTNH7yxV6lIz+lvaesdoVY=,Bhn8LTzw5Oo86be+7Bhdxp4B4d0=
137,174,/qXs0YTNH7yxV6lIz+lvaesdoVY=,Bhn8LTzw5Oo86be+7Bhdxp4B4d0=
136,174,/qXs0YTNH7yxV6lIz+lvaesdoVY=,Bhn8LTzw5Oo86be+7Bhdxp4B4d0=
134,160,/qXs0YTNH7yxV6lIz+lvaesdoVY=,Bhn8LTzw5Oo86be+7Bhdxp4B4d0=
130,160,/qXs0YTNH7yxV6lIz+lvaesdoVY=,Bhn8LTzw5Oo86be+7Bhdxp4B4d0=
141,161,/qXs0YTNH7yxV6lIz+lvaesdoVY=,Bhn8LTzw5Oo86be+7Bhdxp4B4d0=
133,160,/qXs0YTNH7yxV6lIz+lvaesdoVY=,Bhn8LTzw5Oo86be+7Bhdxp4B4d0=
132,160,/qXs0YTNH7yxV6lIz+lvaesdoVY=,Bhn8LTzw5Oo86be+7Bhdxp4B4d0=
131,160,/qXs0YTNH7yxV6lIz+lvaesdoVY=,Bhn8LTzw5Oo86be+7Bhdxp4B4d0=
129,160,/qXs0YTNH7yxV6lIz+lvaesdoVY=,Bhn8LTzw5Oo86be+7Bhdxp4B4d0=
128,174,/qXs0YTNH7yxV6lIz+lvaesdoVY=,Bhn8LTzw5Oo86be+7Bhdxp4B4d0=
129,174,/qXs0YTNH7yxV6lIz+lvaesdoVY=,Bhn8LTzw5Oo86be+7Bhdxp4B4d0=
143,173,/qXs0YTNH7yxV6lIz+lvaesdoVY=,Bhn8LTzw5Oo86be+7Bhdxp4B4d0=
142,173,/qXs0YTNH7yxV6lIz+lvaesdoVY=,Bhn8LTzw5Oo86be+7Bhdxp4B4d0=
140,173,/qXs0YTNH7yxV6lIz+lvaesdoVY=,Bhn8LTzw5Oo86be+7Bhdxp4B4d0=
141,173,/qXs0YTNH7yxV6lIz+lvaesdoVY=,Bhn8LTzw5Oo86be+7Bhdxp4B4d0=
139,173,/qXs0YTNH7yxV6lIz+lvaesdoVY=,Bhn8LTzw5Oo86be+7Bhdxp4B4d0=
138,173,/qXs0YTNH7yxV6lIz+lvaesdoVY=,Bhn8LTzw5Oo86be+7Bhdxp4B4d0=
131,174,/qXs0YTNH7yxV6lIz+lvaesdoVY=,Bhn8LTzw5Oo86be+7Bhdxp4B4d0=
129,162,/qXs0YTNH7yxV6lIz+lvaesdoVY=,Bhn8LTzw5Oo86be+7Bhdxp4B4d0=
134,174,/qXs0YTNH7yxV6lIz+lvaesdoVY=,Bhn8LTzw5Oo86be+7Bhdxp4B4d0=
140,161,/qXs0YTNH7yxV6lIz+lvaesdoVY=,Bhn8LTzw5Oo86be+7Bhdxp4B4d0=
135,174,/qXs0YTNH7yxV6lIz+lvaesdoVY=,Bhn8LTzw5Oo86be+7Bhdxp4B4d0=
137,173,/qXs0YTNH7yxV6lIz+lvaesdoVY=,Bhn8LTzw5Oo86be+7Bhdxp4B4d0=
133,174,/qXs0YTNH7yxV6lIz+lvaesdoVY=,Bhn8LTzw5Oo86be+7Bhdxp4B4d0=
130,174,/qXs0YTNH7yxV6lIz+lvaesdoVY=,Bhn8LTzw5Oo86be+7Bhdxp4B4d0=
132,174,/qXs0YTNH7yxV6lIz+lvaesdoVY=,Bhn8LTzw5Oo86be+7Bhdxp4B4d0=
136,173,/qXs0YTNH7yxV6lIz+lvaesdoVY=,Bhn8LTzw5Oo86be+7Bhdxp4B4d0=
135,173,/qXs0YTNH7yxV6lIz+lvaesdoVY=,Bhn8LTzw5Oo86be+7Bhdxp4B4d0=
134,173,/qXs0YTNH7yxV6lIz+lvaesdoVY=,Bhn8LTzw5Oo86be+7Bhdxp4B4d0=
143,172,/qXs0YTNH7yxV6lIz+lvaesdoVY=,Bhn8LTzw5Oo86be+7Bhdxp4B4d0=
142,172,/qXs0YTNH7yxV6lIz+lvaesdoVY=,Bhn8LTzw5Oo86be+7Bhdxp4B4d0=
141,172,/qXs0YTNH7yxV6lIz+lvaesdoVY=,Bhn8LTzw5Oo86be+7Bhdxp4B4d0=
140,172,/qXs0YTNH7yxV6lIz+lvaesdoVY=,Bhn8LTzw5Oo86be+7Bhdxp4B4d0=
139,172,/qXs0YTNH7yxV6lIz+lvaesdoVY=,Bhn8LTzw5Oo86be+7Bhdxp4B4d0=
130,162,/qXs0YTNH7yxV6lIz+lvaesdoVY=,Bhn8LTzw5Oo86be+7Bhdxp4B4d0=
133,173,/qXs0YTNH7yxV6lIz+lvaesdoVY=,Bhn8LTzw5Oo86be+7Bhdxp4B4d0=
129,173,/qXs0YTNH7yxV6lIz+lvaesdoVY=,Bhn8LTzw5Oo86be+7Bhdxp4B4d0=
131,173,/qXs0YTNH7yxV6lIz+lvaesdoVY=,Bhn8LTzw5Oo86be+7Bhdxp4B4d0=
128,173,/qXs0YTNH7yxV6lIz+lvaesdoVY=,Bhn8LTzw5Oo86be+7Bhdxp4B4d0=
132,173,/qXs0YTNH7yxV6lIz+lvaesdoVY=,Bhn8LTzw5Oo86be+7Bhdxp4B4d0=
139,161,/qXs0YTNH7yxV6lIz+lvaesdoVY=,Bhn8LTzw5Oo86be+7Bhdxp4B4d0=
138,172,/qXs0YTNH7yxV6lIz+lvaesdoVY=,Bhn8LTzw5Oo86be+7Bhdxp4B4d0=
130,173,/qXs0YTNH7yxV6lIz+lvaesdoVY=,Bhn8LTzw5Oo86be+7Bhdxp4B4d0=
134,172,/qXs0YTNH7yxV6lIz+lvaesdoVY=,Bhn8LTzw5Oo86be+7Bhdxp4B4d0=
137,172,/qXs0YTNH7yxV6lIz+lvaesdoVY=,Bhn8LTzw5Oo86be+7Bhdxp4B4d0=
135,172,/qXs0YTNH7yxV6lIz+lvaesdoVY=,Bhn8LTzw5Oo86be+7Bhdxp4B4d0=
130,172,/qXs0YTNH7yxV6lIz+lvaesdoVY=,Bhn8LTzw5Oo86be+7Bhdxp4B4d0=
143,171,/qXs0YTNH7yxV6lIz+lvaesdoVY=,Bhn8LTzw5Oo86be+7Bhdxp4B4d0=
142,171,/qXs0YTNH7yxV6lIz+lvaesdoVY=,Bhn8LTzw5Oo86be+7Bhdxp4B4d0=
141,171,/qXs0YTNH7yxV6lIz+lvaesdoVY=,Bhn8LTzw5Oo86be+7Bhdxp4B4d0=
140,171,/qXs0YTNH7yxV6lIz+lvaesdoVY=,Bhn8LTzw5Oo86be+7Bhdxp4B4d0=
139,171,/qXs0YTNH7yxV6lIz+lvaesdoVY=,Bhn8LTzw5Oo86be+7Bhdxp4B4d0=
129,172,/qXs0YTNH7yxV6lIz+lvaesdoVY=,Bhn8LTzw5Oo86be+7Bhdxp4B4d0=
133,172,/qXs0YTNH7yxV6lIz+lvaesdoVY=,Bhn8LTzw5Oo86be+7Bhdxp4B4d0=
138,161,/qXs0YTNH7yxV6lIz+lvaesdoVY=,Bhn8LTzw5Oo86be+7Bhdxp4B4d0=
136,172,/qXs0YTNH7yxV6lIz+lvaesdoVY=,Bhn8LTzw5Oo86be+7Bhdxp4B4d0=
128,172,/qXs0YTNH7yxV6lIz+lvaesdoVY=,Bhn8LTzw5Oo86be+7Bhdxp4B4d0=
131,162,/qXs0YTNH7yxV6lIz+lvaesdoVY=,Bhn8LTzw5Oo86be+7Bhdxp4B4d0=
132,172,/qXs0YTNH7yxV6lIz+lvaesdoVY=,Bhn8LTzw5Oo86be+7Bhdxp4B4d0=
137,171,/qXs0YTNH7yxV6lIz+lvaesdoVY=,Bhn8LTzw5Oo86be+7Bhdxp4B4d0=
138,171,/qXs0YTNH7yxV6lIz+lvaesdoVY=,Bhn8LTzw5Oo86be+7Bhdxp4B4d0=
134,171,/qXs0YTNH7yxV6lIz+lvaesdoVY=,Bhn8LTzw5Oo86be+7Bhdxp4B4d0=
135,171,/qXs0YTNH7yxV6lIz+lvaesdoVY=,Bhn8LTzw5Oo86be+7Bhdxp4B4d0=
133,171,/qXs0YTNH7yxV6lIz+lvaesdoVY=,Bhn8LTzw5Oo86be+7Bhdxp4B4d0=
136,171,/qXs0YTNH7yxV6lIz+lvaesdoVY=,Bhn8LTzw5Oo86be+7Bhdxp4B4d0=
143,170,/qXs0YTNH7yxV6lIz+lvaesdoVY=,Bhn8LTzw5Oo86be+7Bhdxp4B4d0=
142,170,/qXs0YTNH7yxV6lIz+lvaesdoVY=,Bhn8LTzw5Oo86be+7Bhdxp4B4d0=
141,170,/qXs0YTNH7yxV6lIz+lvaesdoVY=,Bhn8LTzw5Oo86be+7Bhdxp4B4d0=
140,170,/qXs0YTNH7yxV6lIz+lvaesdoVY=,Bhn8LTzw5Oo86be+7Bhdxp4B4d0=
130,171,/qXs0YTNH7yxV6lIz+lvaesdoVY=,Bhn8LTzw5Oo86be+7Bhdxp4B4d0=
137,161,/qXs0YTNH7yxV6lIz+lvaesdoVY=,Bhn8LTzw5Oo86be+7Bhdxp4B4d0=
129,171,/qXs0YTNH7yxV6lIz+lvaesdoVY=,Bhn8LTzw5Oo86be+7Bhdxp4B4d0=
132,171,/qXs0YTNH7yxV6lIz+lvaesdoVY=,Bhn8LTzw5Oo86be+7Bhdxp4B4d0=
131,171,/qXs0YTNH7yxV6lIz+lvaesdoVY=,Bhn8LTzw5Oo86be+7Bhdxp4B4d0=
139,170,/qXs0YTNH7yxV6lIz+lvaesdoVY=,Bhn8LTzw5Oo86be+7Bhdxp4B4d0=
132,162,/qXs0YTNH7yxV6lIz+lvaesdoVY=,Bhn8LTzw5Oo86be+7Bhdxp4B4d0=
128,171,/qXs0YTNH7yxV6lIz+lvaesdoVY=,Bhn8LTzw5Oo86be+7Bhdxp4B4d0=
131,172,/qXs0YTNH7yxV6lIz+lvaesdoVY=,Bhn8LTzw5Oo86be+7Bhdxp4B4d0=
138,170,/qXs0YTNH7yxV6lIz+lvaesdoVY=,Bhn8LTzw5Oo86be+7Bhdxp4B4d0=
133,162,/qXs0YTNH7yxV6lIz+lvaesdoVY=,Bhn8LTzw5Oo86be+7Bhdxp4B4d0=
136,161,/qXs0YTNH7yxV6lIz+lvaesdoVY=,Bhn8LTzw5Oo86be+7Bhdxp4B4d0=
136,170,/qXs0YTNH7yxV6lIz+lvaesdoVY=,Bhn8LTzw5Oo86be+7Bhdxp4B4d0=
137,170,/qXs0YTNH7yxV6lIz+lvaesdoVY=,Bhn8LTzw5Oo86be+7Bhdxp4B4d0=
134,162,/qXs0YTNH7yxV6lIz+lvaesdoVY=,Bhn8LTzw5Oo86be+7Bhdxp4B4d0=
133,170,/qXs0YTNH7yxV6lIz+lvaesdoVY=,Bhn8LTzw5Oo86be+7Bhdxp4B4d0=
143,169,/qXs0YTNH7yxV6lIz+lvaesdoVY=,Bhn8LTzw5Oo86be+7Bhdxp4B4d0=
141,169,/qXs0YTNH7yxV6lIz+lvaesdoVY=,Bhn8LTzw5Oo86be+7Bhdxp4B4d0=
142,169,/qXs0YTNH7yxV6lIz+lvaesdoVY=,Bhn8LTzw5Oo86be+7Bhdxp4B4d0=
135,170,/qXs0YTNH7yxV6lIz+lvaesdoVY=,Bhn8LTzw5Oo86be+7Bhdxp4B4d0=
132,170,/qXs0YTNH7yxV6lIz+lvaesdoVY=,Bhn8LTzw5Oo86be+7Bhdxp4B4d0=
130,170,/qXs0YTNH7yxV6lIz+lvaesdoVY=,Bhn8LTzw5Oo86be+7Bhdxp4B4d0=
135,162,/qXs0YTNH7yxV6lIz+lvaesdoVY=,Bhn8LTzw5Oo86be+7Bhdxp4B4d0=
134,170,/qXs0YTNH7yxV6lIz+lvaesdoVY=,Bhn8LTzw5Oo86be+7Bhdxp4B4d0=
131,170,/qXs0YTNH7yxV6lIz+lvaesdoVY=,Bhn8LTzw5Oo86be+7Bhdxp4B4d0=
129,170,/qXs0YTNH7yxV6lIz+lvaesdoVY=,Bhn8LTzw5Oo86be+7Bhdxp4B4d0=
140,169,/qXs0YTNH7yxV6lIz+lvaesdoVY=,Bhn8LTzw5Oo86be+7Bhdxp4B4d0=
139,169,/qXs0YTNH7yxV6lIz+lvaesdoVY=,Bhn8LTzw5Oo86be+7Bhdxp4B4d0=
135,161,/qXs0YTNH7yxV6lIz+lvaesdoVY=,Bhn8LTzw5Oo86be+7Bhdxp4B4d0=
128,170,/qXs0YTNH7yxV6lIz+lvaesdoVY=,Bhn8LTzw5Oo86be+7Bhdxp4B4d0=
136,162,/qXs0YTNH7yxV6lIz+lvaesdoVY=,Bhn8LTzw5Oo86be+7Bhdxp4B4d0=
133,169,/qXs0YTNH7yxV6lIz+lvaesdoVY=,Bhn8LTzw5Oo86be+7Bhdxp4B4d0=
136,169,/qXs0YTNH7yxV6lIz+lvaesdoVY=,Bhn8LTzw5Oo86be+7Bhdxp4B4d0=
138,169,/qXs0YTNH7yxV6lIz+lvaesdoVY=,Bhn8LTzw5Oo86be+7Bhdxp4B4d0=
135,169,/qXs0YTNH7yxV6lIz+lvaesdoVY=,Bhn8LTzw5Oo86be+7Bhdxp4B4d0=
143,168,/qXs0YTNH7yxV6lIz+lvaesdoVY=,Bhn8LTzw5Oo86be+7Bhdxp4B4d0=
142,168,/qXs0YTNH7yxV6lIz+lvaesdoVY=,Bhn8LTzw5Oo86be+7Bhdxp4B4d0=
137,169,/qXs0YTNH7yxV6lIz+lvaesdoVY=,Bhn8LTzw5Oo86be+7Bhdxp4B4d0=
129,169,/qXs0YTNH7yxV6lIz+lvaesdoVY=,Bhn8LTzw5Oo86be+7Bhdxp4B4d0=
140,168,/qXs0YTNH7yxV6lIz+lvaesdoVY=,Bhn8LTzw5Oo86be+7Bhdxp4B4d0=
132,169,/qXs0YTNH7yxV6lIz+lvaesdoVY=,Bhn8LTzw5Oo86be+7Bhdxp4B4d0=
131,169,/qXs0YTNH7yxV6lIz+lvaesdoVY=,Bhn8LTzw5Oo86be+7Bhdxp4B4d0=
134,169,/qXs0YTNH7yxV6lIz+lvaesdoVY=,Bhn8LTzw5Oo86be+7Bhdxp4B4d0=
137,162,/qXs0YTNH7yxV6lIz+lvaesdoVY=,Bhn8LTzw5Oo86be+7Bhdxp4B4d0=
141,168,/qXs0YTNH7yxV6lIz+lvaesdoVY=,Bhn8LTzw5Oo86be+7Bhdxp4B4d0=
130,169,/qXs0YTNH7yxV6lIz+lvaesdoVY=,Bhn8LTzw5Oo86be+7Bhdxp4B4d0=
128,169,/qXs0YTNH7yxV6lIz+lvaesdoVY=,Bhn8LTzw5Oo86be+7Bhdxp4B4d0=
134,161,/qXs0YTNH7yxV6lIz+lvaesdoVY=,Bhn8LTzw5Oo86be+7Bhdxp4B4d0=
139,168,/qXs0YTNH7yxV6lIz+lvaesdoVY=,Bhn8LTzw5Oo86be+7Bhdxp4B4d0=
133,168,/qXs0YTNH7yxV6lIz+lvaesdoVY=,Bhn8LTzw5Oo86be+7Bhdxp4B4d0=
132,168,/qXs0YTNH7yxV6lIz+lvaesdoVY=,Bhn8LTzw5Oo86be+7Bhdxp4B4d0=
138,162,/qXs0YTNH7yxV6lIz+lvaesdoVY=,Bhn8LTzw5Oo86be+7Bhdxp4B4d0=
138,168,/qXs0YTNH7yxV6lIz+lvaesdoVY=,Bhn8LTzw5Oo86be+7Bhdxp4B4d0=
136,168,/qXs0YTNH7yxV6lIz+lvaesdoVY=,Bhn8LTzw5Oo86be+7Bhdxp4B4d0=
134,168,/qXs0YTNH7yxV6lIz+lvaesdoVY=,Bhn8LTzw5Oo86be+7Bhdxp4B4d0=
131,168,/qXs0YTNH7yxV6lIz+lvaesdoVY=,Bhn8LTzw5Oo86be+7Bhdxp4B4d0=
135,168,/qXs0YTNH7yxV6lIz+lvaesdoVY=,Bhn8LTzw5Oo86be+7Bhdxp4B4d0=
137,168,/qXs0YTNH7yxV6lIz+lvaesdoVY=,Bhn8LTzw5Oo86be+7Bhdxp4B4d0=
130,168,/qXs0YTNH7yxV6lIz+lvaesdoVY=,Bhn8LTzw5Oo86be+7Bhdxp4B4d0=
142,167,/qXs0YTNH7yxV6lIz+lvaesdoVY=,Bhn8LTzw5Oo86be+7Bhdxp4B4d0=
141,167,/qXs0YTNH7yxV6lIz+lvaesdoVY=,Bhn8LTzw5Oo86be+7Bhdxp4B4d0=
139,162,/qXs0YTNH7yxV6lIz+lvaesdoVY=,Bhn8LTzw5Oo86be+7Bhdxp4B4d0=
140,167,/qXs0YTNH7yxV6lIz+lvaesdoVY=,Bhn8LTzw5Oo86be+7Bhdxp4B4d0=
143,167,/qXs0YTNH7yxV6lIz+lvaesdoVY=,Bhn8LTzw5Oo86be+7Bhdxp4B4d0=
139,167,/qXs0YTNH7yxV6lIz+lvaesdoVY=,Bhn8LTzw5Oo86be+7Bhdxp4B4d0=
138,167,/qXs0YTNH7yxV6lIz+lvaesdoVY=,Bhn8LTzw5Oo86be+7Bhdxp4B4d0=
128,168,/qXs0YTNH7yxV6lIz+lvaesdoVY=,Bhn8LTzw5Oo86be+7Bhdxp4B4d0=
129,168,/qXs0YTNH7yxV6lIz+lvaesdoVY=,Bhn8LTzw5Oo86be+7Bhdxp4B4d0=
133,161,/qXs0YTNH7yxV6lIz+lvaesdoVY=,Bhn8LTzw5Oo86be+7Bhdxp4B4d0=
140,162,/qXs0YTNH7yxV6lIz+lvaesdoVY=,Bhn8LTzw5Oo86be+7Bhdxp4B4d0=
135,167,/qXs0YTNH7yxV6lIz+lvaesdoVY=,Bhn8LTzw5Oo86be+7Bhdxp4B4d0=
137,167,/qXs0YTNH7yxV6lIz+lvaesdoVY=,Bhn8LTzw5Oo86be+7Bhdxp4B4d0=
131,167,/qXs0YTNH7yxV6lIz+lvaesdoVY=,Bhn8LTzw5Oo86be+7Bhdxp4B4d0=
136,167,/qXs0YTNH7yxV6lIz+lvaesdoVY=,Bhn8LTzw5Oo86be+7Bhdxp4B4d0=
132,167,/qXs0YTNH7yxV6lIz+lvaesdoVY=,Bhn8LTzw5Oo86be+7Bhdxp4B4d0=
133,167,/qXs0YTNH7yxV6lIz+lvaesdoVY=,Bhn8LTzw5Oo86be+7Bhdxp4B4d0=
143,166,/qXs0YTNH7yxV6lIz+lvaesdoVY=,Bhn8LTzw5Oo86be+7Bhdxp4B4d0=
134,167,/qXs0YTNH7yxV6lIz+lvaesdoVY=,Bhn8LTzw5Oo86be+7Bhdxp4B4d0=
130,167,/qXs0YTNH7yxV6lIz+lvaesdoVY=,Bhn8LTzw5Oo86be+7Bhdxp4B4d0=
142,166,/qXs0YTNH7yxV6lIz+lvaesdoVY=,Bhn8LTzw5Oo86be+7Bhdxp4B4d0=
141,162,/qXs0YTNH7yxV6lIz+lvaesdoVY=,Bhn8LTzw5Oo86be+7Bhdxp4B4d0=
141,166,/qXs0YTNH7yxV6lIz+lvaesdoVY=,Bhn8LTzw5Oo86be+7Bhdxp4B4d0=
140,166,/qXs0YTNH7yxV6lIz+lvaesdoVY=,Bhn8LTzw5Oo86be+7Bhdxp4B4d0=
128,167,/qXs0YTNH7yxV6lIz+lvaesdoVY=,Bhn8LTzw5Oo86be+7Bhdxp4B4d0=
129,167,/qXs0YTNH7yxV6lIz+lvaesdoVY=,Bhn8LTzw5Oo86be+7Bhdxp4B4d0=
128,161,/qXs0YTNH7yxV6lIz+lvaesdoVY=,Bhn8LTzw5Oo86be+7Bhdxp4B4d0=
139,166,/qXs0YTNH7yxV6lIz+lvaesdoVY=,Bhn8LTzw5Oo86be+7Bhdxp4B4d0=
138,166,/qXs0YTNH7yxV6lIz+lvaesdoVY=,Bhn8LTzw5Oo86be+7Bhdxp4B4d0=
132,161,/qXs0YTNH7yxV6lIz+lvaesdoVY=,Bhn8LTzw5Oo86be+7Bhdxp4B4d0=
133,166,/qXs0YTNH7yxV6lIz+lvaesdoVY=,Bhn8LTzw5Oo86be+7Bhdxp4B4d0=
142,162,/qXs0YTNH7yxV6lIz+lvaesdoVY=,Bhn8LTzw5Oo86be+7Bhdxp4B4d0=
131,166,/qXs0YTNH7yxV6lIz+lvaesdoVY=,Bhn8LTzw5Oo86be+7Bhdxp4B4d0=
134,166,/qXs0YTNH7yxV6lIz+lvaesdoVY=,Bhn8LTzw5Oo86be+7Bhdxp4B4d0=
132,166,/qXs0YTNH7yxV6lIz+lvaesdoVY=,Bhn8LTzw5Oo86be+7Bhdxp4B4d0=
137,166,/qXs0YTNH7yxV6lIz+lvaesdoVY=,Bhn8LTzw5Oo86be+7Bhdxp4B4d0=
136,166,/qXs0YTNH7yxV6lIz+lvaesdoVY=,Bhn8LTzw5Oo86be+7Bhdxp4B4d0=
135,166,/qXs0YTNH7yxV6lIz+lvaesdoVY=,Bhn8LTzw5Oo86be+7Bhdxp4B4d0=
143,165,/qXs0YTNH7yxV6lIz+lvaesdoVY=,Bhn8LTzw5Oo86be+7Bhdxp4B4d0=
130,166,/qXs0YTNH7yxV6lIz+lvaesdoVY=,Bhn8LTzw5Oo86be+7Bhdxp4B4d0=
129,166,/qXs0YTNH7yxV6lIz+lvaesdoVY=,Bhn8LTzw5Oo86be+7Bhdxp4B4d0=
142,165,/qXs0YTNH7yxV6lIz+lvaesdoVY=,Bhn8LTzw5Oo86be+7Bhdxp4B4d0=
138,165,/qXs0YTNH7yxV6lIz+lvaesdoVY=,Bhn8LTzw5Oo86be+7Bhdxp4B4d0=
128,166,/qXs0YTNH7yxV6lIz+lvaesdoVY=,Bhn8LTzw5Oo86be+7Bhdxp4B4d0=
142,160,/qXs0YTNH7yxV6lIz+lvaesdoVY=,Bhn8LTzw5Oo86be+7Bhdxp4B4d0=
139,165,/qXs0YTNH7yxV6lIz+lvaesdoVY=,Bhn8LTzw5Oo86be+7Bhdxp4B4d0=
141,165,/qXs0YTNH7yxV6lIz+lvaesdoVY=,Bhn8LTzw5Oo86be+7Bhdxp4B4d0=
140,165,/qXs0YTNH7yxV6lIz+lvaesdoVY=,Bhn8LTzw5Oo86be+7Bhdxp4B4d0=
133,165,/qXs0YTNH7yxV6lIz+lvaesdoVY=,Bhn8LTzw5Oo86be+7Bhdxp4B4d0=
132,165,/qXs0YTNH7yxV6lIz+lvaesdoVY=,Bhn8LTzw5Oo86be+7Bhdxp4B4d0=
131,161,/qXs0YTNH7yxV6lIz+lvaesdoVY=,Bhn8LTzw5Oo86be+7Bhdxp4B4d0=
131,165,/qXs0YTNH7yxV6lIz+lvaesdoVY=,Bhn8LTzw5Oo86be+7Bhdxp4B4d0=
137,165,/qXs0YTNH7yxV6lIz+lvaesdoVY=,Bhn8LTzw5Oo86be+7Bhdxp4B4d0=
136,165,/qXs0YTNH7yxV6lIz+lvaesdoVY=,Bhn8LTzw5Oo86be+7Bhdxp4B4d0=
135,165,/qXs0YTNH7yxV6lIz+lvaesdoVY=,Bhn8LTzw5Oo86be+7Bhdxp4B4d0=
134,165,/qXs0YTNH7yxV6lIz+lvaesdoVY=,Bhn8LTzw5Oo86be+7Bhdxp4B4d0=
143,164,/qXs0YTNH7yxV6lIz+lvaesdoVY=,Bhn8LTzw5Oo86be+7Bhdxp4B4d0=
130,165,/qXs0YTNH7yxV6lIz+lvaesdoVY=,Bhn8LTzw5Oo86be+7Bhdxp4B4d0=
141,164,/qXs0YTNH7yxV6lIz+lvaesdoVY=,Bhn8LTzw5Oo86be+7Bhdxp4B4d0=
129,165,/qXs0YTNH7yxV6lIz+lvaesdoVY=,Bhn8LTzw5Oo86be+7Bhdxp4B4d0=
142,164,/qXs0YTNH7yxV6lIz+lvaesdoVY=,Bhn8LTzw5Oo86be+7Bhdxp4B4d0=
128,165,/qXs0YTNH7yxV6lIz+lvaesdoVY=,Bhn8LTzw5Oo86be+7Bhdxp4B4d0=
140,164,/qXs0YTNH7yxV6lIz+lvaesdoVY=,Bhn8LTzw5Oo86be+7Bhdxp4B4d0=
139,164,/qXs0YTNH7yxV6lIz+lvaesdoVY=,Bhn8LTzw5Oo86be+7Bhdxp4B4d0=
130,161,/qXs0YTNH7yxV6lIz+lvaesdoVY=,Bhn8LTzw5Oo86be+7Bhdxp4B4d0=
137,164,/qXs0YTNH7yxV6lIz+lvaesdoVY=,Bhn8LTzw5Oo86be+7Bhdxp4B4d0=
138,164,/qXs0YTNH7yxV6lIz+lvaesdoVY=,Bhn8LTzw5Oo86be+7Bhdxp4B4d0=
136,164,/qXs0YTNH7yxV6lIz+lvaesdoVY=,Bhn8LTzw5Oo86be+7Bhdxp4B4d0=
135,164,/qXs0YTNH7yxV6lIz+lvaesdoVY=,Bhn8LTzw5Oo86be+7Bhdxp4B4d0=
134,164,/qXs0YTNH7yxV6lIz+lvaesdoVY=,Bhn8LTzw5Oo86be+7Bhdxp4B4d0=
133,164,/qXs0YTNH7yxV6lIz+lvaesdoVY=,Bhn8LTzw5Oo86be+7Bhdxp4B4d0=
131,164,/qXs0YTNH7yxV6lIz+lvaesdoVY=,Bhn8LTzw5Oo86be+7Bhdxp4B4d0=
132,164,/qXs0YTNH7yxV6lIz+lvaesdoVY=,Bhn8LTzw5Oo86be+7Bhdxp4B4d0=
142,163,/qXs0YTNH7yxV6lIz+lvaesdoVY=,Bhn8LTzw5Oo86be+7Bhdxp4B4d0=
141,163,/qXs0YTNH7yxV6lIz+lvaesdoVY=,Bhn8LTzw5Oo86be+7Bhdxp4B4d0=
130,164,/qXs0YTNH7yxV6lIz+lvaesdoVY=,Bhn8LTzw5Oo86be+7Bhdxp4B4d0=
129,164,/qXs0YTNH7yxV6lIz+lvaesdoVY=,Bhn8LTzw5Oo86be+7Bhdxp4B4d0=
143,163,/qXs0YTNH7yxV6lIz+lvaesdoVY=,Bhn8LTzw5Oo86be+7Bhdxp4B4d0=
128,164,/qXs0YTNH7yxV6lIz+lvaesdoVY=,Bhn8LTzw5Oo86be+7Bhdxp4B4d0=
139,163,/qXs0YTNH7yxV6lIz+lvaesdoVY=,Bhn8LTzw5Oo86be+7Bhdxp4B4d0=
136,163,/qXs0YTNH7yxV6lIz+lvaesdoVY=,Bhn8LTzw5Oo86be+7Bhdxp4B4d0=
132,163,/qXs0YTNH7yxV6lIz+lvaesdoVY=,Bhn8LTzw5Oo86be+7Bhdxp4B4d0=
135,163,/qXs0YTNH7yxV6lIz+lvaesdoVY=,Bhn8LTzw5Oo86be+7Bhdxp4B4d0=
137,163,/qXs0YTNH7yxV6lIz+lvaesdoVY=,Bhn8LTzw5Oo86be+7Bhdxp4B4d0=
138,163,/qXs0YTNH7yxV6lIz+lvaesdoVY=,Bhn8LTzw5Oo86be+7Bhdxp4B4d0=
133,163,/qXs0YTNH7yxV6lIz+lvaesdoVY=,Bhn8LTzw5Oo86be+7Bhdxp4B4d0=
134,163,/qXs0YTNH7yxV6lIz+lvaesdoVY=,Bhn8LTzw5Oo86be+7Bhdxp4B4d0=
131,163,/qXs0YTNH7yxV6lIz+lvaesdoVY=,Bhn8LTzw5Oo86be+7Bhdxp4B4d0=
140,163,/qXs0YTNH7yxV6lIz+lvaesdoVY=,Bhn8LTzw5Oo86be+7Bhdxp4B4d0=
130,163,/qXs0YTNH7yxV6lIz+lvaesdoVY=,Bhn8LTzw5Oo86be+7Bhdxp4B4d0=
143,162,/qXs0YTNH7yxV6lIz+lvaesdoVY=,Bhn8LTzw5Oo86be+7Bhdxp4B4d0=
128,163,/qXs0YTNH7yxV6lIz+lvaesdoVY=,Bhn8LTzw5Oo86be+7Bhdxp4B4d0=
129,161,/qXs0YTNH7yxV6lIz+lvaesdoVY=,Bhn8LTzw5Oo86be+7Bhdxp4B4d0=
129,163,/qXs0YTNH7yxV6lIz+lvaesdoVY=,Bhn8LTzw5Oo86be+7Bhdxp4B4d0=
159,175,/qXs0YTNH7yxV6lIz+lvaesdoVY=,Bhn8LTzw5Oo86be+7Bhdxp4B4d0=
158,175,/qXs0YTNH7yxV6lIz+lvaesdoVY=,Bhn8LTzw5Oo86be+7Bhdxp4B4d0=
156,175,/qXs0YTNH7yxV6lIz+lvaesdoVY=,Bhn8LTzw5Oo86be+7Bhdxp4B4d0=
157,175,/qXs0YTNH7yxV6lIz+lvaesdoVY=,Bhn8LTzw5Oo86be+7Bhdxp4B4d0=
155,175,/qXs0YTNH7yxV6lIz+lvaesdoVY=,Bhn8LTzw5Oo86be+7Bhdxp4B4d0=
154,175,/qXs0YTNH7yxV6lIz+lvaesdoVY=,Bhn8LTzw5Oo86be+7Bhdxp4B4d0=
151,175,/qXs0YTNH7yxV6lIz+lvaesdoVY=,Bhn8LTzw5Oo86be+7Bhdxp4B4d0=
153,175,/qXs0YTNH7yxV6lIz+lvaesdoVY=,Bhn8LTzw5Oo86be+7Bhdxp4B4d0=
152,175,/qXs0YTNH7yxV6lIz+lvaesdoVY=,Bhn8LTzw5Oo86be+7Bhdxp4B4d0=
149,175,/qXs0YTNH7yxV6lIz+lvaesdoVY=,Bhn8LTzw5Oo86be+7Bhdxp4B4d0=
150,175,/qXs0YTNH7yxV6lIz+lvaesdoVY=,Bhn8LTzw5Oo86be+7Bhdxp4B4d0=
148,175,/qXs0YTNH7yxV6lIz+lvaesdoVY=,Bhn8LTzw5Oo86be+7Bhdxp4B4d0=
147,175,/qXs0YTNH7yxV6lIz+lvaesdoVY=,Bhn8LTzw5Oo86be+7Bhdxp4B4d0=
146,175,/qXs0YTNH7yxV6lIz+lvaesdoVY=,Bhn8LTzw5Oo86be+7Bhdxp4B4d0=
144,175,/qXs0YTNH7yxV6lIz+lvaesdoVY=,Bhn8LTzw5Oo86be+7Bhdxp4B4d0=
145,175,/qXs0YTNH7yxV6lIz+lvaesdoVY=,Bhn8LTzw5Oo86be+7Bhdxp4B4d0=
159,174,/qXs0YTNH7yxV6lIz+lvaesdoVY=,Bhn8LTzw5Oo86be+7Bhdxp4B4d0=
158,174,/qXs0YTNH7yxV6lIz+lvaesdoVY=,Bhn8LTzw5Oo86be+7Bhdxp4B4d0=
157,174,/qXs0YTNH7yxV6lIz+lvaesdoVY=,Bhn8LTzw5Oo86be+7Bhdxp4B4d0=
156,174,/qXs0YTNH7yxV6lIz+lvaesdoVY=,Bhn8LTzw5Oo86be+7Bhdxp4B4d0=
154,174,/qXs0YTNH7yxV6lIz+lvaesdoVY=,Bhn8LTzw5Oo86be+7Bhdxp4B4d0=
153,174,/qXs0YTNH7yxV6lIz+lvaesdoVY=,Bhn8LTzw5Oo86be+7Bhdxp4B4d0=
155,174,/qXs0YTNH7yxV6lIz+lvaesdoVY=,Bhn8LTzw5Oo86be+7Bhdxp4B4d0=
152,174,/qXs0YTNH7yxV6lIz+lvaesdoVY=,Bhn8LTzw5Oo86be+7Bhdxp4B4d0=
149,174,/qXs0YTNH7yxV6lIz+lvaesdoVY=,Bhn8LTzw5Oo86be+7Bhdxp4B4d0=
148,174,/qXs0YTNH7yxV6lIz+lvaesdoVY=,Bhn8LTzw5Oo86be+7Bhdxp4B4d0=
151,174,/qXs0YTNH7yxV6lIz+lvaesdoVY=,Bhn8LTzw5Oo86be+7Bhdxp4B4d0=
150,174,/qXs0YTNH7yxV6lIz+lvaesdoVY=,Bhn8LTzw5Oo86be+7Bhdxp4B4d0=
147,174,/qXs0YTNH7yxV6lIz+lvaesdoVY=,Bhn8LTzw5Oo86be+7Bhdxp4B4d0=
146,174,/qXs0YTNH7yxV6lIz+lvaesdoVY=,Bhn8LTzw5Oo86be+7Bhdxp4B4d0=
145,174,/qXs0YTNH7yxV6lIz+lvaesdoVY=,Bhn8LTzw5Oo86be+7Bhdxp4B4d0=
144,174,/qXs0YTNH7yxV6lIz+lvaesdoVY=,Bhn8LTzw5Oo86be+7Bhdxp4B4d0=
159,173,/qXs0YTNH7yxV6lIz+lvaesdoVY=,Bhn8LTzw5Oo86be+7Bhdxp4B4d0=
158,173,/qXs0YTNH7yxV6lIz+lvaesdoVY=,Bhn8LTzw5Oo86be+7Bhdxp4B4d0=
157,173,/qXs0YTNH7yxV6lIz+lvaesdoVY=,Bhn8LTzw5Oo86be+7Bhdxp4B4d0=
156,173,/qXs0YTNH7yxV6lIz+lvaesdoVY=,Bhn8LTzw5Oo86be+7Bhdxp4B4d0=
155,173,/qXs0YTNH7yxV6lIz+lvaesdoVY=,Bhn8LTzw5Oo86be+7Bhdxp4B4d0=
153,173,/qXs0YTNH7yxV6lIz+lvaesdoVY=,Bhn8LTzw5Oo86be+7Bhdxp4B4d0=
154,173,/qXs0YTNH7yxV6lIz+lvaesdoVY=,Bhn8LTzw5Oo86be+7Bhdxp4B4d0=
152,173,/qXs0YTNH7yxV6lIz+lvaesdoVY=,Bhn8LTzw5Oo86be+7Bhdxp4B4d0=
150,173,/qXs0YTNH7yxV6lIz+lvaesdoVY=,Bhn8LTzw5Oo86be+7Bhdxp4B4d0=
148,173,/qXs0YTNH7yxV6lIz+lvaesdoVY=,Bhn8LTzw5Oo86be+7Bhdxp4B4d0=
151,173,/qXs0YTNH7yxV6lIz+lvaesdoVY=,Bhn8LTzw5Oo86be+7Bhdxp4B4d0=
149,173,/qXs0YTNH7yxV6lIz+lvaesdoVY=,Bhn8LTzw5Oo86be+7Bhdxp4B4d0=
147,173,/qXs0YTNH7yxV6lIz+lvaesdoVY=,Bhn8LTzw5Oo86be+7Bhdxp4B4d0=
145,173,/qXs0YTNH7yxV6lIz+lvaesdoVY=,Bhn8LTzw5Oo86be+7Bhdxp4B4d0=
146,173,/qXs0YTNH7yxV6lIz+lvaesdoVY=,Bhn8LTzw5Oo86be+7Bhdxp4B4d0=
144,173,/qXs0YTNH7yxV6lIz+lvaesdoVY=,Bhn8LTzw5Oo86be+7Bhdxp4B4d0=
157,160,/qXs0YTNH7yxV6lIz+lvaesdoVY=,Bhn8LTzw5Oo86be+7Bhdxp4B4d0=
159,172,/qXs0YTNH7yxV6lIz+lvaesdoVY=,Bhn8LTzw5Oo86be+7Bhdxp4B4d0=
158,172,/qXs0YTNH7yxV6lIz+lvaesdoVY=,Bhn8LTzw5Oo86be+7Bhdxp4B4d0=
157,172,/qXs0YTNH7yxV6lIz+lvaesdoVY=,Bhn8LTzw5Oo86be+7Bhdxp4B4d0=
156,172,/qXs0YTNH7yxV6lIz+lvaesdoVY=,Bhn8LTzw5Oo86be+7Bhdxp4B4d0=
154,172,/qXs0YTNH7yxV6lIz+lvaesdoVY=,Bhn8LTzw5Oo86be+7Bhdxp4B4d0=
153,172,/qXs0YTNH7yxV6lIz+lvaesdoVY=,Bhn8LTzw5Oo86be+7Bhdxp4B4d0=
155,172,/qXs0YTNH7yxV6lIz+lvaesdoVY=,Bhn8LTzw5Oo86be+7Bhdxp4B4d0=
152,172,/qXs0YTNH7yxV6lIz+lvaesdoVY=,Bhn8LTzw5Oo86be+7Bhdxp4B4d0=
151,172,/qXs0YTNH7yxV6lIz+lvaesdoVY=,Bhn8LTzw5Oo86be+7Bhdxp4B4d0=
150,172,/qXs0YTNH7yxV6lIz+lvaesdoVY=,Bhn8LTzw5Oo86be+7Bhdxp4B4d0=
149,172,/qXs0YTNH7yxV6lIz+lvaesdoVY=,Bhn8LTzw5Oo86be+7Bhdxp4B4d0=
147,172,/qXs0YTNH7yxV6lIz+lvaesdoVY=,Bhn8LTzw5Oo86be+7Bhdxp4B4d0=
148,172,/qXs0YTNH7yxV6lIz+lvaesdoVY=,Bhn8LTzw5Oo86be+7Bhdxp4B4d0=
146,172,/qXs0YTNH7yxV6lIz+lvaesdoVY=,Bhn8LTzw5Oo86be+7Bhdxp4B4d0=
145,172,/qXs0YTNH7yxV6lIz+lvaesdoVY=,Bhn8LTzw5Oo86be+7Bhdxp4B4d0=
144,172,/qXs0YTNH7yxV6lIz+lvaesdoVY=,Bhn8LTzw5Oo86be+7Bhdxp4B4d0=
159,171,/qXs0YTNH7yxV6lIz+lvaesdoVY=,Bhn8LTzw5Oo86be+7Bhdxp4B4d0=
158,171,/qXs0YTNH7yxV6lIz+lvaesdoVY=,Bhn8LTzw5Oo86be+7Bhdxp4B4d0=
156,171,/qXs0YTNH7yxV6lIz+lvaesdoVY=,Bhn8LTzw5Oo86be+7Bhdxp4B4d0=
157,171,/qXs0YTNH7yxV6lIz+lvaesdoVY=,Bhn8LTzw5Oo86be+7Bhdxp4B4d0=
155,171,/qXs0YTNH7yxV6lIz+lvaesdoVY=,Bhn8LTzw5Oo86be+7Bhdxp4B4d0=
154,171,/qXs0YTNH7yxV6lIz+lvaesdoVY=,Bhn8LTzw5Oo86be+7Bhdxp4B4d0=
153,171,/qXs0YTNH7yxV6lIz+lvaesdoVY=,Bhn8LTzw5Oo86be+7Bhdxp4B4d0=
152,171,/qXs0YTNH7yxV6lIz+lvaesdoVY=,Bhn8LTzw5Oo86be+7Bhdxp4B4d0=
151,171,/qXs0YTNH7yxV6lIz+lvaesdoVY=,Bhn8LTzw5Oo86be+7Bhdxp4B4d0=
150,171,/qXs0YTNH7yxV6lIz+lvaesdoVY=,Bhn8LTzw5Oo86be+7Bhdxp4B4d0=
149,171,/qXs0YTNH7yxV6lIz+lvaesdoVY=,Bhn8LTzw5Oo86be+7Bhdxp4B4d0=
147,171,/qXs0YTNH7yxV6lIz+lvaesdoVY=,Bhn8LTzw5Oo86be+7Bhdxp4B4d0=
148,171,/qXs0YTNH7yxV6lIz+lvaesdoVY=,Bhn8LTzw5Oo86be+7Bhdxp4B4d0=
145,171,/qXs0YTNH7yxV6lIz+lvaesdoVY=,Bhn8LTzw5Oo86be+7Bhdxp4B4d0=
146,171,/qXs0YTNH7yxV6lIz+lvaesdoVY=,Bhn8LTzw5Oo86be+7Bhdxp4B4d0=
144,171,/qXs0YTNH7yxV6lIz+lvaesdoVY=,Bhn8LTzw5Oo86be+7Bhdxp4B4d0=
155,160,/qXs0YTNH7yxV6lIz+lvaesdoVY=,Bhn8LTzw5Oo86be+7Bhdxp4B4d0=
159,170,/qXs0YTNH7yxV6lIz+lvaesdoVY=,Bhn8LTzw5Oo86be+7Bhdxp4B4d0=
158,170,/qXs0YTNH7yxV6lIz+lvaesdoVY=,Bhn8LTzw5Oo86be+7Bhdxp4B4d0=
157,170,/qXs0YTNH7yxV6lIz+lvaesdoVY=,Bhn8LTzw5Oo86be+7Bhdxp4B4d0=
156,170,/qXs0YTNH7yxV6lIz+lvaesdoVY=,Bhn8LTzw5Oo86be+7Bhdxp4B4d0=
155,170,/qXs0YTNH7yxV6lIz+lvaesdoVY=,Bhn8LTzw5Oo86be+7Bhdxp4B4d0=
154,170,/qXs0YTNH7yxV6lIz+lvaesdoVY=,Bhn8LTzw5Oo86be+7Bhdxp4B4d0=
153,170,/qXs0YTNH7yxV6lIz+lvaesdoVY=,Bhn8LTzw5Oo86be+7Bhdxp4B4d0=
152,170,/qXs0YTNH7yxV6lIz+lvaesdoVY=,Bhn8LTzw5Oo86be+7Bhdxp4B4d0=
151,170,/qXs0YTNH7yxV6lIz+lvaesdoVY=,Bhn8LTzw5Oo86be+7Bhdxp4B4d0=
150,170,/qXs0YTNH7yxV6lIz+lvaesdoVY=,Bhn8LTzw5Oo86be+7Bhdxp4B4d0=
149,170,/qXs0YTNH7yxV6lIz+lvaesdoVY=,Bhn8LTzw5Oo86be+7Bhdxp4B4d0=
148,170,/qXs0YTNH7yxV6lIz+lvaesdoVY=,Bhn8LTzw5Oo86be+7Bhdxp4B4d0=
147,170,/qXs0YTNH7yxV6lIz+lvaesdoVY=,Bhn8LTzw5Oo86be+7Bhdxp4B4d0=
146,170,/qXs0YTNH7yxV6lIz+lvaesdoVY=,Bhn8LTzw5Oo86be+7Bhdxp4B4d0=
145,170,/qXs0YTNH7yxV6lIz+lvaesdoVY=,Bhn8LTzw5Oo86be+7Bhdxp4B4d0=
144,170,/qXs0YTNH7yxV6lIz+lvaesdoVY=,Bhn8LTzw5Oo86be+7Bhdxp4B4d0=
154,160,/qXs0YTNH7yxV6lIz+lvaesdoVY=,Bhn8LTzw5Oo86be+7Bhdxp4B4d0=
159,169,/qXs0YTNH7yxV6lIz+lvaesdoVY=,Bhn8LTzw5Oo86be+7Bhdxp4B4d0=
157,169,/qXs0YTNH7yxV6lIz+lvaesdoVY=,Bhn8LTzw5Oo86be+7Bhdxp4B4d0=
156,169,/qXs0YTNH7yxV6lIz+lvaesdoVY=,Bhn8LTzw5Oo86be+7Bhdxp4B4d0=
155,169,/qXs0YTNH7yxV6lIz+lvaesdoVY=,Bhn8LTzw5Oo86be+7Bhdxp4B4d0=
154,169,/qXs0YTNH7yxV6lIz+lvaesdoVY=,Bhn8LTzw5Oo86be+7Bhdxp4B4d0=
153,169,/qXs0YTNH7yxV6lIz+lvaesdoVY=,Bhn8LTzw5Oo86be+7Bhdxp4B4d0=
152,169,/qXs0YTNH7yxV6lIz+lvaesdoVY=,Bhn8LTzw5Oo86be+7Bhdxp4B4d0=
151,169,/qXs0YTNH7yxV6lIz+lvaesdoVY=,Bhn8LTzw5Oo86be+7Bhdxp4B4d0=
150,169,/qXs0YTNH7yxV6lIz+lvaesdoVY=,Bhn8LTzw5Oo86be+7Bhdxp4B4d0=
149,169,/qXs0YTNH7yxV6lIz+lvaesdoVY=,Bhn8LTzw5Oo86be+7Bhdxp4B4d0=
148,169,/qXs0YTNH7yxV6lIz+lvaesdoVY=,Bhn8LTzw5Oo86be+7Bhdxp4B4d0=
146,169,/qXs0YTNH7yxV6lIz+lvaesdoVY=,Bhn8LTzw5Oo86be+7Bhdxp4B4d0=
147,169,/qXs0YTNH7yxV6lIz+lvaesdoVY=,Bhn8LTzw5Oo86be+7Bhdxp4B4d0=
145,169,/qXs0YTNH7yxV6lIz+lvaesdoVY=,Bhn8LTzw5Oo86be+7Bhdxp4B4d0=
144,169,/qXs0YTNH7yxV6lIz+lvaesdoVY=,Bhn8LTzw5Oo86be+7Bhdxp4B4d0=
153,160,/qXs0YTNH7yxV6lIz+lvaesdoVY=,Bhn8LTzw5Oo86be+7Bhdxp4B4d0=
144,161,/qXs0YTNH7yxV6lIz+lvaesdoVY=,Bhn8LTzw5Oo86be+7Bhdxp4B4d0=
144,160,/qXs0YTNH7yxV6lIz+lvaesdoVY=,Bhn8LTzw5Oo86be+7Bhdxp4B4d0=
159,168,/qXs0YTNH7yxV6lIz+lvaesdoVY=,Bhn8LTzw5Oo86be+7Bhdxp4B4d0=
157,168,/qXs0YTNH7yxV6lIz+lvaesdoVY=,Bhn8LTzw5Oo86be+7Bhdxp4B4d0=
156,168,/qXs0YTNH7yxV6lIz+lvaesdoVY=,Bhn8LTzw5Oo86be+7Bhdxp4B4d0=
155,168,/qXs0YTNH7yxV6lIz+lvaesdoVY=,Bhn8LTzw5Oo86be+7Bhdxp4B4d0=
154,168,/qXs0YTNH7yxV6lIz+lvaesdoVY=,Bhn8LTzw5Oo86be+7Bhdxp4B4d0=
153,168,/qXs0YTNH7yxV6lIz+lvaesdoVY=,Bhn8LTzw5Oo86be+7Bhdxp4B4d0=
152,168,/qXs0YTNH7yxV6lIz+lvaesdoVY=,Bhn8LTzw5Oo86be+7Bhdxp4B4d0=
151,168,/qXs0YTNH7yxV6lIz+lvaesdoVY=,Bhn8LTzw5Oo86be+7Bhdxp4B4d0=
150,168,/qXs0YTNH7yxV6lIz+lvaesdoVY=,Bhn8LTzw5Oo86be+7Bhdxp4B4d0=
149,168,/qXs0YTNH7yxV6lIz+lvaesdoVY=,Bhn8LTzw5Oo86be+7Bhdxp4B4d0=
148,168,/qXs0YTNH7yxV6lIz+lvaesdoVY=,Bhn8LTzw5Oo86be+7Bhdxp4B4d0=
147,168,/qXs0YTNH7yxV6lIz+lvaesdoVY=,Bhn8LTzw5Oo86be+7Bhdxp4B4d0=
146,168,/qXs0YTNH7yxV6lIz+lvaesdoVY=,Bhn8LTzw5Oo86be+7Bhdxp4B4d0=
145,168,/qXs0YTNH7yxV6lIz+lvaesdoVY=,Bhn8LTzw5Oo86be+7Bhdxp4B4d0=
144,168,/qXs0YTNH7yxV6lIz+lvaesdoVY=,Bhn8LTzw5Oo86be+7Bhdxp4B4d0=
152,160,/qXs0YTNH7yxV6lIz+lvaesdoVY=,Bhn8LTzw5Oo86be+7Bhdxp4B4d0=
159,167,/qXs0YTNH7yxV6lIz+lvaesdoVY=,Bhn8LTzw5Oo86be+7Bhdxp4B4d0=
158,167,/qXs0YTNH7yxV6lIz+lvaesdoVY=,Bhn8LTzw5Oo86be+7Bhdxp4B4d0=
157,167,/qXs0YTNH7yxV6lIz+lvaesdoVY=,Bhn8LTzw5Oo86be+7Bhdxp4B4d0=
156,167,/qXs0YTNH7yxV6lIz+lvaesdoVY=,Bhn8LTzw5Oo86be+7Bhdxp4B4d0=
155,167,/qXs0YTNH7yxV6lIz+lvaesdoVY=,Bhn8LTzw5Oo86be+7Bhdxp4B4d0=
154,167,/qXs0YTNH7yxV6lIz+lvaesdoVY=,Bhn8LTzw5Oo86be+7Bhdxp4B4d0=
153,167,/qXs0YTNH7yxV6lIz+lvaesdoVY=,Bhn8LTzw5Oo86be+7Bhdxp4B4d0=
152,167,/qXs0YTNH7yxV6lIz+lvaesdoVY=,Bhn8LTzw5Oo86be+7Bhdxp4B4d0=
151,167,/qXs0YTNH7yxV6lIz+lvaesdoVY=,Bhn8LTzw5Oo86be+7Bhdxp4B4d0=
150,167,/qXs0YTNH7yxV6lIz+lvaesdoVY=,Bhn8LTzw5Oo86be+7Bhdxp4B4d0=
149,167,/qXs0YTNH7yxV6lIz+lvaesdoVY=,Bhn8LTzw5Oo86be+7Bhdxp4B4d0=
148,167,/qXs0YTNH7yxV6lIz+lvaesdoVY=,Bhn8LTzw5Oo86be+7Bhdxp4B4d0=
147,167,/qXs0YTNH7yxV6lIz+lvaesdoVY=,Bhn8LTzw5Oo86be+7Bhdxp4B4d0=
146,167,/qXs0YTNH7yxV6lIz+lvaesdoVY=,Bhn8LTzw5Oo86be+7Bhdxp4B4d0=
145,167,/qXs0YTNH7yxV6lIz+lvaesdoVY=,Bhn8LTzw5Oo86be+7Bhdxp4B4d0=
144,167,/qXs0YTNH7yxV6lIz+lvaesdoVY=,Bhn8LTzw5Oo86be+7Bhdxp4B4d0=
151,160,/qXs0YTNH7yxV6lIz+lvaesdoVY=,Bhn8LTzw5Oo86be+7Bhdxp4B4d0=
159,166,/qXs0YTNH7yxV6lIz+lvaesdoVY=,Bhn8LTzw5Oo86be+7Bhdxp4B4d0=
158,166,/qXs0YTNH7yxV6lIz+lvaesdoVY=,Bhn8LTzw5Oo86be+7Bhdxp4B4d0=
157,166,/qXs0YTNH7yxV6lIz+lvaesdoVY=,Bhn8LTzw5Oo86be+7Bhdxp4B4d0=
156,166,/qXs0YTNH7yxV6lIz+lvaesdoVY=,Bhn8LTzw5Oo86be+7Bhdxp4B4d0=
155,166,/qXs0YTNH7yxV6lIz+lvaesdoVY=,Bhn8LTzw5Oo86be+7Bhdxp4B4d0=
154,166,/qXs0YTNH7yxV6lIz+lvaesdoVY=,Bhn8LTzw5Oo86be+7Bhdxp4B4d0=
153,166,/qXs0YTNH7yxV6lIz+lvaesdoVY=,Bhn8LTzw5Oo86be+7Bhdxp4B4d0=
152,166,/qXs0YTNH7yxV6lIz+lvaesdoVY=,Bhn8LTzw5Oo86be+7Bhdxp4B4d0=
151,166,/qXs0YTNH7yxV6lIz+lvaesdoVY=,Bhn8LTzw5Oo86be+7Bhdxp4B4d0=
150,166,/qXs0YTNH7yxV6lIz+lvaesdoVY=,Bhn8LTzw5Oo86be+7Bhdxp4B4d0=
149,166,/qXs0YTNH7yxV6lIz+lvaesdoVY=,Bhn8LTzw5Oo86be+7Bhdxp4B4d0=
148,166,/qXs0YTNH7yxV6lIz+lvaesdoVY=,Bhn8LTzw5Oo86be+7Bhdxp4B4d0=
147,166,/qXs0YTNH7yxV6lIz+lvaesdoVY=,Bhn8LTzw5Oo86be+7Bhdxp4B4d0=
146,166,/qXs0YTNH7yxV6lIz+lvaesdoVY=,Bhn8LTzw5Oo86be+7Bhdxp4B4d0=
158,169,/qXs0YTNH7yxV6lIz+lvaesdoVY=,Bhn8LTzw5Oo86be+7Bhdxp4B4d0=
156,160,/qXs0YTNH7yxV6lIz+lvaesdoVY=,Bhn8LTzw5Oo86be+7Bhdxp4B4d0=
150,160,/qXs0YTNH7yxV6lIz+lvaesdoVY=,Bhn8LTzw5Oo86be+7Bhdxp4B4d0=
159,165,/qXs0YTNH7yxV6lIz+lvaesdoVY=,Bhn8LTzw5Oo86be+7Bhdxp4B4d0=
158,165,/qXs0YTNH7yxV6lIz+lvaesdoVY=,Bhn8LTzw5Oo86be+7Bhdxp4B4d0=
157,165,/qXs0YTNH7yxV6lIz+lvaesdoVY=,Bhn8LTzw5Oo86be+7Bhdxp4B4d0=
156,165,/qXs0YTNH7yxV6lIz+lvaesdoVY=,Bhn8LTzw5Oo86be+7Bhdxp4B4d0=
155,165,/qXs0YTNH7yxV6lIz+lvaesdoVY=,Bhn8LTzw5Oo86be+7Bhdxp4B4d0=
154,165,/qXs0YTNH7yxV6lIz+lvaesdoVY=,Bhn8LTzw5Oo86be+7Bhdxp4B4d0=
153,165,/qXs0YTNH7yxV6lIz+lvaesdoVY=,Bhn8LTzw5Oo86be+7Bhdxp4B4d0=
152,165,/qXs0YTNH7yxV6lIz+lvaesdoVY=,Bhn8LTzw5Oo86be+7Bhdxp4B4d0=
151,165,/qXs0YTNH7yxV6lIz+lvaesdoVY=,Bhn8LTzw5Oo86be+7Bhdxp4B4d0=
150,165,/qXs0YTNH7yxV6lIz+lvaesdoVY=,Bhn8LTzw5Oo86be+7Bhdxp4B4d0=
149,165,/qXs0YTNH7yxV6lIz+lvaesdoVY=,Bhn8LTzw5Oo86be+7Bhdxp4B4d0=
148,165,/qXs0YTNH7yxV6lIz+lvaesdoVY=,Bhn8LTzw5Oo86be+7Bhdxp4B4d0=
147,165,/qXs0YTNH7yxV6lIz+lvaesdoVY=,Bhn8LTzw5Oo86be+7Bhdxp4B4d0=
158,160,/qXs0YTNH7yxV6lIz+lvaesdoVY=,Bhn8LTzw5Oo86be+7Bhdxp4B4d0=
159,160,/qXs0YTNH7yxV6lIz+lvaesdoVY=,Bhn8LTzw5Oo86be+7Bhdxp4B4d0=
144,166,/qXs0YTNH7yxV6lIz+lvaesdoVY=,Bhn8LTzw5Oo86be+7Bhdxp4B4d0=
145,161,/qXs0YTNH7yxV6lIz+lvaesdoVY=,Bhn8LTzw5Oo86be+7Bhdxp4B4d0=
158,168,/qXs0YTNH7yxV6lIz+lvaesdoVY=,Bhn8LTzw5Oo86be+7Bhdxp4B4d0=
159,164,/qXs0YTNH7yxV6lIz+lvaesdoVY=,Bhn8LTzw5Oo86be+7Bhdxp4B4d0=
158,164,/qXs0YTNH7yxV6lIz+lvaesdoVY=,Bhn8LTzw5Oo86be+7Bhdxp4B4d0=
157,164,/qXs0YTNH7yxV6lIz+lvaesdoVY=,Bhn8LTzw5Oo86be+7Bhdxp4B4d0=
156,164,/qXs0YTNH7yxV6lIz+lvaesdoVY=,Bhn8LTzw5Oo86be+7Bhdxp4B4d0=
155,164,/qXs0YTNH7yxV6lIz+lvaesdoVY=,Bhn8LTzw5Oo86be+7Bhdxp4B4d0=
154,164,/qXs0YTNH7yxV6lIz+lvaesdoVY=,Bhn8LTzw5Oo86be+7Bhdxp4B4d0=
153,164,/qXs0YTNH7yxV6lIz+lvaesdoVY=,Bhn8LTzw5Oo86be+7Bhdxp4B4d0=
152,164,/qXs0YTNH7yxV6lIz+lvaesdoVY=,Bhn8LTzw5Oo86be+7Bhdxp4B4d0=
151,164,/qXs0YTNH7yxV6lIz+lvaesdoVY=,Bhn8LTzw5Oo86be+7Bhdxp4B4d0=
150,164,/qXs0YTNH7yxV6lIz+lvaesdoVY=,Bhn8LTzw5Oo86be+7Bhdxp4B4d0=
149,164,/qXs0YTNH7yxV6lIz+lvaesdoVY=,Bhn8LTzw5Oo86be+7Bhdxp4B4d0=
148,164,/qXs0YTNH7yxV6lIz+lvaesdoVY=,Bhn8LTzw5Oo86be+7Bhdxp4B4d0=
146,165,/qXs0YTNH7yxV6lIz+lvaesdoVY=,Bhn8LTzw5Oo86be+7Bhdxp4B4d0=
144,165,/qXs0YTNH7yxV6lIz+lvaesdoVY=,Bhn8LTzw5Oo86be+7Bhdxp4B4d0=
145,165,/qXs0YTNH7yxV6lIz+lvaesdoVY=,Bhn8LTzw5Oo86be+7Bhdxp4B4d0=
144,164,/qXs0YTNH7yxV6lIz+lvaesdoVY=,Bhn8LTzw5Oo86be+7Bhdxp4B4d0=
145,166,/qXs0YTNH7yxV6lIz+lvaesdoVY=,Bhn8LTzw5Oo86be+7Bhdxp4B4d0=
159,163,/qXs0YTNH7yxV6lIz+lvaesdoVY=,Bhn8LTzw5Oo86be+7Bhdxp4B4d0=
158,163,/qXs0YTNH7yxV6lIz+lvaesdoVY=,Bhn8LTzw5Oo86be+7Bhdxp4B4d0=
157,163,/qXs0YTNH7yxV6lIz+lvaesdoVY=,Bhn8LTzw5Oo86be+7Bhdxp4B4d0=
156,163,/qXs0YTNH7yxV6lIz+lvaesdoVY=,Bhn8LTzw5Oo86be+7Bhdxp4B4d0=
155,163,/qXs0YTNH7yxV6lIz+lvaesdoVY=,Bhn8LTzw5Oo86be+7Bhdxp4B4d0=
154,163,/qXs0YTNH7yxV6lIz+lvaesdoVY=,Bhn8LTzw5Oo86be+7Bhdxp4B4d0=
153,163,/qXs0YTNH7yxV6lIz+lvaesdoVY=,Bhn8LTzw5Oo86be+7Bhdxp4B4d0=
152,163,/qXs0YTNH7yxV6lIz+lvaesdoVY=,Bhn8LTzw5Oo86be+7Bhdxp4B4d0=
151,163,/qXs0YTNH7yxV6lIz+lvaesdoVY=,Bhn8LTzw5Oo86be+7Bhdxp4B4d0=
150,163,/qXs0YTNH7yxV6lIz+lvaesdoVY=,Bhn8LTzw5Oo86be+7Bhdxp4B4d0=
149,163,/qXs0YTNH7yxV6lIz+lvaesdoVY=,Bhn8LTzw5Oo86be+7Bhdxp4B4d0=
149,160,/qXs0YTNH7yxV6lIz+lvaesdoVY=,Bhn8LTzw5Oo86be+7Bhdxp4B4d0=
146,161,/qXs0YTNH7yxV6lIz+lvaesdoVY=,Bhn8LTzw5Oo86be+7Bhdxp4B4d0=
145,164,/qXs0YTNH7yxV6lIz+lvaesdoVY=,Bhn8LTzw5Oo86be+7Bhdxp4B4d0=
146,164,/qXs0YTNH7yxV6lIz+lvaesdoVY=,Bhn8LTzw5Oo86be+7Bhdxp4B4d0=
147,164,/qXs0YTNH7yxV6lIz+lvaesdoVY=,Bhn8LTzw5Oo86be+7Bhdxp4B4d0=
148,160,/qXs0YTNH7yxV6lIz+lvaesdoVY=,Bhn8LTzw5Oo86be+7Bhdxp4B4d0=
147,163,/qXs0YTNH7yxV6lIz+lvaesdoVY=,Bhn8LTzw5Oo86be+7Bhdxp4B4d0=
159,162,/qXs0YTNH7yxV6lIz+lvaesdoVY=,Bhn8LTzw5Oo86be+7Bhdxp4B4d0=
158,162,/qXs0YTNH7yxV6lIz+lvaesdoVY=,Bhn8LTzw5Oo86be+7Bhdxp4B4d0=
148,163,/qXs0YTNH7yxV6lIz+lvaesdoVY=,Bhn8LTzw5Oo86be+7Bhdxp4B4d0=
157,162,/qXs0YTNH7yxV6lIz+lvaesdoVY=,Bhn8LTzw5Oo86be+7Bhdxp4B4d0=
156,162,/qXs0YTNH7yxV6lIz+lvaesdoVY=,Bhn8LTzw5Oo86be+7Bhdxp4B4d0=
155,162,/qXs0YTNH7yxV6lIz+lvaesdoVY=,Bhn8LTzw5Oo86be+7Bhdxp4B4d0=
154,162,/qXs0YTNH7yxV6lIz+lvaesdoVY=,Bhn8LTzw5Oo86be+7Bhdxp4B4d0=
153,162,/qXs0YTNH7yxV6lIz+lvaesdoVY=,Bhn8LTzw5Oo86be+7Bhdxp4B4d0=
152,162,/qXs0YTNH7yxV6lIz+lvaesdoVY=,Bhn8LTzw5Oo86be+7Bhdxp4B4d0=
151,162,/qXs0YTNH7yxV6lIz+lvaesdoVY=,Bhn8LTzw5Oo86be+7Bhdxp4B4d0=
144,163,/qXs0YTNH7yxV6lIz+lvaesdoVY=,Bhn8LTzw5Oo86be+7Bhdxp4B4d0=
145,163,/qXs0YTNH7yxV6lIz+lvaesdoVY=,Bhn8LTzw5Oo86be+7Bhdxp4B4d0=
150,162,/qXs0YTNH7yxV6lIz+lvaesdoVY=,Bhn8LTzw5Oo86be+7Bhdxp4B4d0=
147,161,/qXs0YTNH7yxV6lIz+lvaesdoVY=,Bhn8LTzw5Oo86be+7Bhdxp4B4d0=
146,163,/qXs0YTNH7yxV6lIz+lvaesdoVY=,Bhn8LTzw5Oo86be+7Bhdxp4B4d0=
149,162,/qXs0YTNH7yxV6lIz+lvaesdoVY=,Bhn8LTzw5Oo86be+7Bhdxp4B4d0=
147,160,/qXs0YTNH7yxV6lIz+lvaesdoVY=,Bhn8LTzw5Oo86be+7Bhdxp4B4d0=
146,160,/qXs0YTNH7yxV6lIz+lvaesdoVY=,Bhn8LTzw5Oo86be+7Bhdxp4B4d0=
159,161,/qXs0YTNH7yxV6lIz+lvaesdoVY=,Bhn8LTzw5Oo86be+7Bhdxp4B4d0=
157,161,/qXs0YTNH7yxV6lIz+lvaesdoVY=,Bhn8LTzw5Oo86be+7Bhdxp4B4d0=
158,161,/qXs0YTNH7yxV6lIz+lvaesdoVY=,Bhn8LTzw5Oo86be+7Bhdxp4B4d0=
156,161,/qXs0YTNH7yxV6lIz+lvaesdoVY=,Bhn8LTzw5Oo86be+7Bhdxp4B4d0=
155,161,/qXs0YTNH7yxV6lIz+lvaesdoVY=,Bhn8LTzw5Oo86be+7Bhdxp4B4d0=
154,161,/qXs0YTNH7yxV6lIz+lvaesdoVY=,Bhn8LTzw5Oo86be+7Bhdxp4B4d0=
153,161,/qXs0YTNH7yxV6lIz+lvaesdoVY=,Bhn8LTzw5Oo86be+7Bhdxp4B4d0=
152,161,/qXs0YTNH7yxV6lIz+lvaesdoVY=,Bhn8LTzw5Oo86be+7Bhdxp4B4d0=
151,161,/qXs0YTNH7yxV6lIz+lvaesdoVY=,Bhn8LTzw5Oo86be+7Bhdxp4B4d0=
148,162,/qXs0YTNH7yxV6lIz+lvaesdoVY=,Bhn8LTzw5Oo86be+7Bhdxp4B4d0=
145,160,/qXs0YTNH7yxV6lIz+lvaesdoVY=,Bhn8LTzw5Oo86be+7Bhdxp4B4d0=
145,162,/qXs0YTNH7yxV6lIz+lvaesdoVY=,Bhn8LTzw5Oo86be+7Bhdxp4B4d0=
146,162,/qXs0YTNH7yxV6lIz+lvaesdoVY=,Bhn8LTzw5Oo86be+7Bhdxp4B4d0=
148,161,/qXs0YTNH7yxV6lIz+lvaesdoVY=,Bhn8LTzw5Oo86be+7Bhdxp4B4d0=
147,162,/qXs0YTNH7yxV6lIz+lvaesdoVY=,Bhn8LTzw5Oo86be+7Bhdxp4B4d0=
149,161,/qXs0YTNH7yxV6lIz+lvaesdoVY=,Bhn8LTzw5Oo86be+7Bhdxp4B4d0=
144,162,/qXs0YTNH7yxV6lIz+lvaesdoVY=,Bhn8LTzw5Oo86be+7Bhdxp4B4d0=
150,161,/qXs0YTNH7yxV6lIz+lvaesdoVY=,Bhn8LTzw5Oo86be+7Bhdxp4B4d0=
128,176,/qXs0YTNH7yxV6lIz+lvaesdoVY=,Bhn8LTzw5Oo86be+7Bhdxp4B4d0=
128,177,/qXs0YTNH7yxV6lIz+lvaesdoVY=,Bhn8LTzw5Oo86be+7Bhdxp4B4d0=
143,176,/qXs0YTNH7yxV6lIz+lvaesdoVY=,Bhn8LTzw5Oo86be+7Bhdxp4B4d0=
143,191,V6Xc4oMBc7WOZkX7pqqVjhaEZyk=,Bhn8LTzw5Oo86be+7Bhdxp4B4d0=
129,177,V6Xc4oMBc7WOZkX7pqqVjhaEZyk=,Bhn8LTzw5Oo86be+7Bhdxp4B4d0=
141,191,V6Xc4oMBc7WOZkX7pqqVjhaEZyk=,Bhn8LTzw5Oo86be+7Bhdxp4B4d0=
130,177,V6Xc4oMBc7WOZkX7pqqVjhaEZyk=,Bhn8LTzw5Oo86be+7Bhdxp4B4d0=
139,191,V6Xc4oMBc7WOZkX7pqqVjhaEZyk=,Bhn8LTzw5Oo86be+7Bhdxp4B4d0=
131,177,V6Xc4oMBc7WOZkX7pqqVjhaEZyk=,Bhn8LTzw5Oo86be+7Bhdxp4B4d0=
140,191,V6Xc4oMBc7WOZkX7pqqVjhaEZyk=,Bhn8LTzw5Oo86be+7Bhdxp4B4d0=
142,191,V6Xc4oMBc7WOZkX7pqqVjhaEZyk=,Bhn8LTzw5Oo86be+7Bhdxp4B4d0=
138,191,V6Xc4oMBc7WOZkX7pqqVjhaEZyk=,Bhn8LTzw5Oo86be+7Bhdxp4B4d0=
137,191,V6Xc4oMBc7WOZkX7pqqVjhaEZyk=,Bhn8LTzw5Oo86be+7Bhdxp4B4d0=
132,177,V6Xc4oMBc7WOZkX7pqqVjhaEZyk=,Bhn8LTzw5Oo86be+7Bhdxp4B4d0=
136,191,V6Xc4oMBc7WOZkX7pqqVjhaEZyk=,Bhn8LTzw5Oo86be+7Bhdxp4B4d0=
133,177,V6Xc4oMBc7WOZkX7pqqVjhaEZyk=,Bhn8LTzw5Oo86be+7Bhdxp4B4d0=
135,191,V6Xc4oMBc7WOZkX7pqqVjhaEZyk=,Bhn8LTzw5Oo86be+7Bhdxp4B4d0=
134,191,V6Xc4oMBc7WOZkX7pqqVjhaEZyk=,Bhn8LTzw5Oo86be+7Bhdxp4B4d0=
133,191,V6Xc4oMBc7WOZkX7pqqVjhaEZyk=,Bhn8LTzw5Oo86be+7Bhdxp4B4d0=
134,177,V6Xc4oMBc7WOZkX7pqqVjhaEZyk=,Bhn8LTzw5Oo86be+7Bhdxp4B4d0=
132,191,V6Xc4oMBc7WOZkX7pqqVjhaEZyk=,Bhn8LTzw5Oo86be+7Bhdxp4B4d0=
131,191,V6Xc4oMBc7WOZkX7pqqVjhaEZyk=,Bhn8LTzw5Oo86be+7Bhdxp4B4d0=
135,177,V6Xc4oMBc7WOZkX7pqqVjhaEZyk=,Bhn8LTzw5Oo86be+7Bhdxp4B4d0=
130,191,V6Xc4oMBc7WOZkX7pqqVjhaEZyk=,Bhn8LTzw5Oo86be+7Bhdxp4B4d0=
136,177,V6Xc4oMBc7WOZkX7pqqVjhaEZyk=,Bhn8LTzw5Oo86be+7Bhdxp4B4d0=
142,176,V6Xc4oMBc7WOZkX7pqqVjhaEZyk=,Bhn8LTzw5Oo86be+7Bhdxp4B4d0=
137,177,V6Xc4oMBc7WOZkX7pqqVjhaEZyk=,Bhn8LTzw5Oo86be+7Bhdxp4B4d0=
129,191,V6Xc4oMBc7WOZkX7pqqVjhaEZyk=,Bhn8LTzw5Oo86be+7Bhdxp4B4d0=
143,190,V6Xc4oMBc7WOZkX7pqqVjhaEZyk=,Bhn8LTzw5Oo86be+7Bhdxp4B4d0=
128,191,V6Xc4oMBc7WOZkX7pqqVjhaEZyk=,Bhn8LTzw5Oo86be+7Bhdxp4B4d0=
138,177,V6Xc4oMBc7WOZkX7pqqVjhaEZyk=,Bhn8LTzw5Oo86be+7Bhdxp4B4d0=
142,190,V6Xc4oMBc7WOZkX7pqqVjhaEZyk=,Bhn8LTzw5Oo86be+7Bhdxp4B4d0=
139,177,V6Xc4oMBc7WOZkX7pqqVjhaEZyk=,Bhn8LTzw5Oo86be+7Bhdxp4B4d0=
140,177,V6Xc4oMBc7WOZkX7pqqVjhaEZyk=,Bhn8LTzw5Oo86be+7Bhdxp4B4d0=
141,190,V6Xc4oMBc7WOZkX7pqqVjhaEZyk=,Bhn8LTzw5Oo86be+7Bhdxp4B4d0=
140,190,V6Xc4oMBc7WOZkX7pqqVjhaEZyk=,Bhn8LTzw5Oo86be+7Bhdxp4B4d0=
138,190,V6Xc4oMBc7WOZkX7pqqVjhaEZyk=,Bhn8LTzw5Oo86be+7Bhdxp4B4d0=
141,177,V6Xc4oMBc7WOZkX7pqqVjhaEZyk=,Bhn8LTzw5Oo86be+7Bhdxp4B4d0=
137,190,V6Xc4oMBc7WOZkX7pqqVjhaEZyk=,Bhn8LTzw5Oo86be+7Bhdxp4B4d0=
139,190,V6Xc4oMBc7WOZkX7pqqVjhaEZyk=,Bhn8LTzw5Oo86be+7Bhdxp4B4d0=
142,177,V6Xc4oMBc7WOZkX7pqqVjhaEZyk=,Bhn8LTzw5Oo86be+7Bhdxp4B4d0=
135,190,V6Xc4oMBc7WOZkX7pqqVjhaEZyk=,Bhn8LTzw5Oo86be+7Bhdxp4B4d0=
136,190,V6Xc4oMBc7WOZkX7pqqVjhaEZyk=,Bhn8LTzw5Oo86be+7Bhdxp4B4d0=
134,190,V6Xc4oMBc7WOZkX7pqqVjhaEZyk=,Bhn8LTzw5Oo86be+7Bhdxp4B4d0=
133,190,V6Xc4oMBc7WOZkX7pqqVjhaEZyk=,Bhn8LTzw5Oo86be+7Bhdxp4B4d0=
132,190,V6Xc4oMBc7WOZkX7pqqVjhaEZyk=,Bhn8LTzw5Oo86be+7Bhdxp4B4d0=
143,177,V6Xc4oMBc7WOZkX7pqqVjhaEZyk=,Bhn8LTzw5Oo86be+7Bhdxp4B4d0=
131,190,V6Xc4oMBc7WOZkX7pqqVjhaEZyk=,Bhn8LTzw5Oo86be+7Bhdxp4B4d0=
130,190,V6Xc4oMBc7WOZkX7pqqVjhaEZyk=,Bhn8LTzw5Oo86be+7Bhdxp4B4d0=
129,190,V6Xc4oMBc7WOZkX7pqqVjhaEZyk=,Bhn8LTzw5Oo86be+7Bhdxp4B4d0=
141,176,V6Xc4oMBc7WOZkX7pqqVjhaEZyk=,Bhn8LTzw5Oo86be+7Bhdxp4B4d0=
128,178,V6Xc4oMBc7WOZkX7pqqVjhaEZyk=,Bhn8LTzw5Oo86be+7Bhdxp4B4d0=
128,190,V6Xc4oMBc7WOZkX7pqqVjhaEZyk=,Bhn8LTzw5Oo86be+7Bhdxp4B4d0=
142,189,V6Xc4oMBc7WOZkX7pqqVjhaEZyk=,Bhn8LTzw5Oo86be+7Bhdxp4B4d0=
143,189,V6Xc4oMBc7WOZkX7pqqVjhaEZyk=,Bhn8LTzw5Oo86be+7Bhdxp4B4d0=
129,176,V6Xc4oMBc7WOZkX7pqqVjhaEZyk=,Bhn8LTzw5Oo86be+7Bhdxp4B4d0=
141,189,V6Xc4oMBc7WOZkX7pqqVjhaEZyk=,Bhn8LTzw5Oo86be+7Bhdxp4B4d0=
139,189,V6Xc4oMBc7WOZkX7pqqVjhaEZyk=,Bhn8LTzw5Oo86be+7Bhdxp4B4d0=
140,189,V6Xc4oMBc7WOZkX7pqqVjhaEZyk=,Bhn8LTzw5Oo86be+7Bhdxp4B4d0=
129,178,V6Xc4oMBc7WOZkX7pqqVjhaEZyk=,Bhn8LTzw5Oo86be+7Bhdxp4B4d0=
138,189,V6Xc4oMBc7WOZkX7pqqVjhaEZyk=,Bhn8LTzw5Oo86be+7Bhdxp4B4d0=
136,189,V6Xc4oMBc7WOZkX7pqqVjhaEZyk=,Bhn8LTzw5Oo86be+7Bhdxp4B4d0=
130,178,V6Xc4oMBc7WOZkX7pqqVjhaEZyk=,Bhn8LTzw5Oo86be+7Bhdxp4B4d0=
137,189,V6Xc4oMBc7WOZkX7pqqVjhaEZyk=,Bhn8LTzw5Oo86be+7Bhdxp4B4d0=
135,189,V6Xc4oMBc7WOZkX7pqqVjhaEZyk=,Bhn8LTzw5Oo86be+7Bhdxp4B4d0=
131,178,V6Xc4oMBc7WOZkX7pqqVjhaEZyk=,Bhn8LTzw5Oo86be+7Bhdxp4B4d0=
133,189,V6Xc4oMBc7WOZkX7pqqVjhaEZyk=,Bhn8LTzw5Oo86be+7Bhdxp4B4d0=
134,189,V6Xc4oMBc7WOZkX7pqqVjhaEZyk=,Bhn8LTzw5Oo86be+7Bhdxp4B4d0=
132,189,V6Xc4oMBc7WOZkX7pqqVjhaEZyk=,Bhn8LTzw5Oo86be+7Bhdxp4B4d0=
131,189,V6Xc4oMBc7WOZkX7pqqVjhaEZyk=,Bhn8LTzw5Oo86be+7Bhdxp4B4d0=
130,189,V6Xc4oMBc7WOZkX7pqqVjhaEZyk=,Bhn8LTzw5Oo86be+7Bhdxp4B4d0=
129,189,V6Xc4oMBc7WOZkX7pqqVjhaEZyk=,Bhn8LTzw5Oo86be+7Bhdxp4B4d0=
128,189,V6Xc4oMBc7WOZkX7pqqVjhaEZyk=,Bhn8LTzw5Oo86be+7Bhdxp4B4d0=
140,176,V6Xc4oMBc7WOZkX7pqqVjhaEZyk=,Bhn8LTzw5Oo86be+7Bhdxp4B4d0=
143,188,V6Xc4oMBc7WOZkX7pqqVjhaEZyk=,Bhn8LTzw5Oo86be+7Bhdxp4B4d0=
142,188,V6Xc4oMBc7WOZkX7pqqVjhaEZyk=,Bhn8LTzw5Oo86be+7Bhdxp4B4d0=
141,188,V6Xc4oMBc7WOZkX7pqqVjhaEZyk=,Bhn8LTzw5Oo86be+7Bhdxp4B4d0=
139,188,V6Xc4oMBc7WOZkX7pqqVjhaEZyk=,Bhn8LTzw5Oo86be+7Bhdxp4B4d0=
140,188,V6Xc4oMBc7WOZkX7pqqVjhaEZyk=,Bhn8LTzw5Oo86be+7Bhdxp4B4d0=
138,188,V6Xc4oMBc7WOZkX7pqqVjhaEZyk=,Bhn8LTzw5Oo86be+7Bhdxp4B4d0=
137,188,V6Xc4oMBc7WOZkX7pqqVjhaEZyk=,Bhn8LTzw5Oo86be+7Bhdxp4B4d0=
136,188,V6Xc4oMBc7WOZkX7pqqVjhaEZyk=,Bhn8LTzw5Oo86be+7Bhdxp4B4d0=
134,188,V6Xc4oMBc7WOZkX7pqqVjhaEZyk=,Bhn8LTzw5Oo86be+7Bhdxp4B4d0=
135,188,V6Xc4oMBc7WOZkX7pqqVjhaEZyk=,Bhn8LTzw5Oo86be+7Bhdxp4B4d0=
133,188,V6Xc4oMBc7WOZkX7pqqVjhaEZyk=,Bhn8LTzw5Oo86be+7Bhdxp4B4d0=
132,188,V6Xc4oMBc7WOZkX7pqqVjhaEZyk=,Bhn8LTzw5Oo86be+7Bhdxp4B4d0=
131,188,V6Xc4oMBc7WOZkX7pqqVjhaEZyk=,Bhn8LTzw5Oo86be+7Bhdxp4B4d0=
129,188,V6Xc4oMBc7WOZkX7pqqVjhaEZyk=,Bhn8LTzw5Oo86be+7Bhdxp4B4d0=
130,188,V6Xc4oMBc7WOZkX7pqqVjhaEZyk=,Bhn8LTzw5Oo86be+7Bhdxp4B4d0=
139,176,V6Xc4oMBc7WOZkX7pqqVjhaEZyk=,Bhn8LTzw5Oo86be+7Bhdxp4B4d0=
128,188,V6Xc4oMBc7WOZkX7pqqVjhaEZyk=,Bhn8LTzw5Oo86be+7Bhdxp4B4d0=
143,187,V6Xc4oMBc7WOZkX7pqqVjhaEZyk=,Bhn8LTzw5Oo86be+7Bhdxp4B4d0=
142,187,V6Xc4oMBc7WOZkX7pqqVjhaEZyk=,Bhn8LTzw5Oo86be+7Bhdxp4B4d0=
141,187,V6Xc4oMBc7WOZkX7pqqVjhaEZyk=,Bhn8LTzw5Oo86be+7Bhdxp4B4d0=
140,187,V6Xc4oMBc7WOZkX7pqqVjhaEZyk=,Bhn8LTzw5Oo86be+7Bhdxp4B4d0=
139,187,V6Xc4oMBc7WOZkX7pqqVjhaEZyk=,Bhn8LTzw5Oo86be+7Bhdxp4B4d0=
138,187,V6Xc4oMBc7WOZkX7pqqVjhaEZyk=,Bhn8LTzw5Oo86be+7Bhdxp4B4d0=
137,187,V6Xc4oMBc7WOZkX7pqqVjhaEZyk=,Bhn8LTzw5Oo86be+7Bhdxp4B4d0=
136,187,V6Xc4oMBc7WOZkX7pqqVjhaEZyk=,Bhn8LTzw5Oo86be+7Bhdxp4B4d0=
135,187,V6Xc4oMBc7WOZkX7pqqVjhaEZyk=,Bhn8LTzw5Oo86be+7Bhdxp4B4d0=
133,187,V6Xc4oMBc7WOZkX7pqqVjhaEZyk=,Bhn8LTzw5Oo86be+7Bhdxp4B4d0=
132,187,V6Xc4oMBc7WOZkX7pqqVjhaEZyk=,Bhn8LTzw5Oo86be+7Bhdxp4B4d0=
134,187,V6Xc4oMBc7WOZkX7pqqVjhaEZyk=,Bhn8LTzw5Oo86be+7Bhdxp4B4d0=
131,187,V6Xc4oMBc7WOZkX7pqqVjhaEZyk=,Bhn8LTzw5Oo86be+7Bhdxp4B4d0=
130,187,V6Xc4oMBc7WOZkX7pqqVjhaEZyk=,Bhn8LTzw5Oo86be+7Bhdxp4B4d0=
129,187,V6Xc4oMBc7WOZkX7pqqVjhaEZyk=,Bhn8LTzw5Oo86be+7Bhdxp4B4d0=
138,176,V6Xc4oMBc7WOZkX7pqqVjhaEZyk=,Bhn8LTzw5Oo86be+7Bhdxp4B4d0=
128,187,V6Xc4oMBc7WOZkX7pqqVjhaEZyk=,Bhn8LTzw5Oo86be+7Bhdxp4B4d0=
140,186,V6Xc4oMBc7WOZkX7pqqVjhaEZyk=,Bhn8LTzw5Oo86be+7Bhdxp4B4d0=
141,186,V6Xc4oMBc7WOZkX7pqqVjhaEZyk=,Bhn8LTzw5Oo86be+7Bhdxp4B4d0=
142,186,V6Xc4oMBc7WOZkX7pqqVjhaEZyk=,Bhn8LTzw5Oo86be+7Bhdxp4B4d0=
143,186,V6Xc4oMBc7WOZkX7pqqVjhaEZyk=,Bhn8LTzw5Oo86be+7Bhdxp4B4d0=
132,178,V6Xc4oMBc7WOZkX7pqqVjhaEZyk=,Bhn8LTzw5Oo86be+7Bhdxp4B4d0=
139,186,V6Xc4oMBc7WOZkX7pqqVjhaEZyk=,Bhn8LTzw5Oo86be+7Bhdxp4B4d0=
135,186,V6Xc4oMBc7WOZkX7pqqVjhaEZyk=,Bhn8LTzw5Oo86be+7Bhdxp4B4d0=
134,186,V6Xc4oMBc7WOZkX7pqqVjhaEZyk=,Bhn8LTzw5Oo86be+7Bhdxp4B4d0=
133,186,V6Xc4oMBc7WOZkX7pqqVjhaEZyk=,Bhn8LTzw5Oo86be+7Bhdxp4B4d0=
132,186,V6Xc4oMBc7WOZkX7pqqVjhaEZyk=,Bhn8LTzw5Oo86be+7Bhdxp4B4d0=
131,186,V6Xc4oMBc7WOZkX7pqqVjhaEZyk=,Bhn8LTzw5Oo86be+7Bhdxp4B4d0=
130,186,V6Xc4oMBc7WOZkX7pqqVjhaEZyk=,Bhn8LTzw5Oo86be+7Bhdxp4B4d0=
129,186,V6Xc4oMBc7WOZkX7pqqVjhaEZyk=,Bhn8LTzw5Oo86be+7Bhdxp4B4d0=
137,176,V6Xc4oMBc7WOZkX7pqqVjhaEZyk=,Bhn8LTzw5Oo86be+7Bhdxp4B4d0=
128,186,V6Xc4oMBc7WOZkX7pqqVjhaEZyk=,Bhn8LTzw5Oo86be+7Bhdxp4B4d0=
137,186,V6Xc4oMBc7WOZkX7pqqVjhaEZyk=,Bhn8LTzw5Oo86be+7Bhdxp4B4d0=
138,186,V6Xc4oMBc7WOZkX7pqqVjhaEZyk=,Bhn8LTzw5Oo86be+7Bhdxp4B4d0=
136,186,V6Xc4oMBc7WOZkX7pqqVjhaEZyk=,Bhn8LTzw5Oo86be+7Bhdxp4B4d0=
133,178,V6Xc4oMBc7WOZkX7pqqVjhaEZyk=,Bhn8LTzw5Oo86be+7Bhdxp4B4d0=
143,185,V6Xc4oMBc7WOZkX7pqqVjhaEZyk=,Bhn8LTzw5Oo86be+7Bhdxp4B4d0=
134,178,V6Xc4oMBc7WOZkX7pqqVjhaEZyk=,Bhn8LTzw5Oo86be+7Bhdxp4B4d0=
135,178,V6Xc4oMBc7WOZkX7pqqVjhaEZyk=,Bhn8LTzw5Oo86be+7Bhdxp4B4d0=
136,178,V6Xc4oMBc7WOZkX7pqqVjhaEZyk=,Bhn8LTzw5Oo86be+7Bhdxp4B4d0=
137,178,V6Xc4oMBc7WOZkX7pqqVjhaEZyk=,Bhn8LTzw5Oo86be+7Bhdxp4B4d0=
138,178,V6Xc4oMBc7WOZkX7pqqVjhaEZyk=,Bhn8LTzw5Oo86be+7Bhdxp4B4d0=
139,178,V6Xc4oMBc7WOZkX7pqqVjhaEZyk=,Bhn8LTzw5Oo86be+7Bhdxp4B4d0=
140,178,V6Xc4oMBc7WOZkX7pqqVjhaEZyk=,Bhn8LTzw5Oo86be+7Bhdxp4B4d0=
141,178,V6Xc4oMBc7WOZkX7pqqVjhaEZyk=,Bhn8LTzw5Oo86be+7Bhdxp4B4d0=
142,178,V6Xc4oMBc7WOZkX7pqqVjhaEZyk=,Bhn8LTzw5Oo86be+7Bhdxp4B4d0=
143,178,V6Xc4oMBc7WOZkX7pqqVjhaEZyk=,Bhn8LTzw5Oo86be+7Bhdxp4B4d0=
128,179,V6Xc4oMBc7WOZkX7pqqVjhaEZyk=,Bhn8LTzw5Oo86be+7Bhdxp4B4d0=
130,176,V6Xc4oMBc7WOZkX7pqqVjhaEZyk=,Bhn8LTzw5Oo86be+7Bhdxp4B4d0=
129,179,V6Xc4oMBc7WOZkX7pqqVjhaEZyk=,Bhn8LTzw5Oo86be+7Bhdxp4B4d0=
142,185,V6Xc4oMBc7WOZkX7pqqVjhaEZyk=,Bhn8LTzw5Oo86be+7Bhdxp4B4d0=
141,185,V6Xc4oMBc7WOZkX7pqqVjhaEZyk=,Bhn8LTzw5Oo86be+7Bhdxp4B4d0=
140,185,V6Xc4oMBc7WOZkX7pqqVjhaEZyk=,Bhn8LTzw5Oo86be+7Bhdxp4B4d0=
136,185,V6Xc4oMBc7WOZkX7pqqVjhaEZyk=,Bhn8LTzw5Oo86be+7Bhdxp4B4d0=
135,185,V6Xc4oMBc7WOZkX7pqqVjhaEZyk=,Bhn8LTzw5Oo86be+7Bhdxp4B4d0=
134,185,V6Xc4oMBc7WOZkX7pqqVjhaEZyk=,Bhn8LTzw5Oo86be+7Bhdxp4B4d0=
133,185,V6Xc4oMBc7WOZkX7pqqVjhaEZyk=,Bhn8LTzw5Oo86be+7Bhdxp4B4d0=
132,185,V6Xc4oMBc7WOZkX7pqqVjhaEZyk=,Bhn8LTzw5Oo86be+7Bhdxp4B4d0=
131,185,V6Xc4oMBc7WOZkX7pqqVjhaEZyk=,Bhn8LTzw5Oo86be+7Bhdxp4B4d0=
130,185,V6Xc4oMBc7WOZkX7pqqVjhaEZyk=,Bhn8LTzw5Oo86be+7Bhdxp4B4d0=
129,185,V6Xc4oMBc7WOZkX7pqqVjhaEZyk=,Bhn8LTzw5Oo86be+7Bhdxp4B4d0=
136,176,V6Xc4oMBc7WOZkX7pqqVjhaEZyk=,Bhn8LTzw5Oo86be+7Bhdxp4B4d0=
128,185,V6Xc4oMBc7WOZkX7pqqVjhaEZyk=,Bhn8LTzw5Oo86be+7Bhdxp4B4d0=
139,185,V6Xc4oMBc7WOZkX7pqqVjhaEZyk=,Bhn8LTzw5Oo86be+7Bhdxp4B4d0=
130,179,V6Xc4oMBc7WOZkX7pqqVjhaEZyk=,Bhn8LTzw5Oo86be+7Bhdxp4B4d0=
137,185,V6Xc4oMBc7WOZkX7pqqVjhaEZyk=,Bhn8LTzw5Oo86be+7Bhdxp4B4d0=
138,185,V6Xc4oMBc7WOZkX7pqqVjhaEZyk=,Bhn8LTzw5Oo86be+7Bhdxp4B4d0=
143,184,V6Xc4oMBc7WOZkX7pqqVjhaEZyk=,Bhn8LTzw5Oo86be+7Bhdxp4B4d0=
142,184,V6Xc4oMBc7WOZkX7pqqVjhaEZyk=,Bhn8LTzw5Oo86be+7Bhdxp4B4d0=
131,179,V6Xc4oMBc7WOZkX7pqqVjhaEZyk=,Bhn8LTzw5Oo86be+7Bhdxp4B4d0=
139,184,V6Xc4oMBc7WOZkX7pqqVjhaEZyk=,Bhn8LTzw5Oo86be+7Bhdxp4B4d0=
137,184,V6Xc4oMBc7WOZkX7pqqVjhaEZyk=,Bhn8LTzw5Oo86be+7Bhdxp4B4d0=
136,184,V6Xc4oMBc7WOZkX7pqqVjhaEZyk=,Bhn8LTzw5Oo86be+7Bhdxp4B4d0=
135,184,V6Xc4oMBc7WOZkX7pqqVjhaEZyk=,Bhn8LTzw5Oo86be+7Bhdxp4B4d0=
134,184,V6Xc4oMBc7WOZkX7pqqVjhaEZyk=,Bhn8LTzw5Oo86be+7Bhdxp4B4d0=
133,184,V6Xc4oMBc7WOZkX7pqqVjhaEZyk=,Bhn8LTzw5Oo86be+7Bhdxp4B4d0=
132,184,V6Xc4oMBc7WOZkX7pqqVjhaEZyk=,Bhn8LTzw5Oo86be+7Bhdxp4B4d0=
130,184,V6Xc4oMBc7WOZkX7pqqVjhaEZyk=,Bhn8LTzw5Oo86be+7Bhdxp4B4d0=
131,184,V6Xc4oMBc7WOZkX7pqqVjhaEZyk=,Bhn8LTzw5Oo86be+7Bhdxp4B4d0=
129,184,V6Xc4oMBc7WOZkX7pqqVjhaEZyk=,Bhn8LTzw5Oo86be+7Bhdxp4B4d0=
135,176,V6Xc4oMBc7WOZkX7pqqVjhaEZyk=,Bhn8LTzw5Oo86be+7Bhdxp4B4d0=
128,184,V6Xc4oMBc7WOZkX7pqqVjhaEZyk=,Bhn8LTzw5Oo86be+7Bhdxp4B4d0=
141,184,V6Xc4oMBc7WOZkX7pqqVjhaEZyk=,Bhn8LTzw5Oo86be+7Bhdxp4B4d0=
140,184,V6Xc4oMBc7WOZkX7pqqVjhaEZyk=,Bhn8LTzw5Oo86be+7Bhdxp4B4d0=
138,184,V6Xc4oMBc7WOZkX7pqqVjhaEZyk=,Bhn8LTzw5Oo86be+7Bhdxp4B4d0=
132,179,V6Xc4oMBc7WOZkX7pqqVjhaEZyk=,Bhn8LTzw5Oo86be+7Bhdxp4B4d0=
133,179,V6Xc4oMBc7WOZkX7pqqVjhaEZyk=,Bhn8LTzw5Oo86be+7Bhdxp4B4d0=
134,179,V6Xc4oMBc7WOZkX7pqqVjhaEZyk=,Bhn8LTzw5Oo86be+7Bhdxp4B4d0=
141,183,V6Xc4oMBc7WOZkX7pqqVjhaEZyk=,Bhn8LTzw5Oo86be+7Bhdxp4B4d0=
139,183,V6Xc4oMBc7WOZkX7pqqVjhaEZyk=,Bhn8LTzw5Oo86be+7Bhdxp4B4d0=
138,183,V6Xc4oMBc7WOZkX7pqqVjhaEZyk=,Bhn8LTzw5Oo86be+7Bhdxp4B4d0=
142,183,V6Xc4oMBc7WOZkX7pqqVjhaEZyk=,Bhn8LTzw5Oo86be+7Bhdxp4B4d0=
136,183,V6Xc4oMBc7WOZkX7pqqVjhaEZyk=,Bhn8LTzw5Oo86be+7Bhdxp4B4d0=
135,183,V6Xc4oMBc7WOZkX7pqqVjhaEZyk=,Bhn8LTzw5Oo86be+7Bhdxp4B4d0=
134,183,V6Xc4oMBc7WOZkX7pqqVjhaEZyk=,Bhn8LTzw5Oo86be+7Bhdxp4B4d0=
133,183,V6Xc4oMBc7WOZkX7pqqVjhaEZyk=,Bhn8LTzw5Oo86be+7Bhdxp4B4d0=
132,183,V6Xc4oMBc7WOZkX7pqqVjhaEZyk=,Bhn8LTzw5Oo86be+7Bhdxp4B4d0=
131,183,V6Xc4oMBc7WOZkX7pqqVjhaEZyk=,Bhn8LTzw5Oo86be+7Bhdxp4B4d0=
129,183,V6Xc4oMBc7WOZkX7pqqVjhaEZyk=,Bhn8LTzw5Oo86be+7Bhdxp4B4d0=
130,183,V6Xc4oMBc7WOZkX7pqqVjhaEZyk=,Bhn8LTzw5Oo86be+7Bhdxp4B4d0=
134,176,V6Xc4oMBc7WOZkX7pqqVjhaEZyk=,Bhn8LTzw5Oo86be+7Bhdxp4B4d0=
135,179,V6Xc4oMBc7WOZkX7pqqVjhaEZyk=,Bhn8LTzw5Oo86be+7Bhdxp4B4d0=
136,179,V6Xc4oMBc7WOZkX7pqqVjhaEZyk=,Bhn8LTzw5Oo86be+7Bhdxp4B4d0=
137,179,V6Xc4oMBc7WOZkX7pqqVjhaEZyk=,Bhn8LTzw5Oo86be+7Bhdxp4B4d0=
138,179,V6Xc4oMBc7WOZkX7pqqVjhaEZyk=,Bhn8LTzw5Oo86be+7Bhdxp4B4d0=
139,179,V6Xc4oMBc7WOZkX7pqqVjhaEZyk=,Bhn8LTzw5Oo86be+7Bhdxp4B4d0=
140,179,V6Xc4oMBc7WOZkX7pqqVjhaEZyk=,Bhn8LTzw5Oo86be+7Bhdxp4B4d0=
141,179,V6Xc4oMBc7WOZkX7pqqVjhaEZyk=,Bhn8LTzw5Oo86be+7Bhdxp4B4d0=
142,179,V6Xc4oMBc7WOZkX7pqqVjhaEZyk=,Bhn8LTzw5Oo86be+7Bhdxp4B4d0=
143,179,V6Xc4oMBc7WOZkX7pqqVjhaEZyk=,Bhn8LTzw5Oo86be+7Bhdxp4B4d0=
140,183,V6Xc4oMBc7WOZkX7pqqVjhaEZyk=,Bhn8LTzw5Oo86be+7Bhdxp4B4d0=
128,183,V6Xc4oMBc7WOZkX7pqqVjhaEZyk=,Bhn8LTzw5Oo86be+7Bhdxp4B4d0=
137,183,V6Xc4oMBc7WOZkX7pqqVjhaEZyk=,Bhn8LTzw5Oo86be+7Bhdxp4B4d0=
141,182,V6Xc4oMBc7WOZkX7pqqVjhaEZyk=,Bhn8LTzw5Oo86be+7Bhdxp4B4d0=
140,182,V6Xc4oMBc7WOZkX7pqqVjhaEZyk=,Bhn8LTzw5Oo86be+7Bhdxp4B4d0=
139,182,V6Xc4oMBc7WOZkX7pqqVjhaEZyk=,Bhn8LTzw5Oo86be+7Bhdxp4B4d0=
138,182,V6Xc4oMBc7WOZkX7pqqVjhaEZyk=,Bhn8LTzw5Oo86be+7Bhdxp4B4d0=
143,183,V6Xc4oMBc7WOZkX7pqqVjhaEZyk=,Bhn8LTzw5Oo86be+7Bhdxp4B4d0=
137,182,V6Xc4oMBc7WOZkX7pqqVjhaEZyk=,Bhn8LTzw5Oo86be+7Bhdxp4B4d0=
142,182,V6Xc4oMBc7WOZkX7pqqVjhaEZyk=,Bhn8LTzw5Oo86be+7Bhdxp4B4d0=
134,182,V6Xc4oMBc7WOZkX7pqqVjhaEZyk=,Bhn8LTzw5Oo86be+7Bhdxp4B4d0=
133,182,V6Xc4oMBc7WOZkX7pqqVjhaEZyk=,Bhn8LTzw5Oo86be+7Bhdxp4B4d0=
132,182,V6Xc4oMBc7WOZkX7pqqVjhaEZyk=,Bhn8LTzw5Oo86be+7Bhdxp4B4d0=
131,182,V6Xc4oMBc7WOZkX7pqqVjhaEZyk=,Bhn8LTzw5Oo86be+7Bhdxp4B4d0=
130,182,V6Xc4oMBc7WOZkX7pqqVjhaEZyk=,Bhn8LTzw5Oo86be+7Bhdxp4B4d0=
129,182,V6Xc4oMBc7WOZkX7pqqVjhaEZyk=,Bhn8LTzw5Oo86be+7Bhdxp4B4d0=
133,176,V6Xc4oMBc7WOZkX7pqqVjhaEZyk=,Bhn8LTzw5Oo86be+7Bhdxp4B4d0=
128,182,V6Xc4oMBc7WOZkX7pqqVjhaEZyk=,Bhn8LTzw5Oo86be+7Bhdxp4B4d0=
143,181,V6Xc4oMBc7WOZkX7pqqVjhaEZyk=,Bhn8LTzw5Oo86be+7Bhdxp4B4d0=
142,181,V6Xc4oMBc7WOZkX7pqqVjhaEZyk=,Bhn8LTzw5Oo86be+7Bhdxp4B4d0=
141,181,V6Xc4oMBc7WOZkX7pqqVjhaEZyk=,Bhn8LTzw5Oo86be+7Bhdxp4B4d0=
140,181,V6Xc4oMBc7WOZkX7pqqVjhaEZyk=,Bhn8LTzw5Oo86be+7Bhdxp4B4d0=
139,181,V6Xc4oMBc7WOZkX7pqqVjhaEZyk=,Bhn8LTzw5Oo86be+7Bhdxp4B4d0=
138,181,V6Xc4oMBc7WOZkX7pqqVjhaEZyk=,Bhn8LTzw5Oo86be+7Bhdxp4B4d0=
137,181,V6Xc4oMBc7WOZkX7pqqVjhaEZyk=,Bhn8LTzw5Oo86be+7Bhdxp4B4d0=
136,181,V6Xc4oMBc7WOZkX7pqqVjhaEZyk=,Bhn8LTzw5Oo86be+7Bhdxp4B4d0=
128,180,V6Xc4oMBc7WOZkX7pqqVjhaEZyk=,Bhn8LTzw5Oo86be+7Bhdxp4B4d0=
131,176,V6Xc4oMBc7WOZkX7pqqVjhaEZyk=,Bhn8LTzw5Oo86be+7Bhdxp4B4d0=
129,180,V6Xc4oMBc7WOZkX7pqqVjhaEZyk=,Bhn8LTzw5Oo86be+7Bhdxp4B4d0=
131,180,V6Xc4oMBc7WOZkX7pqqVjhaEZyk=,Bhn8LTzw5Oo86be+7Bhdxp4B4d0=
130,180,V6Xc4oMBc7WOZkX7pqqVjhaEZyk=,Bhn8LTzw5Oo86be+7Bhdxp4B4d0=
143,182,V6Xc4oMBc7WOZkX7pqqVjhaEZyk=,Bhn8LTzw5Oo86be+7Bhdxp4B4d0=
134,181,V6Xc4oMBc7WOZkX7pqqVjhaEZyk=,Bhn8LTzw5Oo86be+7Bhdxp4B4d0=
133,181,V6Xc4oMBc7WOZkX7pqqVjhaEZyk=,Bhn8LTzw5Oo86be+7Bhdxp4B4d0=
131,181,V6Xc4oMBc7WOZkX7pqqVjhaEZyk=,Bhn8LTzw5Oo86be+7Bhdxp4B4d0=
130,181,V6Xc4oMBc7WOZkX7pqqVjhaEZyk=,Bhn8LTzw5Oo86be+7Bhdxp4B4d0=
129,181,V6Xc4oMBc7WOZkX7pqqVjhaEZyk=,Bhn8LTzw5Oo86be+7Bhdxp4B4d0=
132,176,V6Xc4oMBc7WOZkX7pqqVjhaEZyk=,Bhn8LTzw5Oo86be+7Bhdxp4B4d0=
128,181,V6Xc4oMBc7WOZkX7pqqVjhaEZyk=,Bhn8LTzw5Oo86be+7Bhdxp4B4d0=
143,180,V6Xc4oMBc7WOZkX7pqqVjhaEZyk=,Bhn8LTzw5Oo86be+7Bhdxp4B4d0=
142,180,V6Xc4oMBc7WOZkX7pqqVjhaEZyk=,Bhn8LTzw5Oo86be+7Bhdxp4B4d0=
141,180,V6Xc4oMBc7WOZkX7pqqVjhaEZyk=,Bhn8LTzw5Oo86be+7Bhdxp4B4d0=
140,180,V6Xc4oMBc7WOZkX7pqqVjhaEZyk=,Bhn8LTzw5Oo86be+7Bhdxp4B4d0=
139,180,V6Xc4oMBc7WOZkX7pqqVjhaEZyk=,Bhn8LTzw5Oo86be+7Bhdxp4B4d0=
138,180,V6Xc4oMBc7WOZkX7pqqVjhaEZyk=,Bhn8LTzw5Oo86be+7Bhdxp4B4d0=
137,180,V6Xc4oMBc7WOZkX7pqqVjhaEZyk=,Bhn8LTzw5Oo86be+7Bhdxp4B4d0=
135,182,V6Xc4oMBc7WOZkX7pqqVjhaEZyk=,Bhn8LTzw5Oo86be+7Bhdxp4B4d0=
135,180,V6Xc4oMBc7WOZkX7pqqVjhaEZyk=,Bhn8LTzw5Oo86be+7Bhdxp4B4d0=
134,180,V6Xc4oMBc7WOZkX7pqqVjhaEZyk=,Bhn8LTzw5Oo86be+7Bhdxp4B4d0=
133,180,V6Xc4oMBc7WOZkX7pqqVjhaEZyk=,Bhn8LTzw5Oo86be+7Bhdxp4B4d0=
136,180,V6Xc4oMBc7WOZkX7pqqVjhaEZyk=,Bhn8LTzw5Oo86be+7Bhdxp4B4d0=
136,182,V6Xc4oMBc7WOZkX7pqqVjhaEZyk=,Bhn8LTzw5Oo86be+7Bhdxp4B4d0=
132,181,V6Xc4oMBc7WOZkX7pqqVjhaEZyk=,Bhn8LTzw5Oo86be+7Bhdxp4B4d0=
135,181,V6Xc4oMBc7WOZkX7pqqVjhaEZyk=,Bhn8LTzw5Oo86be+7Bhdxp4B4d0=
132,180,V6Xc4oMBc7WOZkX7pqqVjhaEZyk=,Bhn8LTzw5Oo86be+7Bhdxp4B4d0=
144,177,V6Xc4oMBc7WOZkX7pqqVjhaEZyk=,Bhn8LTzw5Oo86be+7Bhdxp4B4d0=
159,191,V6Xc4oMBc7WOZkX7pqqVjhaEZyk=,Bhn8LTzw5Oo86be+7Bhdxp4B4d0=
158,191,V6Xc4oMBc7WOZkX7pqqVjhaEZyk=,Bhn8LTzw5Oo86be+7Bhdxp4B4d0=
159,176,V6Xc4oMBc7WOZkX7pqqVjhaEZyk=,Bhn8LTzw5Oo86be+7Bhdxp4B4d0=
158,176,V6Xc4oMBc7WOZkX7pqqVjhaEZyk=,Bhn8LTzw5Oo86be+7Bhdxp4B4d0=
157,176,V6Xc4oMBc7WOZkX7pqqVjhaEZyk=,Bhn8LTzw5Oo86be+7Bhdxp4B4d0=
156,176,V6Xc4oMBc7WOZkX7pqqVjhaEZyk=,Bhn8LTzw5Oo86be+7Bhdxp4B4d0=
155,176,V6Xc4oMBc7WOZkX7pqqVjhaEZyk=,Bhn8LTzw5Oo86be+7Bhdxp4B4d0=
151,176,V6Xc4oMBc7WOZkX7pqqVjhaEZyk=,Bhn8LTzw5Oo86be+7Bhdxp4B4d0=
154,176,V6Xc4oMBc7WOZkX7pqqVjhaEZyk=,Bhn8LTzw5Oo86be+7Bhdxp4B4d0=
150,176,V6Xc4oMBc7WOZkX7pqqVjhaEZyk=,Bhn8LTzw5Oo86be+7Bhdxp4B4d0=
149,176,V6Xc4oMBc7WOZkX7pqqVjhaEZyk=,Bhn8LTzw5Oo86be+7Bhdxp4B4d0=
148,176,V6Xc4oMBc7WOZkX7pqqVjhaEZyk=,Bhn8LTzw5Oo86be+7Bhdxp4B4d0=
147,176,V6Xc4oMBc7WOZkX7pqqVjhaEZyk=,Bhn8LTzw5Oo86be+7Bhdxp4B4d0=
146,176,V6Xc4oMBc7WOZkX7pqqVjhaEZyk=,Bhn8LTzw5Oo86be+7Bhdxp4B4d0=
145,176,V6Xc4oMBc7WOZkX7pqqVjhaEZyk=,Bhn8LTzw5Oo86be+7Bhdxp4B4d0=
144,176,V6Xc4oMBc7WOZkX7pqqVjhaEZyk=,Bhn8LTzw5Oo86be+7Bhdxp4B4d0=
157,191,V6Xc4oMBc7WOZkX7pqqVjhaEZyk=,Bhn8LTzw5Oo86be+7Bhdxp4B4d0=
156,191,V6Xc4oMBc7WOZkX7pqqVjhaEZyk=,Bhn8LTzw5Oo86be+7Bhdxp4B4d0=
154,191,V6Xc4oMBc7WOZkX7pqqVjhaEZyk=,Bhn8LTzw5Oo86be+7Bhdxp4B4d0=
155,191,V6Xc4oMBc7WOZkX7pqqVjhaEZyk=,Bhn8LTzw5Oo86be+7Bhdxp4B4d0=
153,191,V6Xc4oMBc7WOZkX7pqqVjhaEZyk=,Bhn8LTzw5Oo86be+7Bhdxp4B4d0=
152,191,V6Xc4oMBc7WOZkX7pqqVjhaEZyk=,Bhn8LTzw5Oo86be+7Bhdxp4B4d0=
151,191,V6Xc4oMBc7WOZkX7pqqVjhaEZyk=,Bhn8LTzw5Oo86be+7Bhdxp4B4d0=
150,191,V6Xc4oMBc7WOZkX7pqqVjhaEZyk=,Bhn8LTzw5Oo86be+7Bhdxp4B4d0=
149,191,V6Xc4oMBc7WOZkX7pqqVjhaEZyk=,Bhn8LTzw5Oo86be+7Bhdxp4B4d0=
148,191,V6Xc4oMBc7WOZkX7pqqVjhaEZyk=,Bhn8LTzw5Oo86be+7Bhdxp4B4d0=
147,191,V6Xc4oMBc7WOZkX7pqqVjhaEZyk=,Bhn8LTzw5Oo86be+7Bhdxp4B4d0=
146,191,V6Xc4oMBc7WOZkX7pqqVjhaEZyk=,Bhn8LTzw5Oo86be+7Bhdxp4B4d0=
145,191,V6Xc4oMBc7WOZkX7pqqVjhaEZyk=,Bhn8LTzw5Oo86be+7Bhdxp4B4d0=
144,191,V6Xc4oMBc7WOZkX7pqqVjhaEZyk=,Bhn8LTzw5Oo86be+7Bhdxp4B4d0=
159,190,V6Xc4oMBc7WOZkX7pqqVjhaEZyk=,Bhn8LTzw5Oo86be+7Bhdxp4B4d0=
158,190,V6Xc4oMBc7WOZkX7pqqVjhaEZyk=,Bhn8LTzw5Oo86be+7Bhdxp4B4d0=
157,190,V6Xc4oMBc7WOZkX7pqqVjhaEZyk=,Bhn8LTzw5Oo86be+7Bhdxp4B4d0=
156,190,V6Xc4oMBc7WOZkX7pqqVjhaEZyk=,Bhn8LTzw5Oo86be+7Bhdxp4B4d0=
155,190,V6Xc4oMBc7WOZkX7pqqVjhaEZyk=,Bhn8LTzw5Oo86be+7Bhdxp4B4d0=
154,190,V6Xc4oMBc7WOZkX7pqqVjhaEZyk=,Bhn8LTzw5Oo86be+7Bhdxp4B4d0=
153,190,V6Xc4oMBc7WOZkX7pqqVjhaEZyk=,Bhn8LTzw5Oo86be+7Bhdxp4B4d0=
152,190,V6Xc4oMBc7WOZkX7pqqVjhaEZyk=,Bhn8LTzw5Oo86be+7Bhdxp4B4d0=
151,190,V6Xc4oMBc7WOZkX7pqqVjhaEZyk=,Bhn8LTzw5Oo86be+7Bhdxp4B4d0=
150,190,V6Xc4oMBc7WOZkX7pqqVjhaEZyk=,Bhn8LTzw5Oo86be+7Bhdxp4B4d0=
149,190,V6Xc4oMBc7WOZkX7pqqVjhaEZyk=,Bhn8LTzw5Oo86be+7Bhdxp4B4d0=
148,190,V6Xc4oMBc7WOZkX7pqqVjhaEZyk=,Bhn8LTzw5Oo86be+7Bhdxp4B4d0=
147,190,V6Xc4oMBc7WOZkX7pqqVjhaEZyk=,Bhn8LTzw5Oo86be+7Bhdxp4B4d0=
146,190,V6Xc4oMBc7WOZkX7pqqVjhaEZyk=,Bhn8LTzw5Oo86be+7Bhdxp4B4d0=
145,190,V6Xc4oMBc7WOZkX7pqqVjhaEZyk=,Bhn8LTzw5Oo86be+7Bhdxp4B4d0=
159,189,V6Xc4oMBc7WOZkX7pqqVjhaEZyk=,Bhn8LTzw5Oo86be+7Bhdxp4B4d0=
144,190,V6Xc4oMBc7WOZkX7pqqVjhaEZyk=,Bhn8LTzw5Oo86be+7Bhdxp4B4d0=
158,189,V6Xc4oMBc7WOZkX7pqqVjhaEZyk=,Bhn8LTzw5Oo86be+7Bhdxp4B4d0=
157,189,V6Xc4oMBc7WOZkX7pqqVjhaEZyk=,Bhn8LTzw5Oo86be+7Bhdxp4B4d0=
156,189,V6Xc4oMBc7WOZkX7pqqVjhaEZyk=,Bhn8LTzw5Oo86be+7Bhdxp4B4d0=
155,189,V6Xc4oMBc7WOZkX7pqqVjhaEZyk=,Bhn8LTzw5Oo86be+7Bhdxp4B4d0=
154,189,V6Xc4oMBc7WOZkX7pqqVjhaEZyk=,Bhn8LTzw5Oo86be+7Bhdxp4B4d0=
153,189,V6Xc4oMBc7WOZkX7pqqVjhaEZyk=,Bhn8LTzw5Oo86be+7Bhdxp4B4d0=
152,189,V6Xc4oMBc7WOZkX7pqqVjhaEZyk=,Bhn8LTzw5Oo86be+7Bhdxp4B4d0=
151,189,V6Xc4oMBc7WOZkX7pqqVjhaEZyk=,Bhn8LTzw5Oo86be+7Bhdxp4B4d0=
150,189,V6Xc4oMBc7WOZkX7pqqVjhaEZyk=,Bhn8LTzw5Oo86be+7Bhdxp4B4d0=
149,189,V6Xc4oMBc7WOZkX7pqqVjhaEZyk=,Bhn8LTzw5Oo86be+7Bhdxp4B4d0=
148,189,V6Xc4oMBc7WOZkX7pqqVjhaEZyk=,Bhn8LTzw5Oo86be+7Bhdxp4B4d0=
146,189,V6Xc4oMBc7WOZkX7pqqVjhaEZyk=,Bhn8LTzw5Oo86be+7Bhdxp4B4d0=
147,189,V6Xc4oMBc7WOZkX7pqqVjhaEZyk=,Bhn8LTzw5Oo86be+7Bhdxp4B4d0=
145,189,V6Xc4oMBc7WOZkX7pqqVjhaEZyk=,Bhn8LTzw5Oo86be+7Bhdxp4B4d0=
144,189,V6Xc4oMBc7WOZkX7pqqVjhaEZyk=,Bhn8LTzw5Oo86be+7Bhdxp4B4d0=
159,188,V6Xc4oMBc7WOZkX7pqqVjhaEZyk=,Bhn8LTzw5Oo86be+7Bhdxp4B4d0=
158,188,V6Xc4oMBc7WOZkX7pqqVjhaEZyk=,Bhn8LTzw5Oo86be+7Bhdxp4B4d0=
157,188,V6Xc4oMBc7WOZkX7pqqVjhaEZyk=,Bhn8LTzw5Oo86be+7Bhdxp4B4d0=
156,188,V6Xc4oMBc7WOZkX7pqqVjhaEZyk=,Bhn8LTzw5Oo86be+7Bhdxp4B4d0=
155,188,V6Xc4oMBc7WOZkX7pqqVjhaEZyk=,Bhn8LTzw5Oo86be+7Bhdxp4B4d0=
154,188,V6Xc4oMBc7WOZkX7pqqVjhaEZyk=,Bhn8LTzw5Oo86be+7Bhdxp4B4d0=
153,188,V6Xc4oMBc7WOZkX7pqqVjhaEZyk=,Bhn8LTzw5Oo86be+7Bhdxp4B4d0=
152,188,V6Xc4oMBc7WOZkX7pqqVjhaEZyk=,Bhn8LTzw5Oo86be+7Bhdxp4B4d0=
151,188,V6Xc4oMBc7WOZkX7pqqVjhaEZyk=,Bhn8LTzw5Oo86be+7Bhdxp4B4d0=
150,188,V6Xc4oMBc7WOZkX7pqqVjhaEZyk=,Bhn8LTzw5Oo86be+7Bhdxp4B4d0=
149,188,V6Xc4oMBc7WOZkX7pqqVjhaEZyk=,Bhn8LTzw5Oo86be+7Bhdxp4B4d0=
148,188,V6Xc4oMBc7WOZkX7pqqVjhaEZyk=,Bhn8LTzw5Oo86be+7Bhdxp4B4d0=
147,188,V6Xc4oMBc7WOZkX7pqqVjhaEZyk=,Bhn8LTzw5Oo86be+7Bhdxp4B4d0=
146,188,V6Xc4oMBc7WOZkX7pqqVjhaEZyk=,Bhn8LTzw5Oo86be+7Bhdxp4B4d0=
145,188,V6Xc4oMBc7WOZkX7pqqVjhaEZyk=,Bhn8LTzw5Oo86be+7Bhdxp4B4d0=
144,188,V6Xc4oMBc7WOZkX7pqqVjhaEZyk=,Bhn8LTzw5Oo86be+7Bhdxp4B4d0=
159,187,V6Xc4oMBc7WOZkX7pqqVjhaEZyk=,Bhn8LTzw5Oo86be+7Bhdxp4B4d0=
158,187,V6Xc4oMBc7WOZkX7pqqVjhaEZyk=,Bhn8LTzw5Oo86be+7Bhdxp4B4d0=
157,187,V6Xc4oMBc7WOZkX7pqqVjhaEZyk=,Bhn8LTzw5Oo86be+7Bhdxp4B4d0=
156,187,V6Xc4oMBc7WOZkX7pqqVjhaEZyk=,Bhn8LTzw5Oo86be+7Bhdxp4B4d0=
155,187,V6Xc4oMBc7WOZkX7pqqVjhaEZyk=,Bhn8LTzw5Oo86be+7Bhdxp4B4d0=
154,187,V6Xc4oMBc7WOZkX7pqqVjhaEZyk=,Bhn8LTzw5Oo86be+7Bhdxp4B4d0=
153,187,V6Xc4oMBc7WOZkX7pqqVjhaEZyk=,Bhn8LTzw5Oo86be+7Bhdxp4B4d0=
152,187,V6Xc4oMBc7WOZkX7pqqVjhaEZyk=,Bhn8LTzw5Oo86be+7Bhdxp4B4d0=
151,187,V6Xc4oMBc7WOZkX7pqqVjhaEZyk=,Bhn8LTzw5Oo86be+7Bhdxp4B4d0=
150,187,V6Xc4oMBc7WOZkX7pqqVjhaEZyk=,Bhn8LTzw5Oo86be+7Bhdxp4B4d0=
149,187,V6Xc4oMBc7WOZkX7pqqVjhaEZyk=,Bhn8LTzw5Oo86be+7Bhdxp4B4d0=
148,187,V6Xc4oMBc7WOZkX7pqqVjhaEZyk=,Bhn8LTzw5Oo86be+7Bhdxp4B4d0=
147,187,V6Xc4oMBc7WOZkX7pqqVjhaEZyk=,Bhn8LTzw5Oo86be+7Bhdxp4B4d0=
146,187,V6Xc4oMBc7WOZkX7pqqVjhaEZyk=,Bhn8LTzw5Oo86be+7Bhdxp4B4d0=
145,187,V6Xc4oMBc7WOZkX7pqqVjhaEZyk=,Bhn8LTzw5Oo86be+7Bhdxp4B4d0=
144,187,V6Xc4oMBc7WOZkX7pqqVjhaEZyk=,Bhn8LTzw5Oo86be+7Bhdxp4B4d0=
158,186,V6Xc4oMBc7WOZkX7pqqVjhaEZyk=,Bhn8LTzw5Oo86be+7Bhdxp4B4d0=
157,186,V6Xc4oMBc7WOZkX7pqqVjhaEZyk=,Bhn8LTzw5Oo86be+7Bhdxp4B4d0=
156,186,V6Xc4oMBc7WOZkX7pqqVjhaEZyk=,Bhn8LTzw5Oo86be+7Bhdxp4B4d0=
155,186,V6Xc4oMBc7WOZkX7pqqVjhaEZyk=,Bhn8LTzw5Oo86be+7Bhdxp4B4d0=
154,186,V6Xc4oMBc7WOZkX7pqqVjhaEZyk=,Bhn8LTzw5Oo86be+7Bhdxp4B4d0=
153,186,V6Xc4oMBc7WOZkX7pqqVjhaEZyk=,Bhn8LTzw5Oo86be+7Bhdxp4B4d0=
151,186,V6Xc4oMBc7WOZkX7pqqVjhaEZyk=,Bhn8LTzw5Oo86be+7Bhdxp4B4d0=
152,186,V6Xc4oMBc7WOZkX7pqqVjhaEZyk=,Bhn8LTzw5Oo86be+7Bhdxp4B4d0=
150,186,V6Xc4oMBc7WOZkX7pqqVjhaEZyk=,Bhn8LTzw5Oo86be+7Bhdxp4B4d0=
153,176,V6Xc4oMBc7WOZkX7pqqVjhaEZyk=,Bhn8LTzw5Oo86be+7Bhdxp4B4d0=
152,176,V6Xc4oMBc7WOZkX7pqqVjhaEZyk=,Bhn8LTzw5Oo86be+7Bhdxp4B4d0=
159,186,V6Xc4oMBc7WOZkX7pqqVjhaEZyk=,Bhn8LTzw5Oo86be+7Bhdxp4B4d0=
148,186,V6Xc4oMBc7WOZkX7pqqVjhaEZyk=,Bhn8LTzw5Oo86be+7Bhdxp4B4d0=
149,186,V6Xc4oMBc7WOZkX7pqqVjhaEZyk=,Bhn8LTzw5Oo86be+7Bhdxp4B4d0=
147,186,V6Xc4oMBc7WOZkX7pqqVjhaEZyk=,Bhn8LTzw5Oo86be+7Bhdxp4B4d0=
159,185,V6Xc4oMBc7WOZkX7pqqVjhaEZyk=,Bhn8LTzw5Oo86be+7Bhdxp4B4d0=
157,185,V6Xc4oMBc7WOZkX7pqqVjhaEZyk=,Bhn8LTzw5Oo86be+7Bhdxp4B4d0=
146,186,V6Xc4oMBc7WOZkX7pqqVjhaEZyk=,Bhn8LTzw5Oo86be+7Bhdxp4B4d0=
155,185,V6Xc4oMBc7WOZkX7pqqVjhaEZyk=,Bhn8LTzw5Oo86be+7Bhdxp4B4d0=
154,185,V6Xc4oMBc7WOZkX7pqqVjhaEZyk=,Bhn8LTzw5Oo86be+7Bhdxp4B4d0=
153,185,V6Xc4oMBc7WOZkX7pqqVjhaEZyk=,Bhn8LTzw5Oo86be+7Bhdxp4B4d0=
152,185,V6Xc4oMBc7WOZkX7pqqVjhaEZyk=,Bhn8LTzw5Oo86be+7Bhdxp4B4d0=
151,185,V6Xc4oMBc7WOZkX7pqqVjhaEZyk=,Bhn8LTzw5Oo86be+7Bhdxp4B4d0=
144,186,V6Xc4oMBc7WOZkX7pqqVjhaEZyk=,Bhn8LTzw5Oo86be+7Bhdxp4B4d0=
150,185,V6Xc4oMBc7WOZkX7pqqVjhaEZyk=,Bhn8LTzw5Oo86be+7Bhdxp4B4d0=
158,185,V6Xc4oMBc7WOZkX7pqqVjhaEZyk=,Bhn8LTzw5Oo86be+7Bhdxp4B4d0=
156,185,V6Xc4oMBc7WOZkX7pqqVjhaEZyk=,Bhn8LTzw5Oo86be+7Bhdxp4B4d0=
145,186,V6Xc4oMBc7WOZkX7pqqVjhaEZyk=,Bhn8LTzw5Oo86be+7Bhdxp4B4d0=
149,185,V6Xc4oMBc7WOZkX7pqqVjhaEZyk=,Bhn8LTzw5Oo86be+7Bhdxp4B4d0=
147,185,V6Xc4oMBc7WOZkX7pqqVjhaEZyk=,Bhn8LTzw5Oo86be+7Bhdxp4B4d0=
148,185,V6Xc4oMBc7WOZkX7pqqVjhaEZyk=,Bhn8LTzw5Oo86be+7Bhdxp4B4d0=
146,185,V6Xc4oMBc7WOZkX7pqqVjhaEZyk=,Bhn8LTzw5Oo86be+7Bhdxp4B4d0=
158,184,V6Xc4oMBc7WOZkX7pqqVjhaEZyk=,Bhn8LTzw5Oo86be+7Bhdxp4B4d0=
144,185,V6Xc4oMBc7WOZkX7pqqVjhaEZyk=,Bhn8LTzw5Oo86be+7Bhdxp4B4d0=
145,185,V6Xc4oMBc7WOZkX7pqqVjhaEZyk=,Bhn8LTzw5Oo86be+7Bhdxp4B4d0=
154,184,V6Xc4oMBc7WOZkX7pqqVjhaEZyk=,Bhn8LTzw5Oo86be+7Bhdxp4B4d0=
153,184,V6Xc4oMBc7WOZkX7pqqVjhaEZyk=,Bhn8LTzw5Oo86be+7Bhdxp4B4d0=
152,184,V6Xc4oMBc7WOZkX7pqqVjhaEZyk=,Bhn8LTzw5Oo86be+7Bhdxp4B4d0=
151,184,V6Xc4oMBc7WOZkX7pqqVjhaEZyk=,Bhn8LTzw5Oo86be+7Bhdxp4B4d0=
150,184,V6Xc4oMBc7WOZkX7pqqVjhaEZyk=,Bhn8LTzw5Oo86be+7Bhdxp4B4d0=
149,184,V6Xc4oMBc7WOZkX7pqqVjhaEZyk=,Bhn8LTzw5Oo86be+7Bhdxp4B4d0=
159,184,V6Xc4oMBc7WOZkX7pqqVjhaEZyk=,Bhn8LTzw5Oo86be+7Bhdxp4B4d0=
156,184,V6Xc4oMBc7WOZkX7pqqVjhaEZyk=,Bhn8LTzw5Oo86be+7Bhdxp4B4d0=
157,184,V6Xc4oMBc7WOZkX7pqqVjhaEZyk=,Bhn8LTzw5Oo86be+7Bhdxp4B4d0=
148,184,V6Xc4oMBc7WOZkX7pqqVjhaEZyk=,Bhn8LTzw5Oo86be+7Bhdxp4B4d0=
144,184,V6Xc4oMBc7WOZkX7pqqVjhaEZyk=,Bhn8LTzw5Oo86be+7Bhdxp4B4d0=
146,184,V6Xc4oMBc7WOZkX7pqqVjhaEZyk=,Bhn8LTzw5Oo86be+7Bhdxp4B4d0=
157,183,V6Xc4oMBc7WOZkX7pqqVjhaEZyk=,Bhn8LTzw5Oo86be+7Bhdxp4B4d0=
147,184,V6Xc4oMBc7WOZkX7pqqVjhaEZyk=,Bhn8LTzw5Oo86be+7Bhdxp4B4d0=
145,184,V6Xc4oMBc7WOZkX7pqqVjhaEZyk=,Bhn8LTzw5Oo86be+7Bhdxp4B4d0=
154,183,V6Xc4oMBc7WOZkX7pqqVjhaEZyk=,Bhn8LTzw5Oo86be+7Bhdxp4B4d0=
153,183,V6Xc4oMBc7WOZkX7pqqVjhaEZyk=,Bhn8LTzw5Oo86be+7Bhdxp4B4d0=
152,183,V6Xc4oMBc7WOZkX7pqqVjhaEZyk=,Bhn8LTzw5Oo86be+7Bhdxp4B4d0=
159,183,V6Xc4oMBc7WOZkX7pqqVjhaEZyk=,Bhn8LTzw5Oo86be+7Bhdxp4B4d0=
151,183,V6Xc4oMBc7WOZkX7pqqVjhaEZyk=,Bhn8LTzw5Oo86be+7Bhdxp4B4d0=
150,183,V6Xc4oMBc7WOZkX7pqqVjhaEZyk=,Bhn8LTzw5Oo86be+7Bhdxp4B4d0=
158,183,V6Xc4oMBc7WOZkX7pqqVjhaEZyk=,Bhn8LTzw5Oo86be+7Bhdxp4B4d0=
156,183,V6Xc4oMBc7WOZkX7pqqVjhaEZyk=,Bhn8LTzw5Oo86be+7Bhdxp4B4d0=
155,183,V6Xc4oMBc7WOZkX7pqqVjhaEZyk=,Bhn8LTzw5Oo86be+7Bhdxp4B4d0=
149,183,V6Xc4oMBc7WOZkX7pqqVjhaEZyk=,Bhn8LTzw5Oo86be+7Bhdxp4B4d0=
148,183,V6Xc4oMBc7WOZkX7pqqVjhaEZyk=,Bhn8LTzw5Oo86be+7Bhdxp4B4d0=
159,182,V6Xc4oMBc7WOZkX7pqqVjhaEZyk=,Bhn8LTzw5Oo86be+7Bhdxp4B4d0=
144,183,V6Xc4oMBc7WOZkX7pqqVjhaEZyk=,Bhn8LTzw5Oo86be+7Bhdxp4B4d0=
158,182,V6Xc4oMBc7WOZkX7pqqVjhaEZyk=,Bhn8LTzw5Oo86be+7Bhdxp4B4d0=
147,183,V6Xc4oMBc7WOZkX7pqqVjhaEZyk=,Bhn8LTzw5Oo86be+7Bhdxp4B4d0=
155,182,V6Xc4oMBc7WOZkX7pqqVjhaEZyk=,Bhn8LTzw5Oo86be+7Bhdxp4B4d0=
154,182,V6Xc4oMBc7WOZkX7pqqVjhaEZyk=,Bhn8LTzw5Oo86be+7Bhdxp4B4d0=
153,182,V6Xc4oMBc7WOZkX7pqqVjhaEZyk=,Bhn8LTzw5Oo86be+7Bhdxp4B4d0=
152,182,V6Xc4oMBc7WOZkX7pqqVjhaEZyk=,Bhn8LTzw5Oo86be+7Bhdxp4B4d0=
151,182,V6Xc4oMBc7WOZkX7pqqVjhaEZyk=,Bhn8LTzw5Oo86be+7Bhdxp4B4d0=
150,182,V6Xc4oMBc7WOZkX7pqqVjhaEZyk=,Bhn8LTzw5Oo86be+7Bhdxp4B4d0=
149,182,V6Xc4oMBc7WOZkX7pqqVjhaEZyk=,Bhn8LTzw5Oo86be+7Bhdxp4B4d0=
145,183,V6Xc4oMBc7WOZkX7pqqVjhaEZyk=,Bhn8LTzw5Oo86be+7Bhdxp4B4d0=
157,182,V6Xc4oMBc7WOZkX7pqqVjhaEZyk=,Bhn8LTzw5Oo86be+7Bhdxp4B4d0=
146,183,V6Xc4oMBc7WOZkX7pqqVjhaEZyk=,Bhn8LTzw5Oo86be+7Bhdxp4B4d0=
156,182,V6Xc4oMBc7WOZkX7pqqVjhaEZyk=,Bhn8LTzw5Oo86be+7Bhdxp4B4d0=
147,182,V6Xc4oMBc7WOZkX7pqqVjhaEZyk=,Bhn8LTzw5Oo86be+7Bhdxp4B4d0=
159,181,V6Xc4oMBc7WOZkX7pqqVjhaEZyk=,Bhn8LTzw5Oo86be+7Bhdxp4B4d0=
148,182,V6Xc4oMBc7WOZkX7pqqVjhaEZyk=,Bhn8LTzw5Oo86be+7Bhdxp4B4d0=
157,181,V6Xc4oMBc7WOZkX7pqqVjhaEZyk=,Bhn8LTzw5Oo86be+7Bhdxp4B4d0=
156,181,V6Xc4oMBc7WOZkX7pqqVjhaEZyk=,Bhn8LTzw5Oo86be+7Bhdxp4B4d0=
155,181,V6Xc4oMBc7WOZkX7pqqVjhaEZyk=,Bhn8LTzw5Oo86be+7Bhdxp4B4d0=
154,181,V6Xc4oMBc7WOZkX7pqqVjhaEZyk=,Bhn8LTzw5Oo86be+7Bhdxp4B4d0=
153,181,V6Xc4oMBc7WOZkX7pqqVjhaEZyk=,Bhn8LTzw5Oo86be+7Bhdxp4B4d0=
152,181,V6Xc4oMBc7WOZkX7pqqVjhaEZyk=,Bhn8LTzw5Oo86be+7Bhdxp4B4d0=
151,181,V6Xc4oMBc7WOZkX7pqqVjhaEZyk=,Bhn8LTzw5Oo86be+7Bhdxp4B4d0=
150,181,V6Xc4oMBc7WOZkX7pqqVjhaEZyk=,Bhn8LTzw5Oo86be+7Bhdxp4B4d0=
149,181,V6Xc4oMBc7WOZkX7pqqVjhaEZyk=,Bhn8LTzw5Oo86be+7Bhdxp4B4d0=
148,181,V6Xc4oMBc7WOZkX7pqqVjhaEZyk=,Bhn8LTzw5Oo86be+7Bhdxp4B4d0=
147,181,V6Xc4oMBc7WOZkX7pqqVjhaEZyk=,Bhn8LTzw5Oo86be+7Bhdxp4B4d0=
145,182,V6Xc4oMBc7WOZkX7pqqVjhaEZyk=,Bhn8LTzw5Oo86be+7Bhdxp4B4d0=
145,181,V6Xc4oMBc7WOZkX7pqqVjhaEZyk=,Bhn8LTzw5Oo86be+7Bhdxp4B4d0=
144,181,V6Xc4oMBc7WOZkX7pqqVjhaEZyk=,Bhn8LTzw5Oo86be+7Bhdxp4B4d0=
159,180,V6Xc4oMBc7WOZkX7pqqVjhaEZyk=,Bhn8LTzw5Oo86be+7Bhdxp4B4d0=
158,180,V6Xc4oMBc7WOZkX7pqqVjhaEZyk=,Bhn8LTzw5Oo86be+7Bhdxp4B4d0=
157,180,V6Xc4oMBc7WOZkX7pqqVjhaEZyk=,Bhn8LTzw5Oo86be+7Bhdxp4B4d0=
156,180,V6Xc4oMBc7WOZkX7pqqVjhaEZyk=,Bhn8LTzw5Oo86be+7Bhdxp4B4d0=
155,180,V6Xc4oMBc7WOZkX7pqqVjhaEZyk=,Bhn8LTzw5Oo86be+7Bhdxp4B4d0=
154,180,V6Xc4oMBc7WOZkX7pqqVjhaEZyk=,Bhn8LTzw5Oo86be+7Bhdxp4B4d0=
153,180,V6Xc4oMBc7WOZkX7pqqVjhaEZyk=,Bhn8LTzw5Oo86be+7Bhdxp4B4d0=
152,180,V6Xc4oMBc7WOZkX7pqqVjhaEZyk=,Bhn8LTzw5Oo86be+7Bhdxp4B4d0=
151,180,V6Xc4oMBc7WOZkX7pqqVjhaEZyk=,Bhn8LTzw5Oo86be+7Bhdxp4B4d0=
150,180,V6Xc4oMBc7WOZkX7pqqVjhaEZyk=,Bhn8LTzw5Oo86be+7Bhdxp4B4d0=
149,180,V6Xc4oMBc7WOZkX7pqqVjhaEZyk=,Bhn8LTzw5Oo86be+7Bhdxp4B4d0=
148,180,V6Xc4oMBc7WOZkX7pqqVjhaEZyk=,Bhn8LTzw5Oo86be+7Bhdxp4B4d0=
147,180,V6Xc4oMBc7WOZkX7pqqVjhaEZyk=,Bhn8LTzw5Oo86be+7Bhdxp4B4d0=
146,180,V6Xc4oMBc7WOZkX7pqqVjhaEZyk=,Bhn8LTzw5Oo86be+7Bhdxp4B4d0=
145,180,V6Xc4oMBc7WOZkX7pqqVjhaEZyk=,Bhn8LTzw5Oo86be+7Bhdxp4B4d0=
144,180,V6Xc4oMBc7WOZkX7pqqVjhaEZyk=,Bhn8LTzw5Oo86be+7Bhdxp4B4d0=
159,179,V6Xc4oMBc7WOZkX7pqqVjhaEZyk=,Bhn8LTzw5Oo86be+7Bhdxp4B4d0=
158,179,V6Xc4oMBc7WOZkX7pqqVjhaEZyk=,Bhn8LTzw5Oo86be+7Bhdxp4B4d0=
146,182,V6Xc4oMBc7WOZkX7pqqVjhaEZyk=,Bhn8LTzw5Oo86be+7Bhdxp4B4d0=
158,181,V6Xc4oMBc7WOZkX7pqqVjhaEZyk=,Bhn8LTzw5Oo86be+7Bhdxp4B4d0=
155,179,V6Xc4oMBc7WOZkX7pqqVjhaEZyk=,Bhn8LTzw5Oo86be+7Bhdxp4B4d0=
154,179,V6Xc4oMBc7WOZkX7pqqVjhaEZyk=,Bhn8LTzw5Oo86be+7Bhdxp4B4d0=
153,179,V6Xc4oMBc7WOZkX7pqqVjhaEZyk=,Bhn8LTzw5Oo86be+7Bhdxp4B4d0=
152,179,V6Xc4oMBc7WOZkX7pqqVjhaEZyk=,Bhn8LTzw5Oo86be+7Bhdxp4B4d0=
151,179,V6Xc4oMBc7WOZkX7pqqVjhaEZyk=,Bhn8LTzw5Oo86be+7Bhdxp4B4d0=
150,179,V6Xc4oMBc7WOZkX7pqqVjhaEZyk=,Bhn8LTzw5Oo86be+7Bhdxp4B4d0=
149,179,V6Xc4oMBc7WOZkX7pqqVjhaEZyk=,Bhn8LTzw5Oo86be+7Bhdxp4B4d0=
148,179,V6Xc4oMBc7WOZkX7pqqVjhaEZyk=,Bhn8LTzw5Oo86be+7Bhdxp4B4d0=
147,179,V6Xc4oMBc7WOZkX7pqqVjhaEZyk=,Bhn8LTzw5Oo86be+7Bhdxp4B4d0=
146,179,V6Xc4oMBc7WOZkX7pqqVjhaEZyk=,Bhn8LTzw5Oo86be+7Bhdxp4B4d0=
145,179,V6Xc4oMBc7WOZkX7pqqVjhaEZyk=,Bhn8LTzw5Oo86be+7Bhdxp4B4d0=
144,179,V6Xc4oMBc7WOZkX7pqqVjhaEZyk=,Bhn8LTzw5Oo86be+7Bhdxp4B4d0=
159,178,V6Xc4oMBc7WOZkX7pqqVjhaEZyk=,Bhn8LTzw5Oo86be+7Bhdxp4B4d0=
158,178,V6Xc4oMBc7WOZkX7pqqVjhaEZyk=,Bhn8LTzw5Oo86be+7Bhdxp4B4d0=
144,182,V6Xc4oMBc7WOZkX7pqqVjhaEZyk=,Bhn8LTzw5Oo86be+7Bhdxp4B4d0=
157,179,V6Xc4oMBc7WOZkX7pqqVjhaEZyk=,Bhn8LTzw5Oo86be+7Bhdxp4B4d0=
155,178,V6Xc4oMBc7WOZkX7pqqVjhaEZyk=,Bhn8LTzw5Oo86be+7Bhdxp4B4d0=
154,178,V6Xc4oMBc7WOZkX7pqqVjhaEZyk=,Bhn8LTzw5Oo86be+7Bhdxp4B4d0=
153,178,V6Xc4oMBc7WOZkX7pqqVjhaEZyk=,Bhn8LTzw5Oo86be+7Bhdxp4B4d0=
152,178,V6Xc4oMBc7WOZkX7pqqVjhaEZyk=,Bhn8LTzw5Oo86be+7Bhdxp4B4d0=
151,178,V6Xc4oMBc7WOZkX7pqqVjhaEZyk=,Bhn8LTzw5Oo86be+7Bhdxp4B4d0=
150,178,V6Xc4oMBc7WOZkX7pqqVjhaEZyk=,Bhn8LTzw5Oo86be+7Bhdxp4B4d0=
149,178,V6Xc4oMBc7WOZkX7pqqVjhaEZyk=,Bhn8LTzw5Oo86be+7Bhdxp4B4d0=
148,178,V6Xc4oMBc7WOZkX7pqqVjhaEZyk=,Bhn8LTzw5Oo86be+7Bhdxp4B4d0=
147,178,V6Xc4oMBc7WOZkX7pqqVjhaEZyk=,Bhn8LTzw5Oo86be+7Bhdxp4B4d0=
146,178,V6Xc4oMBc7WOZkX7pqqVjhaEZyk=,Bhn8LTzw5Oo86be+7Bhdxp4B4d0=
145,178,V6Xc4oMBc7WOZkX7pqqVjhaEZyk=,Bhn8LTzw5Oo86be+7Bhdxp4B4d0=
144,178,V6Xc4oMBc7WOZkX7pqqVjhaEZyk=,Bhn8LTzw5Oo86be+7Bhdxp4B4d0=
159,177,V6Xc4oMBc7WOZkX7pqqVjhaEZyk=,Bhn8LTzw5Oo86be+7Bhdxp4B4d0=
158,177,V6Xc4oMBc7WOZkX7pqqVjhaEZyk=,Bhn8LTzw5Oo86be+7Bhdxp4B4d0=
157,177,V6Xc4oMBc7WOZkX7pqqVjhaEZyk=,Bhn8LTzw5Oo86be+7Bhdxp4B4d0=
156,177,V6Xc4oMBc7WOZkX7pqqVjhaEZyk=,Bhn8LTzw5Oo86be+7Bhdxp4B4d0=
155,177,V6Xc4oMBc7WOZkX7pqqVjhaEZyk=,Bhn8LTzw5Oo86be+7Bhdxp4B4d0=
154,177,V6Xc4oMBc7WOZkX7pqqVjhaEZyk=,Bhn8LTzw5Oo86be+7Bhdxp4B4d0=
153,177,V6Xc4oMBc7WOZkX7pqqVjhaEZyk=,Bhn8LTzw5Oo86be+7Bhdxp4B4d0=
152,177,V6Xc4oMBc7WOZkX7pqqVjhaEZyk=,Bhn8LTzw5Oo86be+7Bhdxp4B4d0=
151,177,V6Xc4oMBc7WOZkX7pqqVjhaEZyk=,Bhn8LTzw5Oo86be+7Bhdxp4B4d0=
150,177,V6Xc4oMBc7WOZkX7pqqVjhaEZyk=,Bhn8LTzw5Oo86be+7Bhdxp4B4d0=
149,177,V6Xc4oMBc7WOZkX7pqqVjhaEZyk=,Bhn8LTzw5Oo86be+7Bhdxp4B4d0=
148,177,V6Xc4oMBc7WOZkX7pqqVjhaEZyk=,Bhn8LTzw5Oo86be+7Bhdxp4B4d0=
147,177,V6Xc4oMBc7WOZkX7pqqVjhaEZyk=,Bhn8LTzw5Oo86be+7Bhdxp4B4d0=
146,177,V6Xc4oMBc7WOZkX7pqqVjhaEZyk=,Bhn8LTzw5Oo86be+7Bhdxp4B4d0=
145,177,V6Xc4oMBc7WOZkX7pqqVjhaEZyk=,Bhn8LTzw5Oo86be+7Bhdxp4B4d0=
155,184,V6Xc4oMBc7WOZkX7pqqVjhaEZyk=,Bhn8LTzw5Oo86be+7Bhdxp4B4d0=
156,179,V6Xc4oMBc7WOZkX7pqqVjhaEZyk=,Bhn8LTzw5Oo86be+7Bhdxp4B4d0=
146,181,V6Xc4oMBc7WOZkX7pqqVjhaEZyk=,Bhn8LTzw5Oo86be+7Bhdxp4B4d0=
157,178,V6Xc4oMBc7WOZkX7pqqVjhaEZyk=,Bhn8LTzw5Oo86be+7Bhdxp4B4d0=
156,178,V6Xc4oMBc7WOZkX7pqqVjhaEZyk=,Bhn8LTzw5Oo86be+7Bhdxp4B4d0=
