54,-2,GJvRJtTbKUxL97HbmC9JkbXWEm8=,Ewoe2Fjs/pZnC2aEjPSM7/wi6pQ=
53,-2,GJvRJtTbKUxL97HbmC9JkbXWEm8=,Ewoe2Fjs/pZnC2aEjPSM7/wi6pQ=
50,-2,GJvRJtTbKUxL97HbmC9JkbXWEm8=,Ewoe2Fjs/pZnC2aEjPSM7/wi6pQ=
52,-2,GJvRJtTbKUxL97HbmC9JkbXWEm8=,Ewoe2Fjs/pZnC2aEjPSM7/wi6pQ=
49,-2,GJvRJtTbKUxL97HbmC9JkbXWEm8=,Ewoe2Fjs/pZnC2aEjPSM7/wi6pQ=
48,-2,GJvRJtTbKUxL97HbmC9JkbXWEm8=,Ewoe2Fjs/pZnC2aEjPSM7/wi6pQ=
55,-3,GJvRJtTbKUxL97HbmC9JkbXWEm8=,Ewoe2Fjs/pZnC2aEjPSM7/wi6pQ=
54,-3,GJvRJtTbKUxL97HbmC9JkbXWEm8=,Ewoe2Fjs/pZnC2aEjPSM7/wi6pQ=
52,-3,GJvRJtTbKUxL97HbmC9JkbXWEm8=,Ewoe2Fjs/pZnC2aEjPSM7/wi6pQ=
53,-3,GJvRJtTbKUxL97HbmC9JkbXWEm8=,Ewoe2Fjs/pZnC2aEjPSM7/wi6pQ=
51,-2,GJvRJtTbKUxL97HbmC9JkbXWEm8=,Ewoe2Fjs/pZnC2aEjPSM7/wi6pQ=
50,-3,GJvRJtTbKUxL97HbmC9JkbXWEm8=,Ewoe2Fjs/pZnC2aEjPSM7/wi6pQ=
51,-3,GJvRJtTbKUxL97HbmC9JkbXWEm8=,Ewoe2Fjs/pZnC2aEjPSM7/wi6pQ=
49,-3,GJvRJtTbKUxL97HbmC9JkbXWEm8=,Ewoe2Fjs/pZnC2aEjPSM7/wi6pQ=
48,-3,GJvRJtTbKUxL97HbmC9JkbXWEm8=,Ewoe2Fjs/pZnC2aEjPSM7/wi6pQ=
55,-4,GJvRJtTbKUxL97HbmC9JkbXWEm8=,Ewoe2Fjs/pZnC2aEjPSM7/wi6pQ=
54,-4,GJvRJtTbKUxL97HbmC9JkbXWEm8=,Ewoe2Fjs/pZnC2aEjPSM7/wi6pQ=
53,-4,GJvRJtTbKUxL97HbmC9JkbXWEm8=,Ewoe2Fjs/pZnC2aEjPSM7/wi6pQ=
52,-4,GJvRJtTbKUxL97HbmC9JkbXWEm8=,Ewoe2Fjs/pZnC2aEjPSM7/wi6pQ=
51,-4,GJvRJtTbKUxL97HbmC9JkbXWEm8=,Ewoe2Fjs/pZnC2aEjPSM7/wi6pQ=
49,-4,GJvRJtTbKUxL97HbmC9JkbXWEm8=,Ewoe2Fjs/pZnC2aEjPSM7/wi6pQ=
48,-4,GJvRJtTbKUxL97HbmC9JkbXWEm8=,Ewoe2Fjs/pZnC2aEjPSM7/wi6pQ=
55,-5,GJvRJtTbKUxL97HbmC9JkbXWEm8=,Ewoe2Fjs/pZnC2aEjPSM7/wi6pQ=
54,-5,GJvRJtTbKUxL97HbmC9JkbXWEm8=,Ewoe2Fjs/pZnC2aEjPSM7/wi6pQ=
53,-5,GJvRJtTbKUxL97HbmC9JkbXWEm8=,Ewoe2Fjs/pZnC2aEjPSM7/wi6pQ=
50,-4,GJvRJtTbKUxL97HbmC9JkbXWEm8=,Ewoe2Fjs/pZnC2aEjPSM7/wi6pQ=
52,-5,GJvRJtTbKUxL97HbmC9JkbXWEm8=,Ewoe2Fjs/pZnC2aEjPSM7/wi6pQ=
48,-5,GJvRJtTbKUxL97HbmC9JkbXWEm8=,Ewoe2Fjs/pZnC2aEjPSM7/wi6pQ=
49,-5,GJvRJtTbKUxL97HbmC9JkbXWEm8=,Ewoe2Fjs/pZnC2aEjPSM7/wi6pQ=
55,-6,GJvRJtTbKUxL97HbmC9JkbXWEm8=,Ewoe2Fjs/pZnC2aEjPSM7/wi6pQ=
54,-6,GJvRJtTbKUxL97HbmC9JkbXWEm8=,Ewoe2Fjs/pZnC2aEjPSM7/wi6pQ=
53,-6,GJvRJtTbKUxL97HbmC9JkbXWEm8=,Ewoe2Fjs/pZnC2aEjPSM7/wi6pQ=
50,-5,GJvRJtTbKUxL97HbmC9JkbXWEm8=,Ewoe2Fjs/pZnC2aEjPSM7/wi6pQ=
51,-5,GJvRJtTbKUxL97HbmC9JkbXWEm8=,Ewoe2Fjs/pZnC2aEjPSM7/wi6pQ=
52,-6,GJvRJtTbKUxL97HbmC9JkbXWEm8=,Ewoe2Fjs/pZnC2aEjPSM7/wi6pQ=
50,-6,GJvRJtTbKUxL97HbmC9JkbXWEm8=,Ewoe2Fjs/pZnC2aEjPSM7/wi6pQ=
51,-6,GJvRJtTbKUxL97HbmC9JkbXWEm8=,Ewoe2Fjs/pZnC2aEjPSM7/wi6pQ=
49,-6,GJvRJtTbKUxL97HbmC9JkbXWEm8=,Ewoe2Fjs/pZnC2aEjPSM7/wi6pQ=
48,-6,GJvRJtTbKUxL97HbmC9JkbXWEm8=,Ewoe2Fjs/pZnC2aEjPSM7/wi6pQ=
55,-7,GJvRJtTbKUxL97HbmC9JkbXWEm8=,Ewoe2Fjs/pZnC2aEjPSM7/wi6pQ=
54,-7,GJvRJtTbKUxL97HbmC9JkbXWEm8=,Ewoe2Fjs/pZnC2aEjPSM7/wi6pQ=
53,-7,GJvRJtTbKUxL97HbmC9JkbXWEm8=,Ewoe2Fjs/pZnC2aEjPSM7/wi6pQ=
49,-7,GJvRJtTbKUxL97HbmC9JkbXWEm8=,Ewoe2Fjs/pZnC2aEjPSM7/wi6pQ=
52,-7,GJvRJtTbKUxL97HbmC9JkbXWEm8=,Ewoe2Fjs/pZnC2aEjPSM7/wi6pQ=
50,-7,GJvRJtTbKUxL97HbmC9JkbXWEm8=,Ewoe2Fjs/pZnC2aEjPSM7/wi6pQ=
55,-1,GJvRJtTbKUxL97HbmC9JkbXWEm8=,Ewoe2Fjs/pZnC2aEjPSM7/wi6pQ=
48,-7,GJvRJtTbKUxL97HbmC9JkbXWEm8=,Ewoe2Fjs/pZnC2aEjPSM7/wi6pQ=
51,-7,GJvRJtTbKUxL97HbmC9JkbXWEm8=,Ewoe2Fjs/pZnC2aEjPSM7/wi6pQ=
54,-1,GJvRJtTbKUxL97HbmC9JkbXWEm8=,Ewoe2Fjs/pZnC2aEjPSM7/wi6pQ=
53,-1,GJvRJtTbKUxL97HbmC9JkbXWEm8=,Ewoe2Fjs/pZnC2aEjPSM7/wi6pQ=
52,-1,GJvRJtTbKUxL97HbmC9JkbXWEm8=,Ewoe2Fjs/pZnC2aEjPSM7/wi6pQ=
51,-1,GJvRJtTbKUxL97HbmC9JkbXWEm8=,Ewoe2Fjs/pZnC2aEjPSM7/wi6pQ=
55,-2,GJvRJtTbKUxL97HbmC9JkbXWEm8=,Ewoe2Fjs/pZnC2aEjPSM7/wi6pQ=
50,-1,GJvRJtTbKUxL97HbmC9JkbXWEm8=,Ewoe2Fjs/pZnC2aEjPSM7/wi6pQ=
49,-1,GJvRJtTbKUxL97HbmC9JkbXWEm8=,Ewoe2Fjs/pZnC2aEjPSM7/wi6pQ=
48,-1,GJvRJtTbKUxL97HbmC9JkbXWEm8=,Ewoe2Fjs/pZnC2aEjPSM7/wi6pQ=
50,-12,GJvRJtTbKUxL97HbmC9JkbXWEm8=,E+DMd5W7u9nMvJLBUuUmQInbNFc=
55,-12,GJvRJtTbKUxL97HbmC9JkbXWEm8=,E+DMd5W7u9nMvJLBUuUmQInbNFc=
55,-11,GJvRJtTbKUxL97HbmC9JkbXWEm8=,E+DMd5W7u9nMvJLBUuUmQInbNFc=
51,-12,GJvRJtTbKUxL97HbmC9JkbXWEm8=,E+DMd5W7u9nMvJLBUuUmQInbNFc=
55,-15,GJvRJtTbKUxL97HbmC9JkbXWEm8=,E+DMd5W7u9nMvJLBUuUmQInbNFc=
53,-12,GJvRJtTbKUxL97HbmC9JkbXWEm8=,E+DMd5W7u9nMvJLBUuUmQInbNFc=
54,-12,GJvRJtTbKUxL97HbmC9JkbXWEm8=,E+DMd5W7u9nMvJLBUuUmQInbNFc=
48,-16,GJvRJtTbKUxL97HbmC9JkbXWEm8=,E+DMd5W7u9nMvJLBUuUmQInbNFc=
53,-10,GJvRJtTbKUxL97HbmC9JkbXWEm8=,E+DMd5W7u9nMvJLBUuUmQInbNFc=
54,-11,GJvRJtTbKUxL97HbmC9JkbXWEm8=,E+DMd5W7u9nMvJLBUuUmQInbNFc=
49,-16,GJvRJtTbKUxL97HbmC9JkbXWEm8=,E+DMd5W7u9nMvJLBUuUmQInbNFc=
52,-12,GJvRJtTbKUxL97HbmC9JkbXWEm8=,E+DMd5W7u9nMvJLBUuUmQInbNFc=
49,-15,GJvRJtTbKUxL97HbmC9JkbXWEm8=,E+DMd5W7u9nMvJLBUuUmQInbNFc=
53,-11,GJvRJtTbKUxL97HbmC9JkbXWEm8=,E+DMd5W7u9nMvJLBUuUmQInbNFc=
50,-14,GJvRJtTbKUxL97HbmC9JkbXWEm8=,E+DMd5W7u9nMvJLBUuUmQInbNFc=
49,-14,GJvRJtTbKUxL97HbmC9JkbXWEm8=,E+DMd5W7u9nMvJLBUuUmQInbNFc=
50,-13,GJvRJtTbKUxL97HbmC9JkbXWEm8=,E+DMd5W7u9nMvJLBUuUmQInbNFc=
49,-12,GJvRJtTbKUxL97HbmC9JkbXWEm8=,E+DMd5W7u9nMvJLBUuUmQInbNFc=
54,-10,GJvRJtTbKUxL97HbmC9JkbXWEm8=,E+DMd5W7u9nMvJLBUuUmQInbNFc=
48,-12,GJvRJtTbKUxL97HbmC9JkbXWEm8=,E+DMd5W7u9nMvJLBUuUmQInbNFc=
50,-16,GJvRJtTbKUxL97HbmC9JkbXWEm8=,E+DMd5W7u9nMvJLBUuUmQInbNFc=
55,-10,GJvRJtTbKUxL97HbmC9JkbXWEm8=,E+DMd5W7u9nMvJLBUuUmQInbNFc=
48,-15,GJvRJtTbKUxL97HbmC9JkbXWEm8=,E+DMd5W7u9nMvJLBUuUmQInbNFc=
48,-11,GJvRJtTbKUxL97HbmC9JkbXWEm8=,E+DMd5W7u9nMvJLBUuUmQInbNFc=
55,-13,GJvRJtTbKUxL97HbmC9JkbXWEm8=,E+DMd5W7u9nMvJLBUuUmQInbNFc=
48,-9,GJvRJtTbKUxL97HbmC9JkbXWEm8=,E+DMd5W7u9nMvJLBUuUmQInbNFc=
54,-13,GJvRJtTbKUxL97HbmC9JkbXWEm8=,E+DMd5W7u9nMvJLBUuUmQInbNFc=
49,-9,GJvRJtTbKUxL97HbmC9JkbXWEm8=,E+DMd5W7u9nMvJLBUuUmQInbNFc=
53,-13,GJvRJtTbKUxL97HbmC9JkbXWEm8=,E+DMd5W7u9nMvJLBUuUmQInbNFc=
52,-13,GJvRJtTbKUxL97HbmC9JkbXWEm8=,E+DMd5W7u9nMvJLBUuUmQInbNFc=
51,-13,GJvRJtTbKUxL97HbmC9JkbXWEm8=,E+DMd5W7u9nMvJLBUuUmQInbNFc=
48,-14,GJvRJtTbKUxL97HbmC9JkbXWEm8=,E+DMd5W7u9nMvJLBUuUmQInbNFc=
48,-13,GJvRJtTbKUxL97HbmC9JkbXWEm8=,E+DMd5W7u9nMvJLBUuUmQInbNFc=
49,-13,GJvRJtTbKUxL97HbmC9JkbXWEm8=,E+DMd5W7u9nMvJLBUuUmQInbNFc=
55,-14,GJvRJtTbKUxL97HbmC9JkbXWEm8=,E+DMd5W7u9nMvJLBUuUmQInbNFc=
54,-14,GJvRJtTbKUxL97HbmC9JkbXWEm8=,E+DMd5W7u9nMvJLBUuUmQInbNFc=
54,-15,GJvRJtTbKUxL97HbmC9JkbXWEm8=,E+DMd5W7u9nMvJLBUuUmQInbNFc=
49,-10,GJvRJtTbKUxL97HbmC9JkbXWEm8=,E+DMd5W7u9nMvJLBUuUmQInbNFc=
53,-15,GJvRJtTbKUxL97HbmC9JkbXWEm8=,E+DMd5W7u9nMvJLBUuUmQInbNFc=
53,-14,GJvRJtTbKUxL97HbmC9JkbXWEm8=,E+DMd5W7u9nMvJLBUuUmQInbNFc=
52,-11,GJvRJtTbKUxL97HbmC9JkbXWEm8=,E+DMd5W7u9nMvJLBUuUmQInbNFc=
55,-16,GJvRJtTbKUxL97HbmC9JkbXWEm8=,E+DMd5W7u9nMvJLBUuUmQInbNFc=
52,-14,GJvRJtTbKUxL97HbmC9JkbXWEm8=,E+DMd5W7u9nMvJLBUuUmQInbNFc=
51,-14,GJvRJtTbKUxL97HbmC9JkbXWEm8=,E+DMd5W7u9nMvJLBUuUmQInbNFc=
51,-11,GJvRJtTbKUxL97HbmC9JkbXWEm8=,E+DMd5W7u9nMvJLBUuUmQInbNFc=
52,-15,GJvRJtTbKUxL97HbmC9JkbXWEm8=,E+DMd5W7u9nMvJLBUuUmQInbNFc=
54,-16,GJvRJtTbKUxL97HbmC9JkbXWEm8=,E+DMd5W7u9nMvJLBUuUmQInbNFc=
53,-16,GJvRJtTbKUxL97HbmC9JkbXWEm8=,E+DMd5W7u9nMvJLBUuUmQInbNFc=
50,-11,GJvRJtTbKUxL97HbmC9JkbXWEm8=,E+DMd5W7u9nMvJLBUuUmQInbNFc=
51,-15,GJvRJtTbKUxL97HbmC9JkbXWEm8=,E+DMd5W7u9nMvJLBUuUmQInbNFc=
55,-8,GJvRJtTbKUxL97HbmC9JkbXWEm8=,Ewoe2Fjs/pZnC2aEjPSM7/wi6pQ=
52,-16,GJvRJtTbKUxL97HbmC9JkbXWEm8=,E+DMd5W7u9nMvJLBUuUmQInbNFc=
54,-8,GJvRJtTbKUxL97HbmC9JkbXWEm8=,Ewoe2Fjs/pZnC2aEjPSM7/wi6pQ=
53,-8,GJvRJtTbKUxL97HbmC9JkbXWEm8=,Ewoe2Fjs/pZnC2aEjPSM7/wi6pQ=
48,-10,GJvRJtTbKUxL97HbmC9JkbXWEm8=,E+DMd5W7u9nMvJLBUuUmQInbNFc=
50,-10,GJvRJtTbKUxL97HbmC9JkbXWEm8=,E+DMd5W7u9nMvJLBUuUmQInbNFc=
52,-10,GJvRJtTbKUxL97HbmC9JkbXWEm8=,E+DMd5W7u9nMvJLBUuUmQInbNFc=
52,-8,GJvRJtTbKUxL97HbmC9JkbXWEm8=,Ewoe2Fjs/pZnC2aEjPSM7/wi6pQ=
49,-11,GJvRJtTbKUxL97HbmC9JkbXWEm8=,E+DMd5W7u9nMvJLBUuUmQInbNFc=
49,-8,GJvRJtTbKUxL97HbmC9JkbXWEm8=,Ewoe2Fjs/pZnC2aEjPSM7/wi6pQ=
48,-8,GJvRJtTbKUxL97HbmC9JkbXWEm8=,Ewoe2Fjs/pZnC2aEjPSM7/wi6pQ=
55,-9,GJvRJtTbKUxL97HbmC9JkbXWEm8=,E+DMd5W7u9nMvJLBUuUmQInbNFc=
51,-16,GJvRJtTbKUxL97HbmC9JkbXWEm8=,E+DMd5W7u9nMvJLBUuUmQInbNFc=
54,-9,GJvRJtTbKUxL97HbmC9JkbXWEm8=,E+DMd5W7u9nMvJLBUuUmQInbNFc=
53,-9,GJvRJtTbKUxL97HbmC9JkbXWEm8=,E+DMd5W7u9nMvJLBUuUmQInbNFc=
50,-9,GJvRJtTbKUxL97HbmC9JkbXWEm8=,E+DMd5W7u9nMvJLBUuUmQInbNFc=
50,-15,GJvRJtTbKUxL97HbmC9JkbXWEm8=,E+DMd5W7u9nMvJLBUuUmQInbNFc=
51,-10,GJvRJtTbKUxL97HbmC9JkbXWEm8=,E+DMd5W7u9nMvJLBUuUmQInbNFc=
51,-8,GJvRJtTbKUxL97HbmC9JkbXWEm8=,Ewoe2Fjs/pZnC2aEjPSM7/wi6pQ=
50,-8,GJvRJtTbKUxL97HbmC9JkbXWEm8=,Ewoe2Fjs/pZnC2aEjPSM7/wi6pQ=
51,-9,GJvRJtTbKUxL97HbmC9JkbXWEm8=,E+DMd5W7u9nMvJLBUuUmQInbNFc=
52,-9,GJvRJtTbKUxL97HbmC9JkbXWEm8=,E+DMd5W7u9nMvJLBUuUmQInbNFc=
36,-21,nzLnrkkWv/BJ5qZuNEqujCZxW8Q=,A8K6s/UNMEcv5EU8AATyBp8TJcA=
35,-21,nzLnrkkWv/BJ5qZuNEqujCZxW8Q=,A8K6s/UNMEcv5EU8AATyBp8TJcA=
37,-22,nzLnrkkWv/BJ5qZuNEqujCZxW8Q=,A8K6s/UNMEcv5EU8AATyBp8TJcA=
36,-22,nzLnrkkWv/BJ5qZuNEqujCZxW8Q=,A8K6s/UNMEcv5EU8AATyBp8TJcA=
34,-21,nzLnrkkWv/BJ5qZuNEqujCZxW8Q=,A8K6s/UNMEcv5EU8AATyBp8TJcA=
35,-22,nzLnrkkWv/BJ5qZuNEqujCZxW8Q=,A8K6s/UNMEcv5EU8AATyBp8TJcA=
38,-22,nzLnrkkWv/BJ5qZuNEqujCZxW8Q=,A8K6s/UNMEcv5EU8AATyBp8TJcA=
37,-23,nzLnrkkWv/BJ5qZuNEqujCZxW8Q=,A8K6s/UNMEcv5EU8AATyBp8TJcA=
33,-21,nzLnrkkWv/BJ5qZuNEqujCZxW8Q=,A8K6s/UNMEcv5EU8AATyBp8TJcA=
34,-22,nzLnrkkWv/BJ5qZuNEqujCZxW8Q=,A8K6s/UNMEcv5EU8AATyBp8TJcA=
35,-23,nzLnrkkWv/BJ5qZuNEqujCZxW8Q=,A8K6s/UNMEcv5EU8AATyBp8TJcA=
36,-23,nzLnrkkWv/BJ5qZuNEqujCZxW8Q=,A8K6s/UNMEcv5EU8AATyBp8TJcA=
33,-22,nzLnrkkWv/BJ5qZuNEqujCZxW8Q=,A8K6s/UNMEcv5EU8AATyBp8TJcA=
38,-23,nzLnrkkWv/BJ5qZuNEqujCZxW8Q=,A8K6s/UNMEcv5EU8AATyBp8TJcA=
38,-18,nzLnrkkWv/BJ5qZuNEqujCZxW8Q=,A8K6s/UNMEcv5EU8AATyBp8TJcA=
37,-18,nzLnrkkWv/BJ5qZuNEqujCZxW8Q=,A8K6s/UNMEcv5EU8AATyBp8TJcA=
33,-18,nzLnrkkWv/BJ5qZuNEqujCZxW8Q=,A8K6s/UNMEcv5EU8AATyBp8TJcA=
34,-23,nzLnrkkWv/BJ5qZuNEqujCZxW8Q=,A8K6s/UNMEcv5EU8AATyBp8TJcA=
34,-18,nzLnrkkWv/BJ5qZuNEqujCZxW8Q=,A8K6s/UNMEcv5EU8AATyBp8TJcA=
33,-23,nzLnrkkWv/BJ5qZuNEqujCZxW8Q=,A8K6s/UNMEcv5EU8AATyBp8TJcA=
36,-18,nzLnrkkWv/BJ5qZuNEqujCZxW8Q=,A8K6s/UNMEcv5EU8AATyBp8TJcA=
38,-19,nzLnrkkWv/BJ5qZuNEqujCZxW8Q=,A8K6s/UNMEcv5EU8AATyBp8TJcA=
35,-18,nzLnrkkWv/BJ5qZuNEqujCZxW8Q=,A8K6s/UNMEcv5EU8AATyBp8TJcA=
36,-19,nzLnrkkWv/BJ5qZuNEqujCZxW8Q=,A8K6s/UNMEcv5EU8AATyBp8TJcA=
35,-19,nzLnrkkWv/BJ5qZuNEqujCZxW8Q=,A8K6s/UNMEcv5EU8AATyBp8TJcA=
37,-19,nzLnrkkWv/BJ5qZuNEqujCZxW8Q=,A8K6s/UNMEcv5EU8AATyBp8TJcA=
34,-19,nzLnrkkWv/BJ5qZuNEqujCZxW8Q=,A8K6s/UNMEcv5EU8AATyBp8TJcA=
33,-19,nzLnrkkWv/BJ5qZuNEqujCZxW8Q=,A8K6s/UNMEcv5EU8AATyBp8TJcA=
36,-20,nzLnrkkWv/BJ5qZuNEqujCZxW8Q=,A8K6s/UNMEcv5EU8AATyBp8TJcA=
38,-20,nzLnrkkWv/BJ5qZuNEqujCZxW8Q=,A8K6s/UNMEcv5EU8AATyBp8TJcA=
35,-20,nzLnrkkWv/BJ5qZuNEqujCZxW8Q=,A8K6s/UNMEcv5EU8AATyBp8TJcA=
37,-20,nzLnrkkWv/BJ5qZuNEqujCZxW8Q=,A8K6s/UNMEcv5EU8AATyBp8TJcA=
34,-20,nzLnrkkWv/BJ5qZuNEqujCZxW8Q=,A8K6s/UNMEcv5EU8AATyBp8TJcA=
37,-21,nzLnrkkWv/BJ5qZuNEqujCZxW8Q=,A8K6s/UNMEcv5EU8AATyBp8TJcA=
33,-20,nzLnrkkWv/BJ5qZuNEqujCZxW8Q=,A8K6s/UNMEcv5EU8AATyBp8TJcA=
38,-21,nzLnrkkWv/BJ5qZuNEqujCZxW8Q=,A8K6s/UNMEcv5EU8AATyBp8TJcA=
44,-17,nzLnrkkWv/BJ5qZuNEqujCZxW8Q=,8wn/bG/NrUCH+xxZn6814ajs2ag=
45,-17,nzLnrkkWv/BJ5qZuNEqujCZxW8Q=,8wn/bG/NrUCH+xxZn6814ajs2ag=
42,-21,nzLnrkkWv/BJ5qZuNEqujCZxW8Q=,8wn/bG/NrUCH+xxZn6814ajs2ag=
46,-17,nzLnrkkWv/BJ5qZuNEqujCZxW8Q=,8wn/bG/NrUCH+xxZn6814ajs2ag=
46,-18,nzLnrkkWv/BJ5qZuNEqujCZxW8Q=,8wn/bG/NrUCH+xxZn6814ajs2ag=
40,-19,nzLnrkkWv/BJ5qZuNEqujCZxW8Q=,8wn/bG/NrUCH+xxZn6814ajs2ag=
47,-19,nzLnrkkWv/BJ5qZuNEqujCZxW8Q=,8wn/bG/NrUCH+xxZn6814ajs2ag=
39,-21,nzLnrkkWv/BJ5qZuNEqujCZxW8Q=,A8K6s/UNMEcv5EU8AATyBp8TJcA=
43,-21,nzLnrkkWv/BJ5qZuNEqujCZxW8Q=,8wn/bG/NrUCH+xxZn6814ajs2ag=
40,-23,nzLnrkkWv/BJ5qZuNEqujCZxW8Q=,8wn/bG/NrUCH+xxZn6814ajs2ag=
47,-18,nzLnrkkWv/BJ5qZuNEqujCZxW8Q=,8wn/bG/NrUCH+xxZn6814ajs2ag=
44,-23,nzLnrkkWv/BJ5qZuNEqujCZxW8Q=,8wn/bG/NrUCH+xxZn6814ajs2ag=
46,-23,nzLnrkkWv/BJ5qZuNEqujCZxW8Q=,8wn/bG/NrUCH+xxZn6814ajs2ag=
45,-23,nzLnrkkWv/BJ5qZuNEqujCZxW8Q=,8wn/bG/NrUCH+xxZn6814ajs2ag=
47,-23,nzLnrkkWv/BJ5qZuNEqujCZxW8Q=,8wn/bG/NrUCH+xxZn6814ajs2ag=
40,-22,nzLnrkkWv/BJ5qZuNEqujCZxW8Q=,8wn/bG/NrUCH+xxZn6814ajs2ag=
41,-23,nzLnrkkWv/BJ5qZuNEqujCZxW8Q=,8wn/bG/NrUCH+xxZn6814ajs2ag=
41,-22,nzLnrkkWv/BJ5qZuNEqujCZxW8Q=,8wn/bG/NrUCH+xxZn6814ajs2ag=
44,-21,nzLnrkkWv/BJ5qZuNEqujCZxW8Q=,8wn/bG/NrUCH+xxZn6814ajs2ag=
42,-23,nzLnrkkWv/BJ5qZuNEqujCZxW8Q=,8wn/bG/NrUCH+xxZn6814ajs2ag=
41,-19,nzLnrkkWv/BJ5qZuNEqujCZxW8Q=,8wn/bG/NrUCH+xxZn6814ajs2ag=
42,-19,nzLnrkkWv/BJ5qZuNEqujCZxW8Q=,8wn/bG/NrUCH+xxZn6814ajs2ag=
39,-22,nzLnrkkWv/BJ5qZuNEqujCZxW8Q=,A8K6s/UNMEcv5EU8AATyBp8TJcA=
46,-19,nzLnrkkWv/BJ5qZuNEqujCZxW8Q=,8wn/bG/NrUCH+xxZn6814ajs2ag=
47,-20,nzLnrkkWv/BJ5qZuNEqujCZxW8Q=,8wn/bG/NrUCH+xxZn6814ajs2ag=
45,-18,nzLnrkkWv/BJ5qZuNEqujCZxW8Q=,8wn/bG/NrUCH+xxZn6814ajs2ag=
39,-20,nzLnrkkWv/BJ5qZuNEqujCZxW8Q=,A8K6s/UNMEcv5EU8AATyBp8TJcA=
43,-23,nzLnrkkWv/BJ5qZuNEqujCZxW8Q=,8wn/bG/NrUCH+xxZn6814ajs2ag=
42,-22,nzLnrkkWv/BJ5qZuNEqujCZxW8Q=,8wn/bG/NrUCH+xxZn6814ajs2ag=
44,-18,nzLnrkkWv/BJ5qZuNEqujCZxW8Q=,8wn/bG/NrUCH+xxZn6814ajs2ag=
43,-22,nzLnrkkWv/BJ5qZuNEqujCZxW8Q=,8wn/bG/NrUCH+xxZn6814ajs2ag=
46,-20,nzLnrkkWv/BJ5qZuNEqujCZxW8Q=,8wn/bG/NrUCH+xxZn6814ajs2ag=
44,-22,nzLnrkkWv/BJ5qZuNEqujCZxW8Q=,8wn/bG/NrUCH+xxZn6814ajs2ag=
45,-21,nzLnrkkWv/BJ5qZuNEqujCZxW8Q=,8wn/bG/NrUCH+xxZn6814ajs2ag=
45,-22,nzLnrkkWv/BJ5qZuNEqujCZxW8Q=,8wn/bG/NrUCH+xxZn6814ajs2ag=
46,-22,nzLnrkkWv/BJ5qZuNEqujCZxW8Q=,8wn/bG/NrUCH+xxZn6814ajs2ag=
47,-22,nzLnrkkWv/BJ5qZuNEqujCZxW8Q=,8wn/bG/NrUCH+xxZn6814ajs2ag=
39,-23,nzLnrkkWv/BJ5qZuNEqujCZxW8Q=,A8K6s/UNMEcv5EU8AATyBp8TJcA=
43,-18,nzLnrkkWv/BJ5qZuNEqujCZxW8Q=,8wn/bG/NrUCH+xxZn6814ajs2ag=
45,-19,nzLnrkkWv/BJ5qZuNEqujCZxW8Q=,8wn/bG/NrUCH+xxZn6814ajs2ag=
42,-18,nzLnrkkWv/BJ5qZuNEqujCZxW8Q=,8wn/bG/NrUCH+xxZn6814ajs2ag=
39,-19,nzLnrkkWv/BJ5qZuNEqujCZxW8Q=,A8K6s/UNMEcv5EU8AATyBp8TJcA=
46,-21,nzLnrkkWv/BJ5qZuNEqujCZxW8Q=,8wn/bG/NrUCH+xxZn6814ajs2ag=
41,-18,nzLnrkkWv/BJ5qZuNEqujCZxW8Q=,8wn/bG/NrUCH+xxZn6814ajs2ag=
45,-20,nzLnrkkWv/BJ5qZuNEqujCZxW8Q=,8wn/bG/NrUCH+xxZn6814ajs2ag=
40,-18,nzLnrkkWv/BJ5qZuNEqujCZxW8Q=,8wn/bG/NrUCH+xxZn6814ajs2ag=
44,-20,nzLnrkkWv/BJ5qZuNEqujCZxW8Q=,8wn/bG/NrUCH+xxZn6814ajs2ag=
43,-17,nzLnrkkWv/BJ5qZuNEqujCZxW8Q=,8wn/bG/NrUCH+xxZn6814ajs2ag=
43,-20,nzLnrkkWv/BJ5qZuNEqujCZxW8Q=,8wn/bG/NrUCH+xxZn6814ajs2ag=
44,-19,nzLnrkkWv/BJ5qZuNEqujCZxW8Q=,8wn/bG/NrUCH+xxZn6814ajs2ag=
42,-17,nzLnrkkWv/BJ5qZuNEqujCZxW8Q=,8wn/bG/NrUCH+xxZn6814ajs2ag=
47,-21,nzLnrkkWv/BJ5qZuNEqujCZxW8Q=,8wn/bG/NrUCH+xxZn6814ajs2ag=
42,-20,nzLnrkkWv/BJ5qZuNEqujCZxW8Q=,8wn/bG/NrUCH+xxZn6814ajs2ag=
40,-21,nzLnrkkWv/BJ5qZuNEqujCZxW8Q=,8wn/bG/NrUCH+xxZn6814ajs2ag=
41,-21,nzLnrkkWv/BJ5qZuNEqujCZxW8Q=,8wn/bG/NrUCH+xxZn6814ajs2ag=
43,-19,nzLnrkkWv/BJ5qZuNEqujCZxW8Q=,8wn/bG/NrUCH+xxZn6814ajs2ag=
41,-17,nzLnrkkWv/BJ5qZuNEqujCZxW8Q=,8wn/bG/NrUCH+xxZn6814ajs2ag=
41,-20,nzLnrkkWv/BJ5qZuNEqujCZxW8Q=,8wn/bG/NrUCH+xxZn6814ajs2ag=
40,-20,nzLnrkkWv/BJ5qZuNEqujCZxW8Q=,8wn/bG/NrUCH+xxZn6814ajs2ag=
39,-18,nzLnrkkWv/BJ5qZuNEqujCZxW8Q=,A8K6s/UNMEcv5EU8AATyBp8TJcA=
32,-20,nzLnrkkWv/BJ5qZuNEqujCZxW8Q=,A8K6s/UNMEcv5EU8AATyBp8TJcA=
32,-19,nzLnrkkWv/BJ5qZuNEqujCZxW8Q=,A8K6s/UNMEcv5EU8AATyBp8TJcA=
32,-18,nzLnrkkWv/BJ5qZuNEqujCZxW8Q=,A8K6s/UNMEcv5EU8AATyBp8TJcA=
32,-21,nzLnrkkWv/BJ5qZuNEqujCZxW8Q=,A8K6s/UNMEcv5EU8AATyBp8TJcA=
32,-23,nzLnrkkWv/BJ5qZuNEqujCZxW8Q=,A8K6s/UNMEcv5EU8AATyBp8TJcA=
40,-17,nzLnrkkWv/BJ5qZuNEqujCZxW8Q=,8wn/bG/NrUCH+xxZn6814ajs2ag=
47,-17,nzLnrkkWv/BJ5qZuNEqujCZxW8Q=,8wn/bG/NrUCH+xxZn6814ajs2ag=
39,-17,nzLnrkkWv/BJ5qZuNEqujCZxW8Q=,A8K6s/UNMEcv5EU8AATyBp8TJcA=
38,-17,nzLnrkkWv/BJ5qZuNEqujCZxW8Q=,A8K6s/UNMEcv5EU8AATyBp8TJcA=
32,-22,nzLnrkkWv/BJ5qZuNEqujCZxW8Q=,A8K6s/UNMEcv5EU8AATyBp8TJcA=
32,-17,nzLnrkkWv/BJ5qZuNEqujCZxW8Q=,A8K6s/UNMEcv5EU8AATyBp8TJcA=
41,-24,nzLnrkkWv/BJ5qZuNEqujCZxW8Q=,8wn/bG/NrUCH+xxZn6814ajs2ag=
44,-24,nzLnrkkWv/BJ5qZuNEqujCZxW8Q=,8wn/bG/NrUCH+xxZn6814ajs2ag=
43,-25,nzLnrkkWv/BJ5qZuNEqujCZxW8Q=,4p7tl8sFSu6QE/EsJrzngB9ACM0=
37,-17,nzLnrkkWv/BJ5qZuNEqujCZxW8Q=,A8K6s/UNMEcv5EU8AATyBp8TJcA=
42,-25,nzLnrkkWv/BJ5qZuNEqujCZxW8Q=,4p7tl8sFSu6QE/EsJrzngB9ACM0=
44,-25,nzLnrkkWv/BJ5qZuNEqujCZxW8Q=,4p7tl8sFSu6QE/EsJrzngB9ACM0=
41,-25,nzLnrkkWv/BJ5qZuNEqujCZxW8Q=,4p7tl8sFSu6QE/EsJrzngB9ACM0=
47,-26,nzLnrkkWv/BJ5qZuNEqujCZxW8Q=,4p7tl8sFSu6QE/EsJrzngB9ACM0=
46,-26,nzLnrkkWv/BJ5qZuNEqujCZxW8Q=,4p7tl8sFSu6QE/EsJrzngB9ACM0=
45,-26,nzLnrkkWv/BJ5qZuNEqujCZxW8Q=,4p7tl8sFSu6QE/EsJrzngB9ACM0=
44,-26,nzLnrkkWv/BJ5qZuNEqujCZxW8Q=,4p7tl8sFSu6QE/EsJrzngB9ACM0=
43,-26,nzLnrkkWv/BJ5qZuNEqujCZxW8Q=,4p7tl8sFSu6QE/EsJrzngB9ACM0=
43,-24,nzLnrkkWv/BJ5qZuNEqujCZxW8Q=,8wn/bG/NrUCH+xxZn6814ajs2ag=
42,-26,nzLnrkkWv/BJ5qZuNEqujCZxW8Q=,4p7tl8sFSu6QE/EsJrzngB9ACM0=
41,-26,nzLnrkkWv/BJ5qZuNEqujCZxW8Q=,4p7tl8sFSu6QE/EsJrzngB9ACM0=
47,-27,nzLnrkkWv/BJ5qZuNEqujCZxW8Q=,4p7tl8sFSu6QE/EsJrzngB9ACM0=
46,-27,nzLnrkkWv/BJ5qZuNEqujCZxW8Q=,4p7tl8sFSu6QE/EsJrzngB9ACM0=
45,-27,nzLnrkkWv/BJ5qZuNEqujCZxW8Q=,4p7tl8sFSu6QE/EsJrzngB9ACM0=
42,-24,nzLnrkkWv/BJ5qZuNEqujCZxW8Q=,8wn/bG/NrUCH+xxZn6814ajs2ag=
44,-27,nzLnrkkWv/BJ5qZuNEqujCZxW8Q=,4p7tl8sFSu6QE/EsJrzngB9ACM0=
43,-27,nzLnrkkWv/BJ5qZuNEqujCZxW8Q=,4p7tl8sFSu6QE/EsJrzngB9ACM0=
42,-27,nzLnrkkWv/BJ5qZuNEqujCZxW8Q=,4p7tl8sFSu6QE/EsJrzngB9ACM0=
41,-27,nzLnrkkWv/BJ5qZuNEqujCZxW8Q=,4p7tl8sFSu6QE/EsJrzngB9ACM0=
47,-28,nzLnrkkWv/BJ5qZuNEqujCZxW8Q=,4p7tl8sFSu6QE/EsJrzngB9ACM0=
46,-28,nzLnrkkWv/BJ5qZuNEqujCZxW8Q=,4p7tl8sFSu6QE/EsJrzngB9ACM0=
45,-28,nzLnrkkWv/BJ5qZuNEqujCZxW8Q=,4p7tl8sFSu6QE/EsJrzngB9ACM0=
44,-28,nzLnrkkWv/BJ5qZuNEqujCZxW8Q=,4p7tl8sFSu6QE/EsJrzngB9ACM0=
43,-28,nzLnrkkWv/BJ5qZuNEqujCZxW8Q=,4p7tl8sFSu6QE/EsJrzngB9ACM0=
41,-28,nzLnrkkWv/BJ5qZuNEqujCZxW8Q=,4p7tl8sFSu6QE/EsJrzngB9ACM0=
42,-28,nzLnrkkWv/BJ5qZuNEqujCZxW8Q=,4p7tl8sFSu6QE/EsJrzngB9ACM0=
47,-29,nzLnrkkWv/BJ5qZuNEqujCZxW8Q=,4p7tl8sFSu6QE/EsJrzngB9ACM0=
46,-29,nzLnrkkWv/BJ5qZuNEqujCZxW8Q=,4p7tl8sFSu6QE/EsJrzngB9ACM0=
45,-29,nzLnrkkWv/BJ5qZuNEqujCZxW8Q=,4p7tl8sFSu6QE/EsJrzngB9ACM0=
44,-29,nzLnrkkWv/BJ5qZuNEqujCZxW8Q=,4p7tl8sFSu6QE/EsJrzngB9ACM0=
41,-32,nzLnrkkWv/BJ5qZuNEqujCZxW8Q=,4p7tl8sFSu6QE/EsJrzngB9ACM0=
33,-17,nzLnrkkWv/BJ5qZuNEqujCZxW8Q=,A8K6s/UNMEcv5EU8AATyBp8TJcA=
43,-29,nzLnrkkWv/BJ5qZuNEqujCZxW8Q=,4p7tl8sFSu6QE/EsJrzngB9ACM0=
47,-30,nzLnrkkWv/BJ5qZuNEqujCZxW8Q=,4p7tl8sFSu6QE/EsJrzngB9ACM0=
46,-30,nzLnrkkWv/BJ5qZuNEqujCZxW8Q=,4p7tl8sFSu6QE/EsJrzngB9ACM0=
45,-30,nzLnrkkWv/BJ5qZuNEqujCZxW8Q=,4p7tl8sFSu6QE/EsJrzngB9ACM0=
44,-30,nzLnrkkWv/BJ5qZuNEqujCZxW8Q=,4p7tl8sFSu6QE/EsJrzngB9ACM0=
36,-17,nzLnrkkWv/BJ5qZuNEqujCZxW8Q=,A8K6s/UNMEcv5EU8AATyBp8TJcA=
42,-29,nzLnrkkWv/BJ5qZuNEqujCZxW8Q=,4p7tl8sFSu6QE/EsJrzngB9ACM0=
34,-17,nzLnrkkWv/BJ5qZuNEqujCZxW8Q=,A8K6s/UNMEcv5EU8AATyBp8TJcA=
47,-31,nzLnrkkWv/BJ5qZuNEqujCZxW8Q=,4p7tl8sFSu6QE/EsJrzngB9ACM0=
46,-31,nzLnrkkWv/BJ5qZuNEqujCZxW8Q=,4p7tl8sFSu6QE/EsJrzngB9ACM0=
35,-17,nzLnrkkWv/BJ5qZuNEqujCZxW8Q=,A8K6s/UNMEcv5EU8AATyBp8TJcA=
45,-31,nzLnrkkWv/BJ5qZuNEqujCZxW8Q=,4p7tl8sFSu6QE/EsJrzngB9ACM0=
41,-29,nzLnrkkWv/BJ5qZuNEqujCZxW8Q=,4p7tl8sFSu6QE/EsJrzngB9ACM0=
42,-32,nzLnrkkWv/BJ5qZuNEqujCZxW8Q=,4p7tl8sFSu6QE/EsJrzngB9ACM0=
45,-25,nzLnrkkWv/BJ5qZuNEqujCZxW8Q=,4p7tl8sFSu6QE/EsJrzngB9ACM0=
46,-25,nzLnrkkWv/BJ5qZuNEqujCZxW8Q=,4p7tl8sFSu6QE/EsJrzngB9ACM0=
43,-30,nzLnrkkWv/BJ5qZuNEqujCZxW8Q=,4p7tl8sFSu6QE/EsJrzngB9ACM0=
42,-30,nzLnrkkWv/BJ5qZuNEqujCZxW8Q=,4p7tl8sFSu6QE/EsJrzngB9ACM0=
47,-32,nzLnrkkWv/BJ5qZuNEqujCZxW8Q=,4p7tl8sFSu6QE/EsJrzngB9ACM0=
47,-24,nzLnrkkWv/BJ5qZuNEqujCZxW8Q=,8wn/bG/NrUCH+xxZn6814ajs2ag=
46,-24,nzLnrkkWv/BJ5qZuNEqujCZxW8Q=,8wn/bG/NrUCH+xxZn6814ajs2ag=
46,-32,nzLnrkkWv/BJ5qZuNEqujCZxW8Q=,4p7tl8sFSu6QE/EsJrzngB9ACM0=
47,-25,nzLnrkkWv/BJ5qZuNEqujCZxW8Q=,4p7tl8sFSu6QE/EsJrzngB9ACM0=
45,-24,nzLnrkkWv/BJ5qZuNEqujCZxW8Q=,8wn/bG/NrUCH+xxZn6814ajs2ag=
44,-31,nzLnrkkWv/BJ5qZuNEqujCZxW8Q=,4p7tl8sFSu6QE/EsJrzngB9ACM0=
41,-30,nzLnrkkWv/BJ5qZuNEqujCZxW8Q=,4p7tl8sFSu6QE/EsJrzngB9ACM0=
43,-31,nzLnrkkWv/BJ5qZuNEqujCZxW8Q=,4p7tl8sFSu6QE/EsJrzngB9ACM0=
42,-31,nzLnrkkWv/BJ5qZuNEqujCZxW8Q=,4p7tl8sFSu6QE/EsJrzngB9ACM0=
43,-32,nzLnrkkWv/BJ5qZuNEqujCZxW8Q=,4p7tl8sFSu6QE/EsJrzngB9ACM0=
41,-31,nzLnrkkWv/BJ5qZuNEqujCZxW8Q=,4p7tl8sFSu6QE/EsJrzngB9ACM0=
45,-32,nzLnrkkWv/BJ5qZuNEqujCZxW8Q=,4p7tl8sFSu6QE/EsJrzngB9ACM0=
44,-32,nzLnrkkWv/BJ5qZuNEqujCZxW8Q=,4p7tl8sFSu6QE/EsJrzngB9ACM0=
40,-25,nzLnrkkWv/BJ5qZuNEqujCZxW8Q=,4p7tl8sFSu6QE/EsJrzngB9ACM0=
36,-24,nzLnrkkWv/BJ5qZuNEqujCZxW8Q=,A8K6s/UNMEcv5EU8AATyBp8TJcA=
37,-24,nzLnrkkWv/BJ5qZuNEqujCZxW8Q=,A8K6s/UNMEcv5EU8AATyBp8TJcA=
32,-27,nzLnrkkWv/BJ5qZuNEqujCZxW8Q=,TgEi8/T4A/t/AcGBRqkjNZK6OyI=
40,-26,nzLnrkkWv/BJ5qZuNEqujCZxW8Q=,4p7tl8sFSu6QE/EsJrzngB9ACM0=
39,-24,nzLnrkkWv/BJ5qZuNEqujCZxW8Q=,A8K6s/UNMEcv5EU8AATyBp8TJcA=
38,-24,nzLnrkkWv/BJ5qZuNEqujCZxW8Q=,A8K6s/UNMEcv5EU8AATyBp8TJcA=
35,-24,nzLnrkkWv/BJ5qZuNEqujCZxW8Q=,A8K6s/UNMEcv5EU8AATyBp8TJcA=
33,-27,nzLnrkkWv/BJ5qZuNEqujCZxW8Q=,TgEi8/T4A/t/AcGBRqkjNZK6OyI=
37,-28,nzLnrkkWv/BJ5qZuNEqujCZxW8Q=,TgEi8/T4A/t/AcGBRqkjNZK6OyI=
40,-27,nzLnrkkWv/BJ5qZuNEqujCZxW8Q=,4p7tl8sFSu6QE/EsJrzngB9ACM0=
35,-27,nzLnrkkWv/BJ5qZuNEqujCZxW8Q=,TgEi8/T4A/t/AcGBRqkjNZK6OyI=
34,-27,nzLnrkkWv/BJ5qZuNEqujCZxW8Q=,TgEi8/T4A/t/AcGBRqkjNZK6OyI=
36,-27,nzLnrkkWv/BJ5qZuNEqujCZxW8Q=,TgEi8/T4A/t/AcGBRqkjNZK6OyI=
39,-28,nzLnrkkWv/BJ5qZuNEqujCZxW8Q=,TgEi8/T4A/t/AcGBRqkjNZK6OyI=
38,-28,nzLnrkkWv/BJ5qZuNEqujCZxW8Q=,TgEi8/T4A/t/AcGBRqkjNZK6OyI=
39,-25,nzLnrkkWv/BJ5qZuNEqujCZxW8Q=,TgEi8/T4A/t/AcGBRqkjNZK6OyI=
32,-28,nzLnrkkWv/BJ5qZuNEqujCZxW8Q=,TgEi8/T4A/t/AcGBRqkjNZK6OyI=
36,-28,nzLnrkkWv/BJ5qZuNEqujCZxW8Q=,TgEi8/T4A/t/AcGBRqkjNZK6OyI=
33,-28,nzLnrkkWv/BJ5qZuNEqujCZxW8Q=,TgEi8/T4A/t/AcGBRqkjNZK6OyI=
38,-25,nzLnrkkWv/BJ5qZuNEqujCZxW8Q=,TgEi8/T4A/t/AcGBRqkjNZK6OyI=
34,-28,nzLnrkkWv/BJ5qZuNEqujCZxW8Q=,TgEi8/T4A/t/AcGBRqkjNZK6OyI=
37,-27,nzLnrkkWv/BJ5qZuNEqujCZxW8Q=,TgEi8/T4A/t/AcGBRqkjNZK6OyI=
37,-25,nzLnrkkWv/BJ5qZuNEqujCZxW8Q=,TgEi8/T4A/t/AcGBRqkjNZK6OyI=
33,-24,nzLnrkkWv/BJ5qZuNEqujCZxW8Q=,A8K6s/UNMEcv5EU8AATyBp8TJcA=
39,-29,nzLnrkkWv/BJ5qZuNEqujCZxW8Q=,TgEi8/T4A/t/AcGBRqkjNZK6OyI=
36,-25,nzLnrkkWv/BJ5qZuNEqujCZxW8Q=,TgEi8/T4A/t/AcGBRqkjNZK6OyI=
35,-28,nzLnrkkWv/BJ5qZuNEqujCZxW8Q=,TgEi8/T4A/t/AcGBRqkjNZK6OyI=
32,-24,nzLnrkkWv/BJ5qZuNEqujCZxW8Q=,A8K6s/UNMEcv5EU8AATyBp8TJcA=
38,-27,nzLnrkkWv/BJ5qZuNEqujCZxW8Q=,TgEi8/T4A/t/AcGBRqkjNZK6OyI=
40,-32,nzLnrkkWv/BJ5qZuNEqujCZxW8Q=,4p7tl8sFSu6QE/EsJrzngB9ACM0=
40,-24,nzLnrkkWv/BJ5qZuNEqujCZxW8Q=,8wn/bG/NrUCH+xxZn6814ajs2ag=
34,-29,nzLnrkkWv/BJ5qZuNEqujCZxW8Q=,TgEi8/T4A/t/AcGBRqkjNZK6OyI=
35,-29,nzLnrkkWv/BJ5qZuNEqujCZxW8Q=,TgEi8/T4A/t/AcGBRqkjNZK6OyI=
40,-28,nzLnrkkWv/BJ5qZuNEqujCZxW8Q=,4p7tl8sFSu6QE/EsJrzngB9ACM0=
34,-24,nzLnrkkWv/BJ5qZuNEqujCZxW8Q=,A8K6s/UNMEcv5EU8AATyBp8TJcA=
35,-25,nzLnrkkWv/BJ5qZuNEqujCZxW8Q=,TgEi8/T4A/t/AcGBRqkjNZK6OyI=
36,-29,nzLnrkkWv/BJ5qZuNEqujCZxW8Q=,TgEi8/T4A/t/AcGBRqkjNZK6OyI=
39,-27,nzLnrkkWv/BJ5qZuNEqujCZxW8Q=,TgEi8/T4A/t/AcGBRqkjNZK6OyI=
37,-29,nzLnrkkWv/BJ5qZuNEqujCZxW8Q=,TgEi8/T4A/t/AcGBRqkjNZK6OyI=
32,-29,nzLnrkkWv/BJ5qZuNEqujCZxW8Q=,TgEi8/T4A/t/AcGBRqkjNZK6OyI=
37,-30,nzLnrkkWv/BJ5qZuNEqujCZxW8Q=,TgEi8/T4A/t/AcGBRqkjNZK6OyI=
36,-30,nzLnrkkWv/BJ5qZuNEqujCZxW8Q=,TgEi8/T4A/t/AcGBRqkjNZK6OyI=
38,-29,nzLnrkkWv/BJ5qZuNEqujCZxW8Q=,TgEi8/T4A/t/AcGBRqkjNZK6OyI=
39,-30,nzLnrkkWv/BJ5qZuNEqujCZxW8Q=,TgEi8/T4A/t/AcGBRqkjNZK6OyI=
38,-30,nzLnrkkWv/BJ5qZuNEqujCZxW8Q=,TgEi8/T4A/t/AcGBRqkjNZK6OyI=
40,-29,nzLnrkkWv/BJ5qZuNEqujCZxW8Q=,4p7tl8sFSu6QE/EsJrzngB9ACM0=
33,-29,nzLnrkkWv/BJ5qZuNEqujCZxW8Q=,TgEi8/T4A/t/AcGBRqkjNZK6OyI=
34,-25,nzLnrkkWv/BJ5qZuNEqujCZxW8Q=,TgEi8/T4A/t/AcGBRqkjNZK6OyI=
39,-26,nzLnrkkWv/BJ5qZuNEqujCZxW8Q=,TgEi8/T4A/t/AcGBRqkjNZK6OyI=
40,-30,nzLnrkkWv/BJ5qZuNEqujCZxW8Q=,4p7tl8sFSu6QE/EsJrzngB9ACM0=
38,-26,nzLnrkkWv/BJ5qZuNEqujCZxW8Q=,TgEi8/T4A/t/AcGBRqkjNZK6OyI=
35,-30,nzLnrkkWv/BJ5qZuNEqujCZxW8Q=,TgEi8/T4A/t/AcGBRqkjNZK6OyI=
32,-25,nzLnrkkWv/BJ5qZuNEqujCZxW8Q=,TgEi8/T4A/t/AcGBRqkjNZK6OyI=
39,-31,nzLnrkkWv/BJ5qZuNEqujCZxW8Q=,TgEi8/T4A/t/AcGBRqkjNZK6OyI=
38,-31,nzLnrkkWv/BJ5qZuNEqujCZxW8Q=,TgEi8/T4A/t/AcGBRqkjNZK6OyI=
33,-25,nzLnrkkWv/BJ5qZuNEqujCZxW8Q=,TgEi8/T4A/t/AcGBRqkjNZK6OyI=
32,-32,nzLnrkkWv/BJ5qZuNEqujCZxW8Q=,TgEi8/T4A/t/AcGBRqkjNZK6OyI=
37,-26,nzLnrkkWv/BJ5qZuNEqujCZxW8Q=,TgEi8/T4A/t/AcGBRqkjNZK6OyI=
40,-31,nzLnrkkWv/BJ5qZuNEqujCZxW8Q=,4p7tl8sFSu6QE/EsJrzngB9ACM0=
34,-30,nzLnrkkWv/BJ5qZuNEqujCZxW8Q=,TgEi8/T4A/t/AcGBRqkjNZK6OyI=
33,-32,nzLnrkkWv/BJ5qZuNEqujCZxW8Q=,TgEi8/T4A/t/AcGBRqkjNZK6OyI=
33,-30,nzLnrkkWv/BJ5qZuNEqujCZxW8Q=,TgEi8/T4A/t/AcGBRqkjNZK6OyI=
37,-31,nzLnrkkWv/BJ5qZuNEqujCZxW8Q=,TgEi8/T4A/t/AcGBRqkjNZK6OyI=
35,-26,nzLnrkkWv/BJ5qZuNEqujCZxW8Q=,TgEi8/T4A/t/AcGBRqkjNZK6OyI=
36,-26,nzLnrkkWv/BJ5qZuNEqujCZxW8Q=,TgEi8/T4A/t/AcGBRqkjNZK6OyI=
39,-32,nzLnrkkWv/BJ5qZuNEqujCZxW8Q=,TgEi8/T4A/t/AcGBRqkjNZK6OyI=
38,-32,nzLnrkkWv/BJ5qZuNEqujCZxW8Q=,TgEi8/T4A/t/AcGBRqkjNZK6OyI=
34,-26,nzLnrkkWv/BJ5qZuNEqujCZxW8Q=,TgEi8/T4A/t/AcGBRqkjNZK6OyI=
32,-30,nzLnrkkWv/BJ5qZuNEqujCZxW8Q=,TgEi8/T4A/t/AcGBRqkjNZK6OyI=
33,-26,nzLnrkkWv/BJ5qZuNEqujCZxW8Q=,TgEi8/T4A/t/AcGBRqkjNZK6OyI=
36,-31,nzLnrkkWv/BJ5qZuNEqujCZxW8Q=,TgEi8/T4A/t/AcGBRqkjNZK6OyI=
33,-31,nzLnrkkWv/BJ5qZuNEqujCZxW8Q=,TgEi8/T4A/t/AcGBRqkjNZK6OyI=
32,-26,nzLnrkkWv/BJ5qZuNEqujCZxW8Q=,TgEi8/T4A/t/AcGBRqkjNZK6OyI=
34,-32,nzLnrkkWv/BJ5qZuNEqujCZxW8Q=,TgEi8/T4A/t/AcGBRqkjNZK6OyI=
35,-31,nzLnrkkWv/BJ5qZuNEqujCZxW8Q=,TgEi8/T4A/t/AcGBRqkjNZK6OyI=
34,-31,nzLnrkkWv/BJ5qZuNEqujCZxW8Q=,TgEi8/T4A/t/AcGBRqkjNZK6OyI=
32,-31,nzLnrkkWv/BJ5qZuNEqujCZxW8Q=,TgEi8/T4A/t/AcGBRqkjNZK6OyI=
37,-32,nzLnrkkWv/BJ5qZuNEqujCZxW8Q=,TgEi8/T4A/t/AcGBRqkjNZK6OyI=
36,-32,nzLnrkkWv/BJ5qZuNEqujCZxW8Q=,TgEi8/T4A/t/AcGBRqkjNZK6OyI=
35,-32,nzLnrkkWv/BJ5qZuNEqujCZxW8Q=,TgEi8/T4A/t/AcGBRqkjNZK6OyI=
34,-5,2rb5RBhecSm/2hFnWrfyCVecQWI=,xN6esJYYSF/GtfUEuY1zlLVc1fI=
33,-5,2rb5RBhecSm/2hFnWrfyCVecQWI=,xN6esJYYSF/GtfUEuY1zlLVc1fI=
36,-5,2rb5RBhecSm/2hFnWrfyCVecQWI=,xN6esJYYSF/GtfUEuY1zlLVc1fI=
37,-5,2rb5RBhecSm/2hFnWrfyCVecQWI=,xN6esJYYSF/GtfUEuY1zlLVc1fI=
38,-6,2rb5RBhecSm/2hFnWrfyCVecQWI=,xN6esJYYSF/GtfUEuY1zlLVc1fI=
38,-5,2rb5RBhecSm/2hFnWrfyCVecQWI=,xN6esJYYSF/GtfUEuY1zlLVc1fI=
33,-4,2rb5RBhecSm/2hFnWrfyCVecQWI=,xN6esJYYSF/GtfUEuY1zlLVc1fI=
34,-4,2rb5RBhecSm/2hFnWrfyCVecQWI=,xN6esJYYSF/GtfUEuY1zlLVc1fI=
35,-4,2rb5RBhecSm/2hFnWrfyCVecQWI=,xN6esJYYSF/GtfUEuY1zlLVc1fI=
36,-4,2rb5RBhecSm/2hFnWrfyCVecQWI=,xN6esJYYSF/GtfUEuY1zlLVc1fI=
37,-4,2rb5RBhecSm/2hFnWrfyCVecQWI=,xN6esJYYSF/GtfUEuY1zlLVc1fI=
38,-4,2rb5RBhecSm/2hFnWrfyCVecQWI=,xN6esJYYSF/GtfUEuY1zlLVc1fI=
33,-3,2rb5RBhecSm/2hFnWrfyCVecQWI=,xN6esJYYSF/GtfUEuY1zlLVc1fI=
34,-3,2rb5RBhecSm/2hFnWrfyCVecQWI=,xN6esJYYSF/GtfUEuY1zlLVc1fI=
37,-6,2rb5RBhecSm/2hFnWrfyCVecQWI=,xN6esJYYSF/GtfUEuY1zlLVc1fI=
35,-5,2rb5RBhecSm/2hFnWrfyCVecQWI=,xN6esJYYSF/GtfUEuY1zlLVc1fI=
35,-3,2rb5RBhecSm/2hFnWrfyCVecQWI=,xN6esJYYSF/GtfUEuY1zlLVc1fI=
36,-3,2rb5RBhecSm/2hFnWrfyCVecQWI=,xN6esJYYSF/GtfUEuY1zlLVc1fI=
34,-6,2rb5RBhecSm/2hFnWrfyCVecQWI=,xN6esJYYSF/GtfUEuY1zlLVc1fI=
36,-6,2rb5RBhecSm/2hFnWrfyCVecQWI=,xN6esJYYSF/GtfUEuY1zlLVc1fI=
33,-6,2rb5RBhecSm/2hFnWrfyCVecQWI=,xN6esJYYSF/GtfUEuY1zlLVc1fI=
37,-3,2rb5RBhecSm/2hFnWrfyCVecQWI=,xN6esJYYSF/GtfUEuY1zlLVc1fI=
38,-3,2rb5RBhecSm/2hFnWrfyCVecQWI=,xN6esJYYSF/GtfUEuY1zlLVc1fI=
38,-7,2rb5RBhecSm/2hFnWrfyCVecQWI=,xN6esJYYSF/GtfUEuY1zlLVc1fI=
36,-7,2rb5RBhecSm/2hFnWrfyCVecQWI=,xN6esJYYSF/GtfUEuY1zlLVc1fI=
35,-6,2rb5RBhecSm/2hFnWrfyCVecQWI=,xN6esJYYSF/GtfUEuY1zlLVc1fI=
37,-7,2rb5RBhecSm/2hFnWrfyCVecQWI=,xN6esJYYSF/GtfUEuY1zlLVc1fI=
34,-7,2rb5RBhecSm/2hFnWrfyCVecQWI=,xN6esJYYSF/GtfUEuY1zlLVc1fI=
35,-7,2rb5RBhecSm/2hFnWrfyCVecQWI=,xN6esJYYSF/GtfUEuY1zlLVc1fI=
33,-2,2rb5RBhecSm/2hFnWrfyCVecQWI=,xN6esJYYSF/GtfUEuY1zlLVc1fI=
33,-7,2rb5RBhecSm/2hFnWrfyCVecQWI=,xN6esJYYSF/GtfUEuY1zlLVc1fI=
38,-2,2rb5RBhecSm/2hFnWrfyCVecQWI=,xN6esJYYSF/GtfUEuY1zlLVc1fI=
37,-2,2rb5RBhecSm/2hFnWrfyCVecQWI=,xN6esJYYSF/GtfUEuY1zlLVc1fI=
34,-2,2rb5RBhecSm/2hFnWrfyCVecQWI=,xN6esJYYSF/GtfUEuY1zlLVc1fI=
35,-2,2rb5RBhecSm/2hFnWrfyCVecQWI=,xN6esJYYSF/GtfUEuY1zlLVc1fI=
36,-2,2rb5RBhecSm/2hFnWrfyCVecQWI=,xN6esJYYSF/GtfUEuY1zlLVc1fI=
41,-15,2rb5RBhecSm/2hFnWrfyCVecQWI=,YZdhiKIzYhu5d+2RcTd5LLUU2Xw=
42,-15,2rb5RBhecSm/2hFnWrfyCVecQWI=,YZdhiKIzYhu5d+2RcTd5LLUU2Xw=
43,-15,2rb5RBhecSm/2hFnWrfyCVecQWI=,YZdhiKIzYhu5d+2RcTd5LLUU2Xw=
44,-15,2rb5RBhecSm/2hFnWrfyCVecQWI=,YZdhiKIzYhu5d+2RcTd5LLUU2Xw=
45,-15,2rb5RBhecSm/2hFnWrfyCVecQWI=,YZdhiKIzYhu5d+2RcTd5LLUU2Xw=
46,-15,2rb5RBhecSm/2hFnWrfyCVecQWI=,YZdhiKIzYhu5d+2RcTd5LLUU2Xw=
41,-14,2rb5RBhecSm/2hFnWrfyCVecQWI=,YZdhiKIzYhu5d+2RcTd5LLUU2Xw=
42,-14,2rb5RBhecSm/2hFnWrfyCVecQWI=,YZdhiKIzYhu5d+2RcTd5LLUU2Xw=
43,-14,2rb5RBhecSm/2hFnWrfyCVecQWI=,YZdhiKIzYhu5d+2RcTd5LLUU2Xw=
45,-14,2rb5RBhecSm/2hFnWrfyCVecQWI=,YZdhiKIzYhu5d+2RcTd5LLUU2Xw=
46,-14,2rb5RBhecSm/2hFnWrfyCVecQWI=,YZdhiKIzYhu5d+2RcTd5LLUU2Xw=
44,-14,2rb5RBhecSm/2hFnWrfyCVecQWI=,YZdhiKIzYhu5d+2RcTd5LLUU2Xw=
42,-13,2rb5RBhecSm/2hFnWrfyCVecQWI=,YZdhiKIzYhu5d+2RcTd5LLUU2Xw=
43,-13,2rb5RBhecSm/2hFnWrfyCVecQWI=,YZdhiKIzYhu5d+2RcTd5LLUU2Xw=
41,-13,2rb5RBhecSm/2hFnWrfyCVecQWI=,YZdhiKIzYhu5d+2RcTd5LLUU2Xw=
44,-13,2rb5RBhecSm/2hFnWrfyCVecQWI=,YZdhiKIzYhu5d+2RcTd5LLUU2Xw=
45,-13,2rb5RBhecSm/2hFnWrfyCVecQWI=,YZdhiKIzYhu5d+2RcTd5LLUU2Xw=
46,-13,2rb5RBhecSm/2hFnWrfyCVecQWI=,YZdhiKIzYhu5d+2RcTd5LLUU2Xw=
41,-12,2rb5RBhecSm/2hFnWrfyCVecQWI=,YZdhiKIzYhu5d+2RcTd5LLUU2Xw=
42,-12,2rb5RBhecSm/2hFnWrfyCVecQWI=,YZdhiKIzYhu5d+2RcTd5LLUU2Xw=
43,-12,2rb5RBhecSm/2hFnWrfyCVecQWI=,YZdhiKIzYhu5d+2RcTd5LLUU2Xw=
44,-12,2rb5RBhecSm/2hFnWrfyCVecQWI=,YZdhiKIzYhu5d+2RcTd5LLUU2Xw=
45,-12,2rb5RBhecSm/2hFnWrfyCVecQWI=,YZdhiKIzYhu5d+2RcTd5LLUU2Xw=
46,-12,2rb5RBhecSm/2hFnWrfyCVecQWI=,YZdhiKIzYhu5d+2RcTd5LLUU2Xw=
41,-11,2rb5RBhecSm/2hFnWrfyCVecQWI=,YZdhiKIzYhu5d+2RcTd5LLUU2Xw=
42,-11,2rb5RBhecSm/2hFnWrfyCVecQWI=,YZdhiKIzYhu5d+2RcTd5LLUU2Xw=
43,-11,2rb5RBhecSm/2hFnWrfyCVecQWI=,YZdhiKIzYhu5d+2RcTd5LLUU2Xw=
44,-11,2rb5RBhecSm/2hFnWrfyCVecQWI=,YZdhiKIzYhu5d+2RcTd5LLUU2Xw=
45,-11,2rb5RBhecSm/2hFnWrfyCVecQWI=,YZdhiKIzYhu5d+2RcTd5LLUU2Xw=
46,-11,2rb5RBhecSm/2hFnWrfyCVecQWI=,YZdhiKIzYhu5d+2RcTd5LLUU2Xw=
41,-10,2rb5RBhecSm/2hFnWrfyCVecQWI=,YZdhiKIzYhu5d+2RcTd5LLUU2Xw=
42,-10,2rb5RBhecSm/2hFnWrfyCVecQWI=,YZdhiKIzYhu5d+2RcTd5LLUU2Xw=
43,-10,2rb5RBhecSm/2hFnWrfyCVecQWI=,YZdhiKIzYhu5d+2RcTd5LLUU2Xw=
44,-10,2rb5RBhecSm/2hFnWrfyCVecQWI=,YZdhiKIzYhu5d+2RcTd5LLUU2Xw=
45,-10,2rb5RBhecSm/2hFnWrfyCVecQWI=,YZdhiKIzYhu5d+2RcTd5LLUU2Xw=
46,-10,2rb5RBhecSm/2hFnWrfyCVecQWI=,YZdhiKIzYhu5d+2RcTd5LLUU2Xw=
47,-15,2rb5RBhecSm/2hFnWrfyCVecQWI=,YZdhiKIzYhu5d+2RcTd5LLUU2Xw=
47,-13,2rb5RBhecSm/2hFnWrfyCVecQWI=,YZdhiKIzYhu5d+2RcTd5LLUU2Xw=
47,-14,2rb5RBhecSm/2hFnWrfyCVecQWI=,YZdhiKIzYhu5d+2RcTd5LLUU2Xw=
47,-12,2rb5RBhecSm/2hFnWrfyCVecQWI=,YZdhiKIzYhu5d+2RcTd5LLUU2Xw=
47,-11,2rb5RBhecSm/2hFnWrfyCVecQWI=,YZdhiKIzYhu5d+2RcTd5LLUU2Xw=
47,-10,2rb5RBhecSm/2hFnWrfyCVecQWI=,YZdhiKIzYhu5d+2RcTd5LLUU2Xw=
32,-4,2rb5RBhecSm/2hFnWrfyCVecQWI=,xN6esJYYSF/GtfUEuY1zlLVc1fI=
32,-3,2rb5RBhecSm/2hFnWrfyCVecQWI=,xN6esJYYSF/GtfUEuY1zlLVc1fI=
32,-5,2rb5RBhecSm/2hFnWrfyCVecQWI=,xN6esJYYSF/GtfUEuY1zlLVc1fI=
41,-16,2rb5RBhecSm/2hFnWrfyCVecQWI=,YZdhiKIzYhu5d+2RcTd5LLUU2Xw=
42,-16,2rb5RBhecSm/2hFnWrfyCVecQWI=,YZdhiKIzYhu5d+2RcTd5LLUU2Xw=
43,-16,2rb5RBhecSm/2hFnWrfyCVecQWI=,YZdhiKIzYhu5d+2RcTd5LLUU2Xw=
44,-16,2rb5RBhecSm/2hFnWrfyCVecQWI=,YZdhiKIzYhu5d+2RcTd5LLUU2Xw=
45,-16,2rb5RBhecSm/2hFnWrfyCVecQWI=,YZdhiKIzYhu5d+2RcTd5LLUU2Xw=
46,-16,2rb5RBhecSm/2hFnWrfyCVecQWI=,YZdhiKIzYhu5d+2RcTd5LLUU2Xw=
32,-2,2rb5RBhecSm/2hFnWrfyCVecQWI=,xN6esJYYSF/GtfUEuY1zlLVc1fI=
32,-6,2rb5RBhecSm/2hFnWrfyCVecQWI=,xN6esJYYSF/GtfUEuY1zlLVc1fI=
32,-7,2rb5RBhecSm/2hFnWrfyCVecQWI=,xN6esJYYSF/GtfUEuY1zlLVc1fI=
43,-7,2rb5RBhecSm/2hFnWrfyCVecQWI=,4XT/UIbsZwMPwe+aXK82LUFWvzI=
43,-6,2rb5RBhecSm/2hFnWrfyCVecQWI=,4XT/UIbsZwMPwe+aXK82LUFWvzI=
43,-9,2rb5RBhecSm/2hFnWrfyCVecQWI=,YZdhiKIzYhu5d+2RcTd5LLUU2Xw=
42,-7,2rb5RBhecSm/2hFnWrfyCVecQWI=,4XT/UIbsZwMPwe+aXK82LUFWvzI=
42,-9,2rb5RBhecSm/2hFnWrfyCVecQWI=,YZdhiKIzYhu5d+2RcTd5LLUU2Xw=
41,-7,2rb5RBhecSm/2hFnWrfyCVecQWI=,4XT/UIbsZwMPwe+aXK82LUFWvzI=
39,-6,2rb5RBhecSm/2hFnWrfyCVecQWI=,xN6esJYYSF/GtfUEuY1zlLVc1fI=
42,-6,2rb5RBhecSm/2hFnWrfyCVecQWI=,4XT/UIbsZwMPwe+aXK82LUFWvzI=
41,-9,2rb5RBhecSm/2hFnWrfyCVecQWI=,YZdhiKIzYhu5d+2RcTd5LLUU2Xw=
39,-7,2rb5RBhecSm/2hFnWrfyCVecQWI=,xN6esJYYSF/GtfUEuY1zlLVc1fI=
47,-3,2rb5RBhecSm/2hFnWrfyCVecQWI=,4XT/UIbsZwMPwe+aXK82LUFWvzI=
40,-7,2rb5RBhecSm/2hFnWrfyCVecQWI=,4XT/UIbsZwMPwe+aXK82LUFWvzI=
47,-4,2rb5RBhecSm/2hFnWrfyCVecQWI=,4XT/UIbsZwMPwe+aXK82LUFWvzI=
47,-8,2rb5RBhecSm/2hFnWrfyCVecQWI=,4XT/UIbsZwMPwe+aXK82LUFWvzI=
44,-1,2rb5RBhecSm/2hFnWrfyCVecQWI=,4XT/UIbsZwMPwe+aXK82LUFWvzI=
44,-9,2rb5RBhecSm/2hFnWrfyCVecQWI=,YZdhiKIzYhu5d+2RcTd5LLUU2Xw=
43,-1,2rb5RBhecSm/2hFnWrfyCVecQWI=,4XT/UIbsZwMPwe+aXK82LUFWvzI=
46,-8,2rb5RBhecSm/2hFnWrfyCVecQWI=,4XT/UIbsZwMPwe+aXK82LUFWvzI=
45,-8,2rb5RBhecSm/2hFnWrfyCVecQWI=,4XT/UIbsZwMPwe+aXK82LUFWvzI=
43,-8,2rb5RBhecSm/2hFnWrfyCVecQWI=,4XT/UIbsZwMPwe+aXK82LUFWvzI=
45,-2,2rb5RBhecSm/2hFnWrfyCVecQWI=,4XT/UIbsZwMPwe+aXK82LUFWvzI=
41,-6,2rb5RBhecSm/2hFnWrfyCVecQWI=,4XT/UIbsZwMPwe+aXK82LUFWvzI=
42,-1,2rb5RBhecSm/2hFnWrfyCVecQWI=,4XT/UIbsZwMPwe+aXK82LUFWvzI=
46,-3,2rb5RBhecSm/2hFnWrfyCVecQWI=,4XT/UIbsZwMPwe+aXK82LUFWvzI=
44,-2,2rb5RBhecSm/2hFnWrfyCVecQWI=,4XT/UIbsZwMPwe+aXK82LUFWvzI=
40,-6,2rb5RBhecSm/2hFnWrfyCVecQWI=,4XT/UIbsZwMPwe+aXK82LUFWvzI=
45,-3,2rb5RBhecSm/2hFnWrfyCVecQWI=,4XT/UIbsZwMPwe+aXK82LUFWvzI=
46,-4,2rb5RBhecSm/2hFnWrfyCVecQWI=,4XT/UIbsZwMPwe+aXK82LUFWvzI=
47,-7,2rb5RBhecSm/2hFnWrfyCVecQWI=,4XT/UIbsZwMPwe+aXK82LUFWvzI=
44,-8,2rb5RBhecSm/2hFnWrfyCVecQWI=,4XT/UIbsZwMPwe+aXK82LUFWvzI=
40,-2,2rb5RBhecSm/2hFnWrfyCVecQWI=,4XT/UIbsZwMPwe+aXK82LUFWvzI=
39,-3,2rb5RBhecSm/2hFnWrfyCVecQWI=,xN6esJYYSF/GtfUEuY1zlLVc1fI=
44,-3,2rb5RBhecSm/2hFnWrfyCVecQWI=,4XT/UIbsZwMPwe+aXK82LUFWvzI=
46,-7,2rb5RBhecSm/2hFnWrfyCVecQWI=,4XT/UIbsZwMPwe+aXK82LUFWvzI=
43,-3,2rb5RBhecSm/2hFnWrfyCVecQWI=,4XT/UIbsZwMPwe+aXK82LUFWvzI=
39,-4,2rb5RBhecSm/2hFnWrfyCVecQWI=,xN6esJYYSF/GtfUEuY1zlLVc1fI=
45,-4,2rb5RBhecSm/2hFnWrfyCVecQWI=,4XT/UIbsZwMPwe+aXK82LUFWvzI=
42,-3,2rb5RBhecSm/2hFnWrfyCVecQWI=,4XT/UIbsZwMPwe+aXK82LUFWvzI=
45,-7,2rb5RBhecSm/2hFnWrfyCVecQWI=,4XT/UIbsZwMPwe+aXK82LUFWvzI=
39,-5,2rb5RBhecSm/2hFnWrfyCVecQWI=,xN6esJYYSF/GtfUEuY1zlLVc1fI=
43,-2,2rb5RBhecSm/2hFnWrfyCVecQWI=,4XT/UIbsZwMPwe+aXK82LUFWvzI=
44,-4,2rb5RBhecSm/2hFnWrfyCVecQWI=,4XT/UIbsZwMPwe+aXK82LUFWvzI=
43,-4,2rb5RBhecSm/2hFnWrfyCVecQWI=,4XT/UIbsZwMPwe+aXK82LUFWvzI=
42,-4,2rb5RBhecSm/2hFnWrfyCVecQWI=,4XT/UIbsZwMPwe+aXK82LUFWvzI=
43,-5,2rb5RBhecSm/2hFnWrfyCVecQWI=,4XT/UIbsZwMPwe+aXK82LUFWvzI=
41,-1,2rb5RBhecSm/2hFnWrfyCVecQWI=,4XT/UIbsZwMPwe+aXK82LUFWvzI=
41,-4,2rb5RBhecSm/2hFnWrfyCVecQWI=,4XT/UIbsZwMPwe+aXK82LUFWvzI=
40,-4,2rb5RBhecSm/2hFnWrfyCVecQWI=,4XT/UIbsZwMPwe+aXK82LUFWvzI=
46,-5,2rb5RBhecSm/2hFnWrfyCVecQWI=,4XT/UIbsZwMPwe+aXK82LUFWvzI=
47,-5,2rb5RBhecSm/2hFnWrfyCVecQWI=,4XT/UIbsZwMPwe+aXK82LUFWvzI=
42,-8,2rb5RBhecSm/2hFnWrfyCVecQWI=,4XT/UIbsZwMPwe+aXK82LUFWvzI=
45,-5,2rb5RBhecSm/2hFnWrfyCVecQWI=,4XT/UIbsZwMPwe+aXK82LUFWvzI=
41,-3,2rb5RBhecSm/2hFnWrfyCVecQWI=,4XT/UIbsZwMPwe+aXK82LUFWvzI=
44,-5,2rb5RBhecSm/2hFnWrfyCVecQWI=,4XT/UIbsZwMPwe+aXK82LUFWvzI=
42,-5,2rb5RBhecSm/2hFnWrfyCVecQWI=,4XT/UIbsZwMPwe+aXK82LUFWvzI=
41,-8,2rb5RBhecSm/2hFnWrfyCVecQWI=,4XT/UIbsZwMPwe+aXK82LUFWvzI=
47,-2,2rb5RBhecSm/2hFnWrfyCVecQWI=,4XT/UIbsZwMPwe+aXK82LUFWvzI=
39,-2,2rb5RBhecSm/2hFnWrfyCVecQWI=,xN6esJYYSF/GtfUEuY1zlLVc1fI=
41,-5,2rb5RBhecSm/2hFnWrfyCVecQWI=,4XT/UIbsZwMPwe+aXK82LUFWvzI=
40,-5,2rb5RBhecSm/2hFnWrfyCVecQWI=,4XT/UIbsZwMPwe+aXK82LUFWvzI=
47,-6,2rb5RBhecSm/2hFnWrfyCVecQWI=,4XT/UIbsZwMPwe+aXK82LUFWvzI=
44,-7,2rb5RBhecSm/2hFnWrfyCVecQWI=,4XT/UIbsZwMPwe+aXK82LUFWvzI=
46,-6,2rb5RBhecSm/2hFnWrfyCVecQWI=,4XT/UIbsZwMPwe+aXK82LUFWvzI=
45,-6,2rb5RBhecSm/2hFnWrfyCVecQWI=,4XT/UIbsZwMPwe+aXK82LUFWvzI=
44,-6,2rb5RBhecSm/2hFnWrfyCVecQWI=,4XT/UIbsZwMPwe+aXK82LUFWvzI=
47,-9,2rb5RBhecSm/2hFnWrfyCVecQWI=,YZdhiKIzYhu5d+2RcTd5LLUU2Xw=
46,-9,2rb5RBhecSm/2hFnWrfyCVecQWI=,YZdhiKIzYhu5d+2RcTd5LLUU2Xw=
45,-9,2rb5RBhecSm/2hFnWrfyCVecQWI=,YZdhiKIzYhu5d+2RcTd5LLUU2Xw=
41,-2,2rb5RBhecSm/2hFnWrfyCVecQWI=,4XT/UIbsZwMPwe+aXK82LUFWvzI=
40,-3,2rb5RBhecSm/2hFnWrfyCVecQWI=,4XT/UIbsZwMPwe+aXK82LUFWvzI=
47,-16,2rb5RBhecSm/2hFnWrfyCVecQWI=,YZdhiKIzYhu5d+2RcTd5LLUU2Xw=
46,-2,2rb5RBhecSm/2hFnWrfyCVecQWI=,4XT/UIbsZwMPwe+aXK82LUFWvzI=
42,-2,2rb5RBhecSm/2hFnWrfyCVecQWI=,4XT/UIbsZwMPwe+aXK82LUFWvzI=
47,-1,2rb5RBhecSm/2hFnWrfyCVecQWI=,4XT/UIbsZwMPwe+aXK82LUFWvzI=
46,-1,2rb5RBhecSm/2hFnWrfyCVecQWI=,4XT/UIbsZwMPwe+aXK82LUFWvzI=
45,-1,2rb5RBhecSm/2hFnWrfyCVecQWI=,4XT/UIbsZwMPwe+aXK82LUFWvzI=
40,-1,2rb5RBhecSm/2hFnWrfyCVecQWI=,4XT/UIbsZwMPwe+aXK82LUFWvzI=
39,-1,2rb5RBhecSm/2hFnWrfyCVecQWI=,xN6esJYYSF/GtfUEuY1zlLVc1fI=
38,-1,2rb5RBhecSm/2hFnWrfyCVecQWI=,xN6esJYYSF/GtfUEuY1zlLVc1fI=
37,-1,2rb5RBhecSm/2hFnWrfyCVecQWI=,xN6esJYYSF/GtfUEuY1zlLVc1fI=
35,-1,2rb5RBhecSm/2hFnWrfyCVecQWI=,xN6esJYYSF/GtfUEuY1zlLVc1fI=
36,-1,2rb5RBhecSm/2hFnWrfyCVecQWI=,xN6esJYYSF/GtfUEuY1zlLVc1fI=
32,-1,2rb5RBhecSm/2hFnWrfyCVecQWI=,xN6esJYYSF/GtfUEuY1zlLVc1fI=
34,-1,2rb5RBhecSm/2hFnWrfyCVecQWI=,xN6esJYYSF/GtfUEuY1zlLVc1fI=
33,-1,2rb5RBhecSm/2hFnWrfyCVecQWI=,xN6esJYYSF/GtfUEuY1zlLVc1fI=
34,-11,2rb5RBhecSm/2hFnWrfyCVecQWI=,nkYcFbvxY+5hgYHkg6z1909gn74=
33,-11,2rb5RBhecSm/2hFnWrfyCVecQWI=,nkYcFbvxY+5hgYHkg6z1909gn74=
39,-12,2rb5RBhecSm/2hFnWrfyCVecQWI=,nkYcFbvxY+5hgYHkg6z1909gn74=
34,-12,2rb5RBhecSm/2hFnWrfyCVecQWI=,nkYcFbvxY+5hgYHkg6z1909gn74=
33,-12,2rb5RBhecSm/2hFnWrfyCVecQWI=,nkYcFbvxY+5hgYHkg6z1909gn74=
40,-9,2rb5RBhecSm/2hFnWrfyCVecQWI=,YZdhiKIzYhu5d+2RcTd5LLUU2Xw=
39,-13,2rb5RBhecSm/2hFnWrfyCVecQWI=,nkYcFbvxY+5hgYHkg6z1909gn74=
38,-12,2rb5RBhecSm/2hFnWrfyCVecQWI=,nkYcFbvxY+5hgYHkg6z1909gn74=
35,-12,2rb5RBhecSm/2hFnWrfyCVecQWI=,nkYcFbvxY+5hgYHkg6z1909gn74=
38,-13,2rb5RBhecSm/2hFnWrfyCVecQWI=,nkYcFbvxY+5hgYHkg6z1909gn74=
32,-11,2rb5RBhecSm/2hFnWrfyCVecQWI=,nkYcFbvxY+5hgYHkg6z1909gn74=
37,-12,2rb5RBhecSm/2hFnWrfyCVecQWI=,nkYcFbvxY+5hgYHkg6z1909gn74=
34,-13,2rb5RBhecSm/2hFnWrfyCVecQWI=,nkYcFbvxY+5hgYHkg6z1909gn74=
35,-11,2rb5RBhecSm/2hFnWrfyCVecQWI=,nkYcFbvxY+5hgYHkg6z1909gn74=
37,-13,2rb5RBhecSm/2hFnWrfyCVecQWI=,nkYcFbvxY+5hgYHkg6z1909gn74=
36,-11,2rb5RBhecSm/2hFnWrfyCVecQWI=,nkYcFbvxY+5hgYHkg6z1909gn74=
33,-13,2rb5RBhecSm/2hFnWrfyCVecQWI=,nkYcFbvxY+5hgYHkg6z1909gn74=
37,-14,2rb5RBhecSm/2hFnWrfyCVecQWI=,nkYcFbvxY+5hgYHkg6z1909gn74=
36,-12,2rb5RBhecSm/2hFnWrfyCVecQWI=,nkYcFbvxY+5hgYHkg6z1909gn74=
40,-10,2rb5RBhecSm/2hFnWrfyCVecQWI=,YZdhiKIzYhu5d+2RcTd5LLUU2Xw=
39,-8,2rb5RBhecSm/2hFnWrfyCVecQWI=,xN6esJYYSF/GtfUEuY1zlLVc1fI=
36,-13,2rb5RBhecSm/2hFnWrfyCVecQWI=,nkYcFbvxY+5hgYHkg6z1909gn74=
36,-14,2rb5RBhecSm/2hFnWrfyCVecQWI=,nkYcFbvxY+5hgYHkg6z1909gn74=
32,-12,2rb5RBhecSm/2hFnWrfyCVecQWI=,nkYcFbvxY+5hgYHkg6z1909gn74=
38,-14,2rb5RBhecSm/2hFnWrfyCVecQWI=,nkYcFbvxY+5hgYHkg6z1909gn74=
39,-14,2rb5RBhecSm/2hFnWrfyCVecQWI=,nkYcFbvxY+5hgYHkg6z1909gn74=
35,-13,2rb5RBhecSm/2hFnWrfyCVecQWI=,nkYcFbvxY+5hgYHkg6z1909gn74=
40,-11,2rb5RBhecSm/2hFnWrfyCVecQWI=,YZdhiKIzYhu5d+2RcTd5LLUU2Xw=
37,-11,2rb5RBhecSm/2hFnWrfyCVecQWI=,nkYcFbvxY+5hgYHkg6z1909gn74=
33,-14,2rb5RBhecSm/2hFnWrfyCVecQWI=,nkYcFbvxY+5hgYHkg6z1909gn74=
32,-13,2rb5RBhecSm/2hFnWrfyCVecQWI=,nkYcFbvxY+5hgYHkg6z1909gn74=
38,-11,2rb5RBhecSm/2hFnWrfyCVecQWI=,nkYcFbvxY+5hgYHkg6z1909gn74=
40,-8,2rb5RBhecSm/2hFnWrfyCVecQWI=,4XT/UIbsZwMPwe+aXK82LUFWvzI=
39,-11,2rb5RBhecSm/2hFnWrfyCVecQWI=,nkYcFbvxY+5hgYHkg6z1909gn74=
38,-15,2rb5RBhecSm/2hFnWrfyCVecQWI=,nkYcFbvxY+5hgYHkg6z1909gn74=
37,-15,2rb5RBhecSm/2hFnWrfyCVecQWI=,nkYcFbvxY+5hgYHkg6z1909gn74=
34,-14,2rb5RBhecSm/2hFnWrfyCVecQWI=,nkYcFbvxY+5hgYHkg6z1909gn74=
35,-8,2rb5RBhecSm/2hFnWrfyCVecQWI=,xN6esJYYSF/GtfUEuY1zlLVc1fI=
32,-14,2rb5RBhecSm/2hFnWrfyCVecQWI=,nkYcFbvxY+5hgYHkg6z1909gn74=
38,-8,2rb5RBhecSm/2hFnWrfyCVecQWI=,xN6esJYYSF/GtfUEuY1zlLVc1fI=
36,-15,2rb5RBhecSm/2hFnWrfyCVecQWI=,nkYcFbvxY+5hgYHkg6z1909gn74=
36,-8,2rb5RBhecSm/2hFnWrfyCVecQWI=,xN6esJYYSF/GtfUEuY1zlLVc1fI=
40,-12,2rb5RBhecSm/2hFnWrfyCVecQWI=,YZdhiKIzYhu5d+2RcTd5LLUU2Xw=
35,-14,2rb5RBhecSm/2hFnWrfyCVecQWI=,nkYcFbvxY+5hgYHkg6z1909gn74=
39,-9,2rb5RBhecSm/2hFnWrfyCVecQWI=,nkYcFbvxY+5hgYHkg6z1909gn74=
37,-8,2rb5RBhecSm/2hFnWrfyCVecQWI=,xN6esJYYSF/GtfUEuY1zlLVc1fI=
38,-9,2rb5RBhecSm/2hFnWrfyCVecQWI=,nkYcFbvxY+5hgYHkg6z1909gn74=
39,-15,2rb5RBhecSm/2hFnWrfyCVecQWI=,nkYcFbvxY+5hgYHkg6z1909gn74=
32,-16,2rb5RBhecSm/2hFnWrfyCVecQWI=,nkYcFbvxY+5hgYHkg6z1909gn74=
32,-10,2rb5RBhecSm/2hFnWrfyCVecQWI=,nkYcFbvxY+5hgYHkg6z1909gn74=
33,-10,2rb5RBhecSm/2hFnWrfyCVecQWI=,nkYcFbvxY+5hgYHkg6z1909gn74=
34,-8,2rb5RBhecSm/2hFnWrfyCVecQWI=,xN6esJYYSF/GtfUEuY1zlLVc1fI=
35,-15,2rb5RBhecSm/2hFnWrfyCVecQWI=,nkYcFbvxY+5hgYHkg6z1909gn74=
40,-13,2rb5RBhecSm/2hFnWrfyCVecQWI=,YZdhiKIzYhu5d+2RcTd5LLUU2Xw=
33,-15,2rb5RBhecSm/2hFnWrfyCVecQWI=,nkYcFbvxY+5hgYHkg6z1909gn74=
33,-8,2rb5RBhecSm/2hFnWrfyCVecQWI=,xN6esJYYSF/GtfUEuY1zlLVc1fI=
33,-16,2rb5RBhecSm/2hFnWrfyCVecQWI=,nkYcFbvxY+5hgYHkg6z1909gn74=
34,-15,2rb5RBhecSm/2hFnWrfyCVecQWI=,nkYcFbvxY+5hgYHkg6z1909gn74=
37,-9,2rb5RBhecSm/2hFnWrfyCVecQWI=,nkYcFbvxY+5hgYHkg6z1909gn74=
32,-8,2rb5RBhecSm/2hFnWrfyCVecQWI=,xN6esJYYSF/GtfUEuY1zlLVc1fI=
40,-16,2rb5RBhecSm/2hFnWrfyCVecQWI=,YZdhiKIzYhu5d+2RcTd5LLUU2Xw=
40,-14,2rb5RBhecSm/2hFnWrfyCVecQWI=,YZdhiKIzYhu5d+2RcTd5LLUU2Xw=
36,-9,2rb5RBhecSm/2hFnWrfyCVecQWI=,nkYcFbvxY+5hgYHkg6z1909gn74=
34,-9,2rb5RBhecSm/2hFnWrfyCVecQWI=,nkYcFbvxY+5hgYHkg6z1909gn74=
39,-10,2rb5RBhecSm/2hFnWrfyCVecQWI=,nkYcFbvxY+5hgYHkg6z1909gn74=
38,-10,2rb5RBhecSm/2hFnWrfyCVecQWI=,nkYcFbvxY+5hgYHkg6z1909gn74=
35,-9,2rb5RBhecSm/2hFnWrfyCVecQWI=,nkYcFbvxY+5hgYHkg6z1909gn74=
39,-16,2rb5RBhecSm/2hFnWrfyCVecQWI=,nkYcFbvxY+5hgYHkg6z1909gn74=
37,-16,2rb5RBhecSm/2hFnWrfyCVecQWI=,nkYcFbvxY+5hgYHkg6z1909gn74=
32,-15,2rb5RBhecSm/2hFnWrfyCVecQWI=,nkYcFbvxY+5hgYHkg6z1909gn74=
38,-16,2rb5RBhecSm/2hFnWrfyCVecQWI=,nkYcFbvxY+5hgYHkg6z1909gn74=
34,-10,2rb5RBhecSm/2hFnWrfyCVecQWI=,nkYcFbvxY+5hgYHkg6z1909gn74=
40,-15,2rb5RBhecSm/2hFnWrfyCVecQWI=,YZdhiKIzYhu5d+2RcTd5LLUU2Xw=
37,-10,2rb5RBhecSm/2hFnWrfyCVecQWI=,nkYcFbvxY+5hgYHkg6z1909gn74=
33,-9,2rb5RBhecSm/2hFnWrfyCVecQWI=,nkYcFbvxY+5hgYHkg6z1909gn74=
32,-9,2rb5RBhecSm/2hFnWrfyCVecQWI=,nkYcFbvxY+5hgYHkg6z1909gn74=
34,-16,2rb5RBhecSm/2hFnWrfyCVecQWI=,nkYcFbvxY+5hgYHkg6z1909gn74=
36,-10,2rb5RBhecSm/2hFnWrfyCVecQWI=,nkYcFbvxY+5hgYHkg6z1909gn74=
36,-16,2rb5RBhecSm/2hFnWrfyCVecQWI=,nkYcFbvxY+5hgYHkg6z1909gn74=
35,-10,2rb5RBhecSm/2hFnWrfyCVecQWI=,nkYcFbvxY+5hgYHkg6z1909gn74=
35,-16,2rb5RBhecSm/2hFnWrfyCVecQWI=,nkYcFbvxY+5hgYHkg6z1909gn74=
