-83,173,jYP9iZr1rijxnc2RDgNiZmyakc0=,wzr7jykqVVxGw4sVwFXX7gY4vs0=
-82,173,jYP9iZr1rijxnc2RDgNiZmyakc0=,wzr7jykqVVxGw4sVwFXX7gY4vs0=
-82,174,jYP9iZr1rijxnc2RDgNiZmyakc0=,wzr7jykqVVxGw4sVwFXX7gY4vs0=
-83,174,jYP9iZr1rijxnc2RDgNiZmyakc0=,wzr7jykqVVxGw4sVwFXX7gY4vs0=
-95,173,jYP9iZr1rijxnc2RDgNiZmyakc0=,4/bJMAyGO4f6NM7MlukRoz2AnAI=
-94,174,jYP9iZr1rijxnc2RDgNiZmyakc0=,4/bJMAyGO4f6NM7MlukRoz2AnAI=
-95,174,jYP9iZr1rijxnc2RDgNiZmyakc0=,4/bJMAyGO4f6NM7MlukRoz2AnAI=
-94,173,jYP9iZr1rijxnc2RDgNiZmyakc0=,4/bJMAyGO4f6NM7MlukRoz2AnAI=
-84,173,jYP9iZr1rijxnc2RDgNiZmyakc0=,wzr7jykqVVxGw4sVwFXX7gY4vs0=
-87,173,jYP9iZr1rijxnc2RDgNiZmyakc0=,u0EgGjf8Ery7EPNh04vrF0dSIk0=
-86,173,jYP9iZr1rijxnc2RDgNiZmyakc0=,u0EgGjf8Ery7EPNh04vrF0dSIk0=
-85,173,jYP9iZr1rijxnc2RDgNiZmyakc0=,u0EgGjf8Ery7EPNh04vrF0dSIk0=
-85,174,jYP9iZr1rijxnc2RDgNiZmyakc0=,u0EgGjf8Ery7EPNh04vrF0dSIk0=
-87,174,jYP9iZr1rijxnc2RDgNiZmyakc0=,u0EgGjf8Ery7EPNh04vrF0dSIk0=
-86,174,jYP9iZr1rijxnc2RDgNiZmyakc0=,u0EgGjf8Ery7EPNh04vrF0dSIk0=
-84,174,jYP9iZr1rijxnc2RDgNiZmyakc0=,wzr7jykqVVxGw4sVwFXX7gY4vs0=
-89,174,jYP9iZr1rijxnc2RDgNiZmyakc0=,vDAQr/H5JEnugdLDZgl6dcNs3uA=
-92,173,jYP9iZr1rijxnc2RDgNiZmyakc0=,vDAQr/H5JEnugdLDZgl6dcNs3uA=
-91,173,jYP9iZr1rijxnc2RDgNiZmyakc0=,vDAQr/H5JEnugdLDZgl6dcNs3uA=
-90,174,jYP9iZr1rijxnc2RDgNiZmyakc0=,vDAQr/H5JEnugdLDZgl6dcNs3uA=
-90,172,jYP9iZr1rijxnc2RDgNiZmyakc0=,vDAQr/H5JEnugdLDZgl6dcNs3uA=
-90,173,jYP9iZr1rijxnc2RDgNiZmyakc0=,vDAQr/H5JEnugdLDZgl6dcNs3uA=
-91,172,jYP9iZr1rijxnc2RDgNiZmyakc0=,vDAQr/H5JEnugdLDZgl6dcNs3uA=
-93,173,jYP9iZr1rijxnc2RDgNiZmyakc0=,4/bJMAyGO4f6NM7MlukRoz2AnAI=
-88,174,jYP9iZr1rijxnc2RDgNiZmyakc0=,u0EgGjf8Ery7EPNh04vrF0dSIk0=
-89,173,jYP9iZr1rijxnc2RDgNiZmyakc0=,vDAQr/H5JEnugdLDZgl6dcNs3uA=
-88,173,jYP9iZr1rijxnc2RDgNiZmyakc0=,u0EgGjf8Ery7EPNh04vrF0dSIk0=
-92,174,jYP9iZr1rijxnc2RDgNiZmyakc0=,vDAQr/H5JEnugdLDZgl6dcNs3uA=
-91,174,jYP9iZr1rijxnc2RDgNiZmyakc0=,vDAQr/H5JEnugdLDZgl6dcNs3uA=
-93,174,jYP9iZr1rijxnc2RDgNiZmyakc0=,4/bJMAyGO4f6NM7MlukRoz2AnAI=
-93,171,jYP9iZr1rijxnc2RDgNiZmyakc0=,81spqSZDWE6nCNlxaNjQupqvwck=
-93,170,jYP9iZr1rijxnc2RDgNiZmyakc0=,81spqSZDWE6nCNlxaNjQupqvwck=
-94,170,jYP9iZr1rijxnc2RDgNiZmyakc0=,81spqSZDWE6nCNlxaNjQupqvwck=
-94,171,jYP9iZr1rijxnc2RDgNiZmyakc0=,81spqSZDWE6nCNlxaNjQupqvwck=
-92,172,jYP9iZr1rijxnc2RDgNiZmyakc0=,vDAQr/H5JEnugdLDZgl6dcNs3uA=
-93,172,jYP9iZr1rijxnc2RDgNiZmyakc0=,4/bJMAyGO4f6NM7MlukRoz2AnAI=
-94,172,jYP9iZr1rijxnc2RDgNiZmyakc0=,4/bJMAyGO4f6NM7MlukRoz2AnAI=
-95,171,jYP9iZr1rijxnc2RDgNiZmyakc0=,81spqSZDWE6nCNlxaNjQupqvwck=
-93,169,jYP9iZr1rijxnc2RDgNiZmyakc0=,81spqSZDWE6nCNlxaNjQupqvwck=
-95,172,jYP9iZr1rijxnc2RDgNiZmyakc0=,4/bJMAyGO4f6NM7MlukRoz2AnAI=
-95,170,jYP9iZr1rijxnc2RDgNiZmyakc0=,81spqSZDWE6nCNlxaNjQupqvwck=
-94,169,jYP9iZr1rijxnc2RDgNiZmyakc0=,81spqSZDWE6nCNlxaNjQupqvwck=
-95,169,jYP9iZr1rijxnc2RDgNiZmyakc0=,81spqSZDWE6nCNlxaNjQupqvwck=
-95,166,jYP9iZr1rijxnc2RDgNiZmyakc0=,DdaVYcnqm31kKVnVMxkfM5xaCUQ=
-94,165,jYP9iZr1rijxnc2RDgNiZmyakc0=,DdaVYcnqm31kKVnVMxkfM5xaCUQ=
-95,167,jYP9iZr1rijxnc2RDgNiZmyakc0=,DdaVYcnqm31kKVnVMxkfM5xaCUQ=
-94,166,jYP9iZr1rijxnc2RDgNiZmyakc0=,DdaVYcnqm31kKVnVMxkfM5xaCUQ=
-95,165,jYP9iZr1rijxnc2RDgNiZmyakc0=,DdaVYcnqm31kKVnVMxkfM5xaCUQ=
-95,168,Ya5qrp70OBEg4Q45YvWhsfysYx8=,81spqSZDWE6nCNlxaNjQupqvwck=
-91,161,Ya5qrp70OBEg4Q45YvWhsfysYx8=,92eHvUo1oCXB9AotU21+CRdIIPU=
-94,167,Ya5qrp70OBEg4Q45YvWhsfysYx8=,DdaVYcnqm31kKVnVMxkfM5xaCUQ=
-94,168,Ya5qrp70OBEg4Q45YvWhsfysYx8=,81spqSZDWE6nCNlxaNjQupqvwck=
-90,161,Ya5qrp70OBEg4Q45YvWhsfysYx8=,92eHvUo1oCXB9AotU21+CRdIIPU=
-91,162,Ya5qrp70OBEg4Q45YvWhsfysYx8=,92eHvUo1oCXB9AotU21+CRdIIPU=
-90,162,Ya5qrp70OBEg4Q45YvWhsfysYx8=,92eHvUo1oCXB9AotU21+CRdIIPU=
-92,162,Ya5qrp70OBEg4Q45YvWhsfysYx8=,92eHvUo1oCXB9AotU21+CRdIIPU=
-92,161,Ya5qrp70OBEg4Q45YvWhsfysYx8=,92eHvUo1oCXB9AotU21+CRdIIPU=
-95,164,Ya5qrp70OBEg4Q45YvWhsfysYx8=,DdaVYcnqm31kKVnVMxkfM5xaCUQ=
-94,163,Ya5qrp70OBEg4Q45YvWhsfysYx8=,2SXleYl7cUXegLnxPvuHCAnOEH0=
-94,161,Ya5qrp70OBEg4Q45YvWhsfysYx8=,2SXleYl7cUXegLnxPvuHCAnOEH0=
-94,164,Ya5qrp70OBEg4Q45YvWhsfysYx8=,DdaVYcnqm31kKVnVMxkfM5xaCUQ=
-93,162,Ya5qrp70OBEg4Q45YvWhsfysYx8=,2SXleYl7cUXegLnxPvuHCAnOEH0=
-95,163,Ya5qrp70OBEg4Q45YvWhsfysYx8=,2SXleYl7cUXegLnxPvuHCAnOEH0=
-94,162,Ya5qrp70OBEg4Q45YvWhsfysYx8=,2SXleYl7cUXegLnxPvuHCAnOEH0=
-93,161,Ya5qrp70OBEg4Q45YvWhsfysYx8=,2SXleYl7cUXegLnxPvuHCAnOEH0=
-95,160,Ya5qrp70OBEg4Q45YvWhsfysYx8=,2SXleYl7cUXegLnxPvuHCAnOEH0=
-95,162,Ya5qrp70OBEg4Q45YvWhsfysYx8=,2SXleYl7cUXegLnxPvuHCAnOEH0=
-89,166,Ya5qrp70OBEg4Q45YvWhsfysYx8=,sdVGjdDdOuYMB32aX1kRcWtZODY=
-92,167,Ya5qrp70OBEg4Q45YvWhsfysYx8=,sdVGjdDdOuYMB32aX1kRcWtZODY=
-94,160,Ya5qrp70OBEg4Q45YvWhsfysYx8=,2SXleYl7cUXegLnxPvuHCAnOEH0=
-93,165,Ya5qrp70OBEg4Q45YvWhsfysYx8=,DdaVYcnqm31kKVnVMxkfM5xaCUQ=
-91,167,Ya5qrp70OBEg4Q45YvWhsfysYx8=,sdVGjdDdOuYMB32aX1kRcWtZODY=
-93,168,Ya5qrp70OBEg4Q45YvWhsfysYx8=,81spqSZDWE6nCNlxaNjQupqvwck=
-92,164,Ya5qrp70OBEg4Q45YvWhsfysYx8=,sdVGjdDdOuYMB32aX1kRcWtZODY=
-93,164,Ya5qrp70OBEg4Q45YvWhsfysYx8=,DdaVYcnqm31kKVnVMxkfM5xaCUQ=
-91,164,Ya5qrp70OBEg4Q45YvWhsfysYx8=,sdVGjdDdOuYMB32aX1kRcWtZODY=
-93,163,Ya5qrp70OBEg4Q45YvWhsfysYx8=,2SXleYl7cUXegLnxPvuHCAnOEH0=
-90,166,Ya5qrp70OBEg4Q45YvWhsfysYx8=,sdVGjdDdOuYMB32aX1kRcWtZODY=
-92,165,Ya5qrp70OBEg4Q45YvWhsfysYx8=,sdVGjdDdOuYMB32aX1kRcWtZODY=
-91,163,Ya5qrp70OBEg4Q45YvWhsfysYx8=,92eHvUo1oCXB9AotU21+CRdIIPU=
-93,166,Ya5qrp70OBEg4Q45YvWhsfysYx8=,DdaVYcnqm31kKVnVMxkfM5xaCUQ=
-95,161,Ya5qrp70OBEg4Q45YvWhsfysYx8=,2SXleYl7cUXegLnxPvuHCAnOEH0=
-90,167,Ya5qrp70OBEg4Q45YvWhsfysYx8=,sdVGjdDdOuYMB32aX1kRcWtZODY=
-89,165,Ya5qrp70OBEg4Q45YvWhsfysYx8=,sdVGjdDdOuYMB32aX1kRcWtZODY=
-93,167,Ya5qrp70OBEg4Q45YvWhsfysYx8=,DdaVYcnqm31kKVnVMxkfM5xaCUQ=
-92,163,Ya5qrp70OBEg4Q45YvWhsfysYx8=,92eHvUo1oCXB9AotU21+CRdIIPU=
-92,160,Ya5qrp70OBEg4Q45YvWhsfysYx8=,92eHvUo1oCXB9AotU21+CRdIIPU=
-91,160,Ya5qrp70OBEg4Q45YvWhsfysYx8=,92eHvUo1oCXB9AotU21+CRdIIPU=
-90,160,Ya5qrp70OBEg4Q45YvWhsfysYx8=,92eHvUo1oCXB9AotU21+CRdIIPU=
-93,160,Ya5qrp70OBEg4Q45YvWhsfysYx8=,2SXleYl7cUXegLnxPvuHCAnOEH0=
-96,162,Ya5qrp70OBEg4Q45YvWhsfysYx8=,2SXleYl7cUXegLnxPvuHCAnOEH0=
-90,163,Ya5qrp70OBEg4Q45YvWhsfysYx8=,92eHvUo1oCXB9AotU21+CRdIIPU=
-83,172,Ya5qrp70OBEg4Q45YvWhsfysYx8=,wzr7jykqVVxGw4sVwFXX7gY4vs0=
-82,172,Ya5qrp70OBEg4Q45YvWhsfysYx8=,wzr7jykqVVxGw4sVwFXX7gY4vs0=
-89,167,Ya5qrp70OBEg4Q45YvWhsfysYx8=,sdVGjdDdOuYMB32aX1kRcWtZODY=
-87,172,Ya5qrp70OBEg4Q45YvWhsfysYx8=,u0EgGjf8Ery7EPNh04vrF0dSIk0=
-88,172,Ya5qrp70OBEg4Q45YvWhsfysYx8=,u0EgGjf8Ery7EPNh04vrF0dSIk0=
-84,172,Ya5qrp70OBEg4Q45YvWhsfysYx8=,wzr7jykqVVxGw4sVwFXX7gY4vs0=
-89,172,Ya5qrp70OBEg4Q45YvWhsfysYx8=,vDAQr/H5JEnugdLDZgl6dcNs3uA=
-85,172,Ya5qrp70OBEg4Q45YvWhsfysYx8=,u0EgGjf8Ery7EPNh04vrF0dSIk0=
-86,172,Ya5qrp70OBEg4Q45YvWhsfysYx8=,u0EgGjf8Ery7EPNh04vrF0dSIk0=
-91,166,Ya5qrp70OBEg4Q45YvWhsfysYx8=,sdVGjdDdOuYMB32aX1kRcWtZODY=
-91,165,Ya5qrp70OBEg4Q45YvWhsfysYx8=,sdVGjdDdOuYMB32aX1kRcWtZODY=
-92,166,Ya5qrp70OBEg4Q45YvWhsfysYx8=,sdVGjdDdOuYMB32aX1kRcWtZODY=
-82,175,Ya5qrp70OBEg4Q45YvWhsfysYx8=,wzr7jykqVVxGw4sVwFXX7gY4vs0=
-90,164,Ya5qrp70OBEg4Q45YvWhsfysYx8=,sdVGjdDdOuYMB32aX1kRcWtZODY=
-83,175,Ya5qrp70OBEg4Q45YvWhsfysYx8=,wzr7jykqVVxGw4sVwFXX7gY4vs0=
-90,165,Ya5qrp70OBEg4Q45YvWhsfysYx8=,sdVGjdDdOuYMB32aX1kRcWtZODY=
-81,172,Ya5qrp70OBEg4Q45YvWhsfysYx8=,wzr7jykqVVxGw4sVwFXX7gY4vs0=
-81,175,Ya5qrp70OBEg4Q45YvWhsfysYx8=,wzr7jykqVVxGw4sVwFXX7gY4vs0=
-95,175,Ya5qrp70OBEg4Q45YvWhsfysYx8=,4/bJMAyGO4f6NM7MlukRoz2AnAI=
-96,161,Ya5qrp70OBEg4Q45YvWhsfysYx8=,2SXleYl7cUXegLnxPvuHCAnOEH0=
-94,175,Ya5qrp70OBEg4Q45YvWhsfysYx8=,4/bJMAyGO4f6NM7MlukRoz2AnAI=
-90,175,Ya5qrp70OBEg4Q45YvWhsfysYx8=,vDAQr/H5JEnugdLDZgl6dcNs3uA=
-81,173,Ya5qrp70OBEg4Q45YvWhsfysYx8=,wzr7jykqVVxGw4sVwFXX7gY4vs0=
-96,174,Ya5qrp70OBEg4Q45YvWhsfysYx8=,4/bJMAyGO4f6NM7MlukRoz2AnAI=
-96,173,Ya5qrp70OBEg4Q45YvWhsfysYx8=,4/bJMAyGO4f6NM7MlukRoz2AnAI=
-96,164,Ya5qrp70OBEg4Q45YvWhsfysYx8=,DdaVYcnqm31kKVnVMxkfM5xaCUQ=
-96,166,Ya5qrp70OBEg4Q45YvWhsfysYx8=,DdaVYcnqm31kKVnVMxkfM5xaCUQ=
-96,165,Ya5qrp70OBEg4Q45YvWhsfysYx8=,DdaVYcnqm31kKVnVMxkfM5xaCUQ=
-96,175,Ya5qrp70OBEg4Q45YvWhsfysYx8=,4/bJMAyGO4f6NM7MlukRoz2AnAI=
-81,174,Ya5qrp70OBEg4Q45YvWhsfysYx8=,wzr7jykqVVxGw4sVwFXX7gY4vs0=
-96,163,Ya5qrp70OBEg4Q45YvWhsfysYx8=,2SXleYl7cUXegLnxPvuHCAnOEH0=
-91,175,Ya5qrp70OBEg4Q45YvWhsfysYx8=,vDAQr/H5JEnugdLDZgl6dcNs3uA=
-96,160,Ya5qrp70OBEg4Q45YvWhsfysYx8=,2SXleYl7cUXegLnxPvuHCAnOEH0=
-85,175,Ya5qrp70OBEg4Q45YvWhsfysYx8=,u0EgGjf8Ery7EPNh04vrF0dSIk0=
-96,168,Ya5qrp70OBEg4Q45YvWhsfysYx8=,81spqSZDWE6nCNlxaNjQupqvwck=
-86,175,Ya5qrp70OBEg4Q45YvWhsfysYx8=,u0EgGjf8Ery7EPNh04vrF0dSIk0=
-84,175,Ya5qrp70OBEg4Q45YvWhsfysYx8=,wzr7jykqVVxGw4sVwFXX7gY4vs0=
-96,167,Ya5qrp70OBEg4Q45YvWhsfysYx8=,DdaVYcnqm31kKVnVMxkfM5xaCUQ=
-96,171,Ya5qrp70OBEg4Q45YvWhsfysYx8=,81spqSZDWE6nCNlxaNjQupqvwck=
-96,172,Ya5qrp70OBEg4Q45YvWhsfysYx8=,4/bJMAyGO4f6NM7MlukRoz2AnAI=
-96,169,Ya5qrp70OBEg4Q45YvWhsfysYx8=,81spqSZDWE6nCNlxaNjQupqvwck=
-87,175,Ya5qrp70OBEg4Q45YvWhsfysYx8=,u0EgGjf8Ery7EPNh04vrF0dSIk0=
-89,175,Ya5qrp70OBEg4Q45YvWhsfysYx8=,vDAQr/H5JEnugdLDZgl6dcNs3uA=
-93,175,Ya5qrp70OBEg4Q45YvWhsfysYx8=,4/bJMAyGO4f6NM7MlukRoz2AnAI=
-96,170,Ya5qrp70OBEg4Q45YvWhsfysYx8=,81spqSZDWE6nCNlxaNjQupqvwck=
-92,175,Ya5qrp70OBEg4Q45YvWhsfysYx8=,vDAQr/H5JEnugdLDZgl6dcNs3uA=
-88,175,Ya5qrp70OBEg4Q45YvWhsfysYx8=,u0EgGjf8Ery7EPNh04vrF0dSIk0=
-88,160,Ya5qrp70OBEg4Q45YvWhsfysYx8=,nwCr6qn+Kq8upJLn2ufJRXvcZSk=
-85,162,Ya5qrp70OBEg4Q45YvWhsfysYx8=,nwCr6qn+Kq8upJLn2ufJRXvcZSk=
-89,164,Ya5qrp70OBEg4Q45YvWhsfysYx8=,sdVGjdDdOuYMB32aX1kRcWtZODY=
-86,162,Ya5qrp70OBEg4Q45YvWhsfysYx8=,nwCr6qn+Kq8upJLn2ufJRXvcZSk=
-85,163,Ya5qrp70OBEg4Q45YvWhsfysYx8=,nwCr6qn+Kq8upJLn2ufJRXvcZSk=
-87,162,Ya5qrp70OBEg4Q45YvWhsfysYx8=,nwCr6qn+Kq8upJLn2ufJRXvcZSk=
-89,160,Ya5qrp70OBEg4Q45YvWhsfysYx8=,92eHvUo1oCXB9AotU21+CRdIIPU=
-86,163,Ya5qrp70OBEg4Q45YvWhsfysYx8=,nwCr6qn+Kq8upJLn2ufJRXvcZSk=
-85,161,Ya5qrp70OBEg4Q45YvWhsfysYx8=,nwCr6qn+Kq8upJLn2ufJRXvcZSk=
-87,163,Ya5qrp70OBEg4Q45YvWhsfysYx8=,nwCr6qn+Kq8upJLn2ufJRXvcZSk=
-89,161,Ya5qrp70OBEg4Q45YvWhsfysYx8=,92eHvUo1oCXB9AotU21+CRdIIPU=
-85,160,Ya5qrp70OBEg4Q45YvWhsfysYx8=,nwCr6qn+Kq8upJLn2ufJRXvcZSk=
-86,161,Ya5qrp70OBEg4Q45YvWhsfysYx8=,nwCr6qn+Kq8upJLn2ufJRXvcZSk=
-88,161,Ya5qrp70OBEg4Q45YvWhsfysYx8=,nwCr6qn+Kq8upJLn2ufJRXvcZSk=
-88,163,Ya5qrp70OBEg4Q45YvWhsfysYx8=,nwCr6qn+Kq8upJLn2ufJRXvcZSk=
-86,160,Ya5qrp70OBEg4Q45YvWhsfysYx8=,nwCr6qn+Kq8upJLn2ufJRXvcZSk=
-87,161,Ya5qrp70OBEg4Q45YvWhsfysYx8=,nwCr6qn+Kq8upJLn2ufJRXvcZSk=
-89,163,Ya5qrp70OBEg4Q45YvWhsfysYx8=,92eHvUo1oCXB9AotU21+CRdIIPU=
-88,162,Ya5qrp70OBEg4Q45YvWhsfysYx8=,nwCr6qn+Kq8upJLn2ufJRXvcZSk=
-87,160,Ya5qrp70OBEg4Q45YvWhsfysYx8=,nwCr6qn+Kq8upJLn2ufJRXvcZSk=
-89,162,Ya5qrp70OBEg4Q45YvWhsfysYx8=,92eHvUo1oCXB9AotU21+CRdIIPU=
-82,178,Ya5qrp70OBEg4Q45YvWhsfysYx8=,iljdMLcxWzrimckdbWSQWVED+ho=
-83,178,Ya5qrp70OBEg4Q45YvWhsfysYx8=,iljdMLcxWzrimckdbWSQWVED+ho=
-83,177,Ya5qrp70OBEg4Q45YvWhsfysYx8=,iljdMLcxWzrimckdbWSQWVED+ho=
-82,177,Ya5qrp70OBEg4Q45YvWhsfysYx8=,iljdMLcxWzrimckdbWSQWVED+ho=
-83,179,Ya5qrp70OBEg4Q45YvWhsfysYx8=,iljdMLcxWzrimckdbWSQWVED+ho=
-82,179,Ya5qrp70OBEg4Q45YvWhsfysYx8=,iljdMLcxWzrimckdbWSQWVED+ho=
-83,176,Ya5qrp70OBEg4Q45YvWhsfysYx8=,iljdMLcxWzrimckdbWSQWVED+ho=
-82,176,Ya5qrp70OBEg4Q45YvWhsfysYx8=,iljdMLcxWzrimckdbWSQWVED+ho=
-81,178,Ya5qrp70OBEg4Q45YvWhsfysYx8=,iljdMLcxWzrimckdbWSQWVED+ho=
-81,179,Ya5qrp70OBEg4Q45YvWhsfysYx8=,iljdMLcxWzrimckdbWSQWVED+ho=
-81,176,Ya5qrp70OBEg4Q45YvWhsfysYx8=,iljdMLcxWzrimckdbWSQWVED+ho=
-81,177,Ya5qrp70OBEg4Q45YvWhsfysYx8=,iljdMLcxWzrimckdbWSQWVED+ho=
-94,177,Ya5qrp70OBEg4Q45YvWhsfysYx8=,W++bC6FC7G68Hfn8oGY7SQHBmgU=
-95,177,Ya5qrp70OBEg4Q45YvWhsfysYx8=,W++bC6FC7G68Hfn8oGY7SQHBmgU=
-96,176,Ya5qrp70OBEg4Q45YvWhsfysYx8=,W++bC6FC7G68Hfn8oGY7SQHBmgU=
-95,176,Ya5qrp70OBEg4Q45YvWhsfysYx8=,W++bC6FC7G68Hfn8oGY7SQHBmgU=
-94,179,Ya5qrp70OBEg4Q45YvWhsfysYx8=,W++bC6FC7G68Hfn8oGY7SQHBmgU=
-95,179,Ya5qrp70OBEg4Q45YvWhsfysYx8=,W++bC6FC7G68Hfn8oGY7SQHBmgU=
-96,179,Ya5qrp70OBEg4Q45YvWhsfysYx8=,W++bC6FC7G68Hfn8oGY7SQHBmgU=
-94,176,Ya5qrp70OBEg4Q45YvWhsfysYx8=,W++bC6FC7G68Hfn8oGY7SQHBmgU=
-96,177,Ya5qrp70OBEg4Q45YvWhsfysYx8=,W++bC6FC7G68Hfn8oGY7SQHBmgU=
-94,178,Ya5qrp70OBEg4Q45YvWhsfysYx8=,W++bC6FC7G68Hfn8oGY7SQHBmgU=
-95,178,Ya5qrp70OBEg4Q45YvWhsfysYx8=,W++bC6FC7G68Hfn8oGY7SQHBmgU=
-96,178,Ya5qrp70OBEg4Q45YvWhsfysYx8=,W++bC6FC7G68Hfn8oGY7SQHBmgU=
-86,176,Ya5qrp70OBEg4Q45YvWhsfysYx8=,nNnMZ5U4jyqtDdQmcXcwH6db00A=
-85,176,Ya5qrp70OBEg4Q45YvWhsfysYx8=,nNnMZ5U4jyqtDdQmcXcwH6db00A=
-87,179,Ya5qrp70OBEg4Q45YvWhsfysYx8=,nNnMZ5U4jyqtDdQmcXcwH6db00A=
-84,178,Ya5qrp70OBEg4Q45YvWhsfysYx8=,iljdMLcxWzrimckdbWSQWVED+ho=
-87,178,Ya5qrp70OBEg4Q45YvWhsfysYx8=,nNnMZ5U4jyqtDdQmcXcwH6db00A=
-84,179,Ya5qrp70OBEg4Q45YvWhsfysYx8=,iljdMLcxWzrimckdbWSQWVED+ho=
-85,179,Ya5qrp70OBEg4Q45YvWhsfysYx8=,nNnMZ5U4jyqtDdQmcXcwH6db00A=
-84,176,Ya5qrp70OBEg4Q45YvWhsfysYx8=,iljdMLcxWzrimckdbWSQWVED+ho=
-86,179,Ya5qrp70OBEg4Q45YvWhsfysYx8=,nNnMZ5U4jyqtDdQmcXcwH6db00A=
-85,177,Ya5qrp70OBEg4Q45YvWhsfysYx8=,nNnMZ5U4jyqtDdQmcXcwH6db00A=
-86,178,Ya5qrp70OBEg4Q45YvWhsfysYx8=,nNnMZ5U4jyqtDdQmcXcwH6db00A=
-87,177,Ya5qrp70OBEg4Q45YvWhsfysYx8=,nNnMZ5U4jyqtDdQmcXcwH6db00A=
-84,177,Ya5qrp70OBEg4Q45YvWhsfysYx8=,iljdMLcxWzrimckdbWSQWVED+ho=
-87,176,Ya5qrp70OBEg4Q45YvWhsfysYx8=,nNnMZ5U4jyqtDdQmcXcwH6db00A=
-86,177,Ya5qrp70OBEg4Q45YvWhsfysYx8=,nNnMZ5U4jyqtDdQmcXcwH6db00A=
-89,179,Ya5qrp70OBEg4Q45YvWhsfysYx8=,ZR9fclnpFZV7EGGBIEqYB1fDaZQ=
-85,178,Ya5qrp70OBEg4Q45YvWhsfysYx8=,nNnMZ5U4jyqtDdQmcXcwH6db00A=
-92,177,Ya5qrp70OBEg4Q45YvWhsfysYx8=,ZR9fclnpFZV7EGGBIEqYB1fDaZQ=
-90,179,Ya5qrp70OBEg4Q45YvWhsfysYx8=,ZR9fclnpFZV7EGGBIEqYB1fDaZQ=
-91,177,Ya5qrp70OBEg4Q45YvWhsfysYx8=,ZR9fclnpFZV7EGGBIEqYB1fDaZQ=
-90,176,Ya5qrp70OBEg4Q45YvWhsfysYx8=,ZR9fclnpFZV7EGGBIEqYB1fDaZQ=
-90,178,Ya5qrp70OBEg4Q45YvWhsfysYx8=,ZR9fclnpFZV7EGGBIEqYB1fDaZQ=
-91,176,Ya5qrp70OBEg4Q45YvWhsfysYx8=,ZR9fclnpFZV7EGGBIEqYB1fDaZQ=
-93,177,Ya5qrp70OBEg4Q45YvWhsfysYx8=,W++bC6FC7G68Hfn8oGY7SQHBmgU=
-92,178,Ya5qrp70OBEg4Q45YvWhsfysYx8=,ZR9fclnpFZV7EGGBIEqYB1fDaZQ=
-90,177,Ya5qrp70OBEg4Q45YvWhsfysYx8=,ZR9fclnpFZV7EGGBIEqYB1fDaZQ=
-88,177,Ya5qrp70OBEg4Q45YvWhsfysYx8=,nNnMZ5U4jyqtDdQmcXcwH6db00A=
-91,178,Ya5qrp70OBEg4Q45YvWhsfysYx8=,ZR9fclnpFZV7EGGBIEqYB1fDaZQ=
-93,179,Ya5qrp70OBEg4Q45YvWhsfysYx8=,W++bC6FC7G68Hfn8oGY7SQHBmgU=
-88,179,Ya5qrp70OBEg4Q45YvWhsfysYx8=,nNnMZ5U4jyqtDdQmcXcwH6db00A=
-91,179,Ya5qrp70OBEg4Q45YvWhsfysYx8=,ZR9fclnpFZV7EGGBIEqYB1fDaZQ=
-89,176,Ya5qrp70OBEg4Q45YvWhsfysYx8=,ZR9fclnpFZV7EGGBIEqYB1fDaZQ=
-93,176,Ya5qrp70OBEg4Q45YvWhsfysYx8=,W++bC6FC7G68Hfn8oGY7SQHBmgU=
-89,177,Ya5qrp70OBEg4Q45YvWhsfysYx8=,ZR9fclnpFZV7EGGBIEqYB1fDaZQ=
-93,178,Ya5qrp70OBEg4Q45YvWhsfysYx8=,W++bC6FC7G68Hfn8oGY7SQHBmgU=
-88,178,Ya5qrp70OBEg4Q45YvWhsfysYx8=,nNnMZ5U4jyqtDdQmcXcwH6db00A=
-92,179,Ya5qrp70OBEg4Q45YvWhsfysYx8=,ZR9fclnpFZV7EGGBIEqYB1fDaZQ=
-92,176,Ya5qrp70OBEg4Q45YvWhsfysYx8=,ZR9fclnpFZV7EGGBIEqYB1fDaZQ=
-89,178,Ya5qrp70OBEg4Q45YvWhsfysYx8=,ZR9fclnpFZV7EGGBIEqYB1fDaZQ=
-88,176,Ya5qrp70OBEg4Q45YvWhsfysYx8=,nNnMZ5U4jyqtDdQmcXcwH6db00A=
-66,186,BSZ/1VDoFxjvrPTcHt0RzVyRE9c=,WCiitY4RVxYwAgyTH4ILWNqXnfw=
-67,186,BSZ/1VDoFxjvrPTcHt0RzVyRE9c=,WCiitY4RVxYwAgyTH4ILWNqXnfw=
-66,185,BSZ/1VDoFxjvrPTcHt0RzVyRE9c=,WCiitY4RVxYwAgyTH4ILWNqXnfw=
-67,185,BSZ/1VDoFxjvrPTcHt0RzVyRE9c=,WCiitY4RVxYwAgyTH4ILWNqXnfw=
-69,186,BSZ/1VDoFxjvrPTcHt0RzVyRE9c=,cZSE7lhsnFI1tj9PvQSBESdeXO4=
-71,185,BSZ/1VDoFxjvrPTcHt0RzVyRE9c=,cZSE7lhsnFI1tj9PvQSBESdeXO4=
-72,185,BSZ/1VDoFxjvrPTcHt0RzVyRE9c=,cZSE7lhsnFI1tj9PvQSBESdeXO4=
-68,185,BSZ/1VDoFxjvrPTcHt0RzVyRE9c=,WCiitY4RVxYwAgyTH4ILWNqXnfw=
-70,186,BSZ/1VDoFxjvrPTcHt0RzVyRE9c=,cZSE7lhsnFI1tj9PvQSBESdeXO4=
-69,185,BSZ/1VDoFxjvrPTcHt0RzVyRE9c=,cZSE7lhsnFI1tj9PvQSBESdeXO4=
-71,186,BSZ/1VDoFxjvrPTcHt0RzVyRE9c=,cZSE7lhsnFI1tj9PvQSBESdeXO4=
-72,186,BSZ/1VDoFxjvrPTcHt0RzVyRE9c=,cZSE7lhsnFI1tj9PvQSBESdeXO4=
-70,185,BSZ/1VDoFxjvrPTcHt0RzVyRE9c=,cZSE7lhsnFI1tj9PvQSBESdeXO4=
-70,182,BSZ/1VDoFxjvrPTcHt0RzVyRE9c=,UnXPiC3PcbujCiKL+ZGyW4TSj2w=
-68,186,BSZ/1VDoFxjvrPTcHt0RzVyRE9c=,WCiitY4RVxYwAgyTH4ILWNqXnfw=
-71,183,BSZ/1VDoFxjvrPTcHt0RzVyRE9c=,UnXPiC3PcbujCiKL+ZGyW4TSj2w=
-70,183,BSZ/1VDoFxjvrPTcHt0RzVyRE9c=,UnXPiC3PcbujCiKL+ZGyW4TSj2w=
-71,181,BSZ/1VDoFxjvrPTcHt0RzVyRE9c=,UnXPiC3PcbujCiKL+ZGyW4TSj2w=
-71,182,BSZ/1VDoFxjvrPTcHt0RzVyRE9c=,UnXPiC3PcbujCiKL+ZGyW4TSj2w=
-71,184,BSZ/1VDoFxjvrPTcHt0RzVyRE9c=,cZSE7lhsnFI1tj9PvQSBESdeXO4=
-70,184,BSZ/1VDoFxjvrPTcHt0RzVyRE9c=,cZSE7lhsnFI1tj9PvQSBESdeXO4=
-70,181,BSZ/1VDoFxjvrPTcHt0RzVyRE9c=,UnXPiC3PcbujCiKL+ZGyW4TSj2w=
-70,180,BSZ/1VDoFxjvrPTcHt0RzVyRE9c=,UnXPiC3PcbujCiKL+ZGyW4TSj2w=
-70,178,BSZ/1VDoFxjvrPTcHt0RzVyRE9c=,v0W8R6GBhP3OgsJHS5+FHMe2IXY=
-71,177,BSZ/1VDoFxjvrPTcHt0RzVyRE9c=,v0W8R6GBhP3OgsJHS5+FHMe2IXY=
-70,177,BSZ/1VDoFxjvrPTcHt0RzVyRE9c=,v0W8R6GBhP3OgsJHS5+FHMe2IXY=
-71,180,BSZ/1VDoFxjvrPTcHt0RzVyRE9c=,UnXPiC3PcbujCiKL+ZGyW4TSj2w=
-70,179,BSZ/1VDoFxjvrPTcHt0RzVyRE9c=,v0W8R6GBhP3OgsJHS5+FHMe2IXY=
-71,179,BSZ/1VDoFxjvrPTcHt0RzVyRE9c=,v0W8R6GBhP3OgsJHS5+FHMe2IXY=
-71,178,BSZ/1VDoFxjvrPTcHt0RzVyRE9c=,v0W8R6GBhP3OgsJHS5+FHMe2IXY=
-67,178,BSZ/1VDoFxjvrPTcHt0RzVyRE9c=,yiRcPh7wgIwo0ZmQn6NthO8JXhE=
-68,178,BSZ/1VDoFxjvrPTcHt0RzVyRE9c=,yiRcPh7wgIwo0ZmQn6NthO8JXhE=
-67,177,BSZ/1VDoFxjvrPTcHt0RzVyRE9c=,yiRcPh7wgIwo0ZmQn6NthO8JXhE=
-68,177,BSZ/1VDoFxjvrPTcHt0RzVyRE9c=,yiRcPh7wgIwo0ZmQn6NthO8JXhE=
-69,178,BSZ/1VDoFxjvrPTcHt0RzVyRE9c=,v0W8R6GBhP3OgsJHS5+FHMe2IXY=
-69,177,BSZ/1VDoFxjvrPTcHt0RzVyRE9c=,v0W8R6GBhP3OgsJHS5+FHMe2IXY=
-72,183,BSZ/1VDoFxjvrPTcHt0RzVyRE9c=,UnXPiC3PcbujCiKL+ZGyW4TSj2w=
-72,181,BSZ/1VDoFxjvrPTcHt0RzVyRE9c=,UnXPiC3PcbujCiKL+ZGyW4TSj2w=
-72,184,BSZ/1VDoFxjvrPTcHt0RzVyRE9c=,cZSE7lhsnFI1tj9PvQSBESdeXO4=
-72,182,BSZ/1VDoFxjvrPTcHt0RzVyRE9c=,UnXPiC3PcbujCiKL+ZGyW4TSj2w=
-66,178,BSZ/1VDoFxjvrPTcHt0RzVyRE9c=,yiRcPh7wgIwo0ZmQn6NthO8JXhE=
-72,180,BSZ/1VDoFxjvrPTcHt0RzVyRE9c=,UnXPiC3PcbujCiKL+ZGyW4TSj2w=
-66,177,BSZ/1VDoFxjvrPTcHt0RzVyRE9c=,yiRcPh7wgIwo0ZmQn6NthO8JXhE=
-66,184,BSZ/1VDoFxjvrPTcHt0RzVyRE9c=,WCiitY4RVxYwAgyTH4ILWNqXnfw=
-72,177,BSZ/1VDoFxjvrPTcHt0RzVyRE9c=,v0W8R6GBhP3OgsJHS5+FHMe2IXY=
-75,178,BSZ/1VDoFxjvrPTcHt0RzVyRE9c=,7U7PDMY2mZlvM8GyE57d5plaL1c=
-74,178,BSZ/1VDoFxjvrPTcHt0RzVyRE9c=,7U7PDMY2mZlvM8GyE57d5plaL1c=
-67,184,BSZ/1VDoFxjvrPTcHt0RzVyRE9c=,WCiitY4RVxYwAgyTH4ILWNqXnfw=
-66,182,BSZ/1VDoFxjvrPTcHt0RzVyRE9c=,ZfmE711Gw+oRrYsFuojBbOObfM8=
-69,182,BSZ/1VDoFxjvrPTcHt0RzVyRE9c=,UnXPiC3PcbujCiKL+ZGyW4TSj2w=
-72,179,BSZ/1VDoFxjvrPTcHt0RzVyRE9c=,v0W8R6GBhP3OgsJHS5+FHMe2IXY=
-73,179,BSZ/1VDoFxjvrPTcHt0RzVyRE9c=,7U7PDMY2mZlvM8GyE57d5plaL1c=
-73,178,BSZ/1VDoFxjvrPTcHt0RzVyRE9c=,7U7PDMY2mZlvM8GyE57d5plaL1c=
-74,179,BSZ/1VDoFxjvrPTcHt0RzVyRE9c=,7U7PDMY2mZlvM8GyE57d5plaL1c=
-75,179,BSZ/1VDoFxjvrPTcHt0RzVyRE9c=,7U7PDMY2mZlvM8GyE57d5plaL1c=
-75,177,BSZ/1VDoFxjvrPTcHt0RzVyRE9c=,7U7PDMY2mZlvM8GyE57d5plaL1c=
-69,184,BSZ/1VDoFxjvrPTcHt0RzVyRE9c=,cZSE7lhsnFI1tj9PvQSBESdeXO4=
-72,178,BSZ/1VDoFxjvrPTcHt0RzVyRE9c=,v0W8R6GBhP3OgsJHS5+FHMe2IXY=
-69,179,BSZ/1VDoFxjvrPTcHt0RzVyRE9c=,v0W8R6GBhP3OgsJHS5+FHMe2IXY=
-65,182,BSZ/1VDoFxjvrPTcHt0RzVyRE9c=,ZfmE711Gw+oRrYsFuojBbOObfM8=
-68,184,BSZ/1VDoFxjvrPTcHt0RzVyRE9c=,WCiitY4RVxYwAgyTH4ILWNqXnfw=
-68,179,BSZ/1VDoFxjvrPTcHt0RzVyRE9c=,yiRcPh7wgIwo0ZmQn6NthO8JXhE=
-66,179,BSZ/1VDoFxjvrPTcHt0RzVyRE9c=,yiRcPh7wgIwo0ZmQn6NthO8JXhE=
-74,177,BSZ/1VDoFxjvrPTcHt0RzVyRE9c=,7U7PDMY2mZlvM8GyE57d5plaL1c=
-67,179,BSZ/1VDoFxjvrPTcHt0RzVyRE9c=,yiRcPh7wgIwo0ZmQn6NthO8JXhE=
-67,182,BSZ/1VDoFxjvrPTcHt0RzVyRE9c=,ZfmE711Gw+oRrYsFuojBbOObfM8=
-66,183,BSZ/1VDoFxjvrPTcHt0RzVyRE9c=,ZfmE711Gw+oRrYsFuojBbOObfM8=
-68,183,BSZ/1VDoFxjvrPTcHt0RzVyRE9c=,ZfmE711Gw+oRrYsFuojBbOObfM8=
-73,177,BSZ/1VDoFxjvrPTcHt0RzVyRE9c=,7U7PDMY2mZlvM8GyE57d5plaL1c=
-75,176,BSZ/1VDoFxjvrPTcHt0RzVyRE9c=,7U7PDMY2mZlvM8GyE57d5plaL1c=
-69,181,BSZ/1VDoFxjvrPTcHt0RzVyRE9c=,UnXPiC3PcbujCiKL+ZGyW4TSj2w=
-69,183,BSZ/1VDoFxjvrPTcHt0RzVyRE9c=,UnXPiC3PcbujCiKL+ZGyW4TSj2w=
-74,176,BSZ/1VDoFxjvrPTcHt0RzVyRE9c=,7U7PDMY2mZlvM8GyE57d5plaL1c=
-68,182,BSZ/1VDoFxjvrPTcHt0RzVyRE9c=,ZfmE711Gw+oRrYsFuojBbOObfM8=
-68,181,BSZ/1VDoFxjvrPTcHt0RzVyRE9c=,ZfmE711Gw+oRrYsFuojBbOObfM8=
-69,180,BSZ/1VDoFxjvrPTcHt0RzVyRE9c=,UnXPiC3PcbujCiKL+ZGyW4TSj2w=
-67,183,BSZ/1VDoFxjvrPTcHt0RzVyRE9c=,ZfmE711Gw+oRrYsFuojBbOObfM8=
-68,180,BSZ/1VDoFxjvrPTcHt0RzVyRE9c=,ZfmE711Gw+oRrYsFuojBbOObfM8=
-65,178,BSZ/1VDoFxjvrPTcHt0RzVyRE9c=,yiRcPh7wgIwo0ZmQn6NthO8JXhE=
-67,180,BSZ/1VDoFxjvrPTcHt0RzVyRE9c=,ZfmE711Gw+oRrYsFuojBbOObfM8=
-66,180,BSZ/1VDoFxjvrPTcHt0RzVyRE9c=,ZfmE711Gw+oRrYsFuojBbOObfM8=
-66,181,BSZ/1VDoFxjvrPTcHt0RzVyRE9c=,ZfmE711Gw+oRrYsFuojBbOObfM8=
-65,181,BSZ/1VDoFxjvrPTcHt0RzVyRE9c=,ZfmE711Gw+oRrYsFuojBbOObfM8=
-66,176,BSZ/1VDoFxjvrPTcHt0RzVyRE9c=,yiRcPh7wgIwo0ZmQn6NthO8JXhE=
-67,176,BSZ/1VDoFxjvrPTcHt0RzVyRE9c=,yiRcPh7wgIwo0ZmQn6NthO8JXhE=
-67,181,BSZ/1VDoFxjvrPTcHt0RzVyRE9c=,ZfmE711Gw+oRrYsFuojBbOObfM8=
-65,176,BSZ/1VDoFxjvrPTcHt0RzVyRE9c=,yiRcPh7wgIwo0ZmQn6NthO8JXhE=
-65,180,BSZ/1VDoFxjvrPTcHt0RzVyRE9c=,ZfmE711Gw+oRrYsFuojBbOObfM8=
-65,179,BSZ/1VDoFxjvrPTcHt0RzVyRE9c=,yiRcPh7wgIwo0ZmQn6NthO8JXhE=
-70,176,BSZ/1VDoFxjvrPTcHt0RzVyRE9c=,v0W8R6GBhP3OgsJHS5+FHMe2IXY=
-69,176,BSZ/1VDoFxjvrPTcHt0RzVyRE9c=,v0W8R6GBhP3OgsJHS5+FHMe2IXY=
-65,177,BSZ/1VDoFxjvrPTcHt0RzVyRE9c=,yiRcPh7wgIwo0ZmQn6NthO8JXhE=
-68,176,BSZ/1VDoFxjvrPTcHt0RzVyRE9c=,yiRcPh7wgIwo0ZmQn6NthO8JXhE=
-73,176,BSZ/1VDoFxjvrPTcHt0RzVyRE9c=,7U7PDMY2mZlvM8GyE57d5plaL1c=
-67,187,BSZ/1VDoFxjvrPTcHt0RzVyRE9c=,WCiitY4RVxYwAgyTH4ILWNqXnfw=
-66,187,BSZ/1VDoFxjvrPTcHt0RzVyRE9c=,WCiitY4RVxYwAgyTH4ILWNqXnfw=
-72,176,BSZ/1VDoFxjvrPTcHt0RzVyRE9c=,v0W8R6GBhP3OgsJHS5+FHMe2IXY=
-74,188,BSZ/1VDoFxjvrPTcHt0RzVyRE9c=,4xgf8aJeXbwOkEAnnrGjjMUAYDs=
-75,189,BSZ/1VDoFxjvrPTcHt0RzVyRE9c=,4xgf8aJeXbwOkEAnnrGjjMUAYDs=
-74,189,BSZ/1VDoFxjvrPTcHt0RzVyRE9c=,4xgf8aJeXbwOkEAnnrGjjMUAYDs=
-75,190,BSZ/1VDoFxjvrPTcHt0RzVyRE9c=,4xgf8aJeXbwOkEAnnrGjjMUAYDs=
-74,190,BSZ/1VDoFxjvrPTcHt0RzVyRE9c=,4xgf8aJeXbwOkEAnnrGjjMUAYDs=
-75,191,BSZ/1VDoFxjvrPTcHt0RzVyRE9c=,4xgf8aJeXbwOkEAnnrGjjMUAYDs=
-75,188,BSZ/1VDoFxjvrPTcHt0RzVyRE9c=,4xgf8aJeXbwOkEAnnrGjjMUAYDs=
-76,189,BSZ/1VDoFxjvrPTcHt0RzVyRE9c=,4xgf8aJeXbwOkEAnnrGjjMUAYDs=
-76,190,BSZ/1VDoFxjvrPTcHt0RzVyRE9c=,4xgf8aJeXbwOkEAnnrGjjMUAYDs=
-65,186,BSZ/1VDoFxjvrPTcHt0RzVyRE9c=,WCiitY4RVxYwAgyTH4ILWNqXnfw=
-65,184,BSZ/1VDoFxjvrPTcHt0RzVyRE9c=,WCiitY4RVxYwAgyTH4ILWNqXnfw=
-65,183,BSZ/1VDoFxjvrPTcHt0RzVyRE9c=,ZfmE711Gw+oRrYsFuojBbOObfM8=
-76,188,BSZ/1VDoFxjvrPTcHt0RzVyRE9c=,4xgf8aJeXbwOkEAnnrGjjMUAYDs=
-65,185,BSZ/1VDoFxjvrPTcHt0RzVyRE9c=,WCiitY4RVxYwAgyTH4ILWNqXnfw=
-76,191,BSZ/1VDoFxjvrPTcHt0RzVyRE9c=,4xgf8aJeXbwOkEAnnrGjjMUAYDs=
-65,187,BSZ/1VDoFxjvrPTcHt0RzVyRE9c=,WCiitY4RVxYwAgyTH4ILWNqXnfw=
-74,191,BSZ/1VDoFxjvrPTcHt0RzVyRE9c=,4xgf8aJeXbwOkEAnnrGjjMUAYDs=
-80,179,BSZ/1VDoFxjvrPTcHt0RzVyRE9c=,xyiQ522pVi3ypcdVqqCSHLbFhC0=
-79,179,BSZ/1VDoFxjvrPTcHt0RzVyRE9c=,xyiQ522pVi3ypcdVqqCSHLbFhC0=
-80,178,BSZ/1VDoFxjvrPTcHt0RzVyRE9c=,xyiQ522pVi3ypcdVqqCSHLbFhC0=
-76,178,BSZ/1VDoFxjvrPTcHt0RzVyRE9c=,7U7PDMY2mZlvM8GyE57d5plaL1c=
-79,177,BSZ/1VDoFxjvrPTcHt0RzVyRE9c=,xyiQ522pVi3ypcdVqqCSHLbFhC0=
-76,177,BSZ/1VDoFxjvrPTcHt0RzVyRE9c=,7U7PDMY2mZlvM8GyE57d5plaL1c=
-77,178,BSZ/1VDoFxjvrPTcHt0RzVyRE9c=,xyiQ522pVi3ypcdVqqCSHLbFhC0=
-76,179,BSZ/1VDoFxjvrPTcHt0RzVyRE9c=,7U7PDMY2mZlvM8GyE57d5plaL1c=
-77,176,BSZ/1VDoFxjvrPTcHt0RzVyRE9c=,xyiQ522pVi3ypcdVqqCSHLbFhC0=
-80,177,BSZ/1VDoFxjvrPTcHt0RzVyRE9c=,xyiQ522pVi3ypcdVqqCSHLbFhC0=
-76,176,BSZ/1VDoFxjvrPTcHt0RzVyRE9c=,7U7PDMY2mZlvM8GyE57d5plaL1c=
-77,179,BSZ/1VDoFxjvrPTcHt0RzVyRE9c=,xyiQ522pVi3ypcdVqqCSHLbFhC0=
-78,179,BSZ/1VDoFxjvrPTcHt0RzVyRE9c=,xyiQ522pVi3ypcdVqqCSHLbFhC0=
-78,178,BSZ/1VDoFxjvrPTcHt0RzVyRE9c=,xyiQ522pVi3ypcdVqqCSHLbFhC0=
-78,177,BSZ/1VDoFxjvrPTcHt0RzVyRE9c=,xyiQ522pVi3ypcdVqqCSHLbFhC0=
-77,177,BSZ/1VDoFxjvrPTcHt0RzVyRE9c=,xyiQ522pVi3ypcdVqqCSHLbFhC0=
-79,178,BSZ/1VDoFxjvrPTcHt0RzVyRE9c=,xyiQ522pVi3ypcdVqqCSHLbFhC0=
-78,176,BSZ/1VDoFxjvrPTcHt0RzVyRE9c=,xyiQ522pVi3ypcdVqqCSHLbFhC0=
-80,176,BSZ/1VDoFxjvrPTcHt0RzVyRE9c=,xyiQ522pVi3ypcdVqqCSHLbFhC0=
-79,176,BSZ/1VDoFxjvrPTcHt0RzVyRE9c=,xyiQ522pVi3ypcdVqqCSHLbFhC0=
-69,191,BSZ/1VDoFxjvrPTcHt0RzVyRE9c=,xq2R9Gt6aHxBmb7mv3Uqvsw4kXM=
-71,187,BSZ/1VDoFxjvrPTcHt0RzVyRE9c=,cZSE7lhsnFI1tj9PvQSBESdeXO4=
-73,190,BSZ/1VDoFxjvrPTcHt0RzVyRE9c=,4xgf8aJeXbwOkEAnnrGjjMUAYDs=
-69,189,BSZ/1VDoFxjvrPTcHt0RzVyRE9c=,xq2R9Gt6aHxBmb7mv3Uqvsw4kXM=
-70,187,BSZ/1VDoFxjvrPTcHt0RzVyRE9c=,cZSE7lhsnFI1tj9PvQSBESdeXO4=
-72,187,BSZ/1VDoFxjvrPTcHt0RzVyRE9c=,cZSE7lhsnFI1tj9PvQSBESdeXO4=
-73,189,BSZ/1VDoFxjvrPTcHt0RzVyRE9c=,4xgf8aJeXbwOkEAnnrGjjMUAYDs=
-70,189,BSZ/1VDoFxjvrPTcHt0RzVyRE9c=,xq2R9Gt6aHxBmb7mv3Uqvsw4kXM=
-72,190,BSZ/1VDoFxjvrPTcHt0RzVyRE9c=,xq2R9Gt6aHxBmb7mv3Uqvsw4kXM=
-73,191,BSZ/1VDoFxjvrPTcHt0RzVyRE9c=,4xgf8aJeXbwOkEAnnrGjjMUAYDs=
-73,188,BSZ/1VDoFxjvrPTcHt0RzVyRE9c=,4xgf8aJeXbwOkEAnnrGjjMUAYDs=
-71,176,BSZ/1VDoFxjvrPTcHt0RzVyRE9c=,v0W8R6GBhP3OgsJHS5+FHMe2IXY=
-69,190,BSZ/1VDoFxjvrPTcHt0RzVyRE9c=,xq2R9Gt6aHxBmb7mv3Uqvsw4kXM=
-70,190,BSZ/1VDoFxjvrPTcHt0RzVyRE9c=,xq2R9Gt6aHxBmb7mv3Uqvsw4kXM=
-70,191,BSZ/1VDoFxjvrPTcHt0RzVyRE9c=,xq2R9Gt6aHxBmb7mv3Uqvsw4kXM=
-72,189,BSZ/1VDoFxjvrPTcHt0RzVyRE9c=,xq2R9Gt6aHxBmb7mv3Uqvsw4kXM=
-72,188,BSZ/1VDoFxjvrPTcHt0RzVyRE9c=,xq2R9Gt6aHxBmb7mv3Uqvsw4kXM=
-68,187,BSZ/1VDoFxjvrPTcHt0RzVyRE9c=,WCiitY4RVxYwAgyTH4ILWNqXnfw=
-71,190,BSZ/1VDoFxjvrPTcHt0RzVyRE9c=,xq2R9Gt6aHxBmb7mv3Uqvsw4kXM=
-71,188,BSZ/1VDoFxjvrPTcHt0RzVyRE9c=,xq2R9Gt6aHxBmb7mv3Uqvsw4kXM=
-70,188,BSZ/1VDoFxjvrPTcHt0RzVyRE9c=,xq2R9Gt6aHxBmb7mv3Uqvsw4kXM=
-69,188,BSZ/1VDoFxjvrPTcHt0RzVyRE9c=,xq2R9Gt6aHxBmb7mv3Uqvsw4kXM=
-72,191,BSZ/1VDoFxjvrPTcHt0RzVyRE9c=,xq2R9Gt6aHxBmb7mv3Uqvsw4kXM=
-71,189,BSZ/1VDoFxjvrPTcHt0RzVyRE9c=,xq2R9Gt6aHxBmb7mv3Uqvsw4kXM=
-69,187,BSZ/1VDoFxjvrPTcHt0RzVyRE9c=,cZSE7lhsnFI1tj9PvQSBESdeXO4=
-71,191,BSZ/1VDoFxjvrPTcHt0RzVyRE9c=,xq2R9Gt6aHxBmb7mv3Uqvsw4kXM=
-66,170,BSZ/1VDoFxjvrPTcHt0RzVyRE9c=,/J+B0+cLGLQM2aG5YDUOR0XoAdI=
-67,170,BSZ/1VDoFxjvrPTcHt0RzVyRE9c=,/J+B0+cLGLQM2aG5YDUOR0XoAdI=
-66,169,BSZ/1VDoFxjvrPTcHt0RzVyRE9c=,/J+B0+cLGLQM2aG5YDUOR0XoAdI=
-67,169,BSZ/1VDoFxjvrPTcHt0RzVyRE9c=,/J+B0+cLGLQM2aG5YDUOR0XoAdI=
-71,165,BSZ/1VDoFxjvrPTcHt0RzVyRE9c=,hlD0wKcWGXGUBPiyQuH0bsqSjLg=
-71,166,BSZ/1VDoFxjvrPTcHt0RzVyRE9c=,hlD0wKcWGXGUBPiyQuH0bsqSjLg=
-68,166,BSZ/1VDoFxjvrPTcHt0RzVyRE9c=,6JydLlh1EasZ6Z8uudbE8/+IgHI=
-66,165,BSZ/1VDoFxjvrPTcHt0RzVyRE9c=,6JydLlh1EasZ6Z8uudbE8/+IgHI=
-69,166,BSZ/1VDoFxjvrPTcHt0RzVyRE9c=,hlD0wKcWGXGUBPiyQuH0bsqSjLg=
-70,165,BSZ/1VDoFxjvrPTcHt0RzVyRE9c=,hlD0wKcWGXGUBPiyQuH0bsqSjLg=
-66,168,BSZ/1VDoFxjvrPTcHt0RzVyRE9c=,/J+B0+cLGLQM2aG5YDUOR0XoAdI=
-67,165,BSZ/1VDoFxjvrPTcHt0RzVyRE9c=,6JydLlh1EasZ6Z8uudbE8/+IgHI=
-68,165,BSZ/1VDoFxjvrPTcHt0RzVyRE9c=,6JydLlh1EasZ6Z8uudbE8/+IgHI=
-69,165,BSZ/1VDoFxjvrPTcHt0RzVyRE9c=,hlD0wKcWGXGUBPiyQuH0bsqSjLg=
-67,168,BSZ/1VDoFxjvrPTcHt0RzVyRE9c=,/J+B0+cLGLQM2aG5YDUOR0XoAdI=
-70,166,BSZ/1VDoFxjvrPTcHt0RzVyRE9c=,hlD0wKcWGXGUBPiyQuH0bsqSjLg=
-66,167,BSZ/1VDoFxjvrPTcHt0RzVyRE9c=,6JydLlh1EasZ6Z8uudbE8/+IgHI=
-67,166,BSZ/1VDoFxjvrPTcHt0RzVyRE9c=,6JydLlh1EasZ6Z8uudbE8/+IgHI=
-67,167,Rm0n1NhkDIVlhwRX8S8gn7jXEpA=,6JydLlh1EasZ6Z8uudbE8/+IgHI=
-66,166,Rm0n1NhkDIVlhwRX8S8gn7jXEpA=,6JydLlh1EasZ6Z8uudbE8/+IgHI=
-74,169,Rm0n1NhkDIVlhwRX8S8gn7jXEpA=,x+33JJCBNgekBmaMEBRL3n9zqq8=
-75,170,Rm0n1NhkDIVlhwRX8S8gn7jXEpA=,x+33JJCBNgekBmaMEBRL3n9zqq8=
-75,169,Rm0n1NhkDIVlhwRX8S8gn7jXEpA=,x+33JJCBNgekBmaMEBRL3n9zqq8=
-74,170,Rm0n1NhkDIVlhwRX8S8gn7jXEpA=,x+33JJCBNgekBmaMEBRL3n9zqq8=
-66,174,Rm0n1NhkDIVlhwRX8S8gn7jXEpA=,ZzCFLHrQRnUKG6soxUBmh21m+6U=
-66,172,Rm0n1NhkDIVlhwRX8S8gn7jXEpA=,ZzCFLHrQRnUKG6soxUBmh21m+6U=
-67,171,Rm0n1NhkDIVlhwRX8S8gn7jXEpA=,/J+B0+cLGLQM2aG5YDUOR0XoAdI=
-66,171,Rm0n1NhkDIVlhwRX8S8gn7jXEpA=,/J+B0+cLGLQM2aG5YDUOR0XoAdI=
-67,173,Rm0n1NhkDIVlhwRX8S8gn7jXEpA=,ZzCFLHrQRnUKG6soxUBmh21m+6U=
-66,173,Rm0n1NhkDIVlhwRX8S8gn7jXEpA=,ZzCFLHrQRnUKG6soxUBmh21m+6U=
-67,172,Rm0n1NhkDIVlhwRX8S8gn7jXEpA=,ZzCFLHrQRnUKG6soxUBmh21m+6U=
-67,174,Rm0n1NhkDIVlhwRX8S8gn7jXEpA=,ZzCFLHrQRnUKG6soxUBmh21m+6U=
-71,169,Rm0n1NhkDIVlhwRX8S8gn7jXEpA=,UMaDJKYOOiM6/M7lm+xtxxPn+ws=
-72,169,Rm0n1NhkDIVlhwRX8S8gn7jXEpA=,UMaDJKYOOiM6/M7lm+xtxxPn+ws=
-73,170,Rm0n1NhkDIVlhwRX8S8gn7jXEpA=,x+33JJCBNgekBmaMEBRL3n9zqq8=
-68,170,Rm0n1NhkDIVlhwRX8S8gn7jXEpA=,/J+B0+cLGLQM2aG5YDUOR0XoAdI=
-68,169,Rm0n1NhkDIVlhwRX8S8gn7jXEpA=,/J+B0+cLGLQM2aG5YDUOR0XoAdI=
-71,168,Rm0n1NhkDIVlhwRX8S8gn7jXEpA=,UMaDJKYOOiM6/M7lm+xtxxPn+ws=
-69,168,Rm0n1NhkDIVlhwRX8S8gn7jXEpA=,UMaDJKYOOiM6/M7lm+xtxxPn+ws=
-69,170,Rm0n1NhkDIVlhwRX8S8gn7jXEpA=,UMaDJKYOOiM6/M7lm+xtxxPn+ws=
-69,169,Rm0n1NhkDIVlhwRX8S8gn7jXEpA=,UMaDJKYOOiM6/M7lm+xtxxPn+ws=
-72,170,Rm0n1NhkDIVlhwRX8S8gn7jXEpA=,UMaDJKYOOiM6/M7lm+xtxxPn+ws=
-71,167,Rm0n1NhkDIVlhwRX8S8gn7jXEpA=,hlD0wKcWGXGUBPiyQuH0bsqSjLg=
-71,170,Rm0n1NhkDIVlhwRX8S8gn7jXEpA=,UMaDJKYOOiM6/M7lm+xtxxPn+ws=
-70,168,Rm0n1NhkDIVlhwRX8S8gn7jXEpA=,UMaDJKYOOiM6/M7lm+xtxxPn+ws=
-70,169,Rm0n1NhkDIVlhwRX8S8gn7jXEpA=,UMaDJKYOOiM6/M7lm+xtxxPn+ws=
-73,169,Rm0n1NhkDIVlhwRX8S8gn7jXEpA=,x+33JJCBNgekBmaMEBRL3n9zqq8=
-70,170,Rm0n1NhkDIVlhwRX8S8gn7jXEpA=,UMaDJKYOOiM6/M7lm+xtxxPn+ws=
-69,167,Rm0n1NhkDIVlhwRX8S8gn7jXEpA=,hlD0wKcWGXGUBPiyQuH0bsqSjLg=
-70,167,Rm0n1NhkDIVlhwRX8S8gn7jXEpA=,hlD0wKcWGXGUBPiyQuH0bsqSjLg=
-68,168,Rm0n1NhkDIVlhwRX8S8gn7jXEpA=,/J+B0+cLGLQM2aG5YDUOR0XoAdI=
-68,167,Rm0n1NhkDIVlhwRX8S8gn7jXEpA=,6JydLlh1EasZ6Z8uudbE8/+IgHI=
-76,169,Rm0n1NhkDIVlhwRX8S8gn7jXEpA=,x+33JJCBNgekBmaMEBRL3n9zqq8=
-76,170,Rm0n1NhkDIVlhwRX8S8gn7jXEpA=,x+33JJCBNgekBmaMEBRL3n9zqq8=
-69,173,Rm0n1NhkDIVlhwRX8S8gn7jXEpA=,tJAFdKrdnJFR3r1YIZQDprn3omg=
-68,172,Rm0n1NhkDIVlhwRX8S8gn7jXEpA=,ZzCFLHrQRnUKG6soxUBmh21m+6U=
-68,173,Rm0n1NhkDIVlhwRX8S8gn7jXEpA=,ZzCFLHrQRnUKG6soxUBmh21m+6U=
-70,175,Rm0n1NhkDIVlhwRX8S8gn7jXEpA=,tJAFdKrdnJFR3r1YIZQDprn3omg=
-68,171,Rm0n1NhkDIVlhwRX8S8gn7jXEpA=,/J+B0+cLGLQM2aG5YDUOR0XoAdI=
-68,174,Rm0n1NhkDIVlhwRX8S8gn7jXEpA=,ZzCFLHrQRnUKG6soxUBmh21m+6U=
-71,173,Rm0n1NhkDIVlhwRX8S8gn7jXEpA=,tJAFdKrdnJFR3r1YIZQDprn3omg=
-70,173,Rm0n1NhkDIVlhwRX8S8gn7jXEpA=,tJAFdKrdnJFR3r1YIZQDprn3omg=
-69,172,Rm0n1NhkDIVlhwRX8S8gn7jXEpA=,tJAFdKrdnJFR3r1YIZQDprn3omg=
-69,171,Rm0n1NhkDIVlhwRX8S8gn7jXEpA=,UMaDJKYOOiM6/M7lm+xtxxPn+ws=
-70,172,Rm0n1NhkDIVlhwRX8S8gn7jXEpA=,tJAFdKrdnJFR3r1YIZQDprn3omg=
-71,171,Rm0n1NhkDIVlhwRX8S8gn7jXEpA=,UMaDJKYOOiM6/M7lm+xtxxPn+ws=
-70,174,Rm0n1NhkDIVlhwRX8S8gn7jXEpA=,tJAFdKrdnJFR3r1YIZQDprn3omg=
-69,174,Rm0n1NhkDIVlhwRX8S8gn7jXEpA=,tJAFdKrdnJFR3r1YIZQDprn3omg=
-71,175,Rm0n1NhkDIVlhwRX8S8gn7jXEpA=,tJAFdKrdnJFR3r1YIZQDprn3omg=
-71,174,Rm0n1NhkDIVlhwRX8S8gn7jXEpA=,tJAFdKrdnJFR3r1YIZQDprn3omg=
-71,172,Rm0n1NhkDIVlhwRX8S8gn7jXEpA=,tJAFdKrdnJFR3r1YIZQDprn3omg=
-70,171,Rm0n1NhkDIVlhwRX8S8gn7jXEpA=,UMaDJKYOOiM6/M7lm+xtxxPn+ws=
-65,170,Rm0n1NhkDIVlhwRX8S8gn7jXEpA=,/J+B0+cLGLQM2aG5YDUOR0XoAdI=
-65,169,Rm0n1NhkDIVlhwRX8S8gn7jXEpA=,/J+B0+cLGLQM2aG5YDUOR0XoAdI=
-65,166,Rm0n1NhkDIVlhwRX8S8gn7jXEpA=,6JydLlh1EasZ6Z8uudbE8/+IgHI=
-65,168,Rm0n1NhkDIVlhwRX8S8gn7jXEpA=,/J+B0+cLGLQM2aG5YDUOR0XoAdI=
-65,165,Rm0n1NhkDIVlhwRX8S8gn7jXEpA=,6JydLlh1EasZ6Z8uudbE8/+IgHI=
-65,167,Rm0n1NhkDIVlhwRX8S8gn7jXEpA=,6JydLlh1EasZ6Z8uudbE8/+IgHI=
-80,173,Rm0n1NhkDIVlhwRX8S8gn7jXEpA=,daPj8x9mkE0oyPwNlTDiD76XqL4=
-79,172,Rm0n1NhkDIVlhwRX8S8gn7jXEpA=,daPj8x9mkE0oyPwNlTDiD76XqL4=
-79,173,Rm0n1NhkDIVlhwRX8S8gn7jXEpA=,daPj8x9mkE0oyPwNlTDiD76XqL4=
-80,172,Rm0n1NhkDIVlhwRX8S8gn7jXEpA=,daPj8x9mkE0oyPwNlTDiD76XqL4=
-78,173,Rm0n1NhkDIVlhwRX8S8gn7jXEpA=,daPj8x9mkE0oyPwNlTDiD76XqL4=
-78,174,Rm0n1NhkDIVlhwRX8S8gn7jXEpA=,daPj8x9mkE0oyPwNlTDiD76XqL4=
-78,172,Rm0n1NhkDIVlhwRX8S8gn7jXEpA=,daPj8x9mkE0oyPwNlTDiD76XqL4=
-80,175,Rm0n1NhkDIVlhwRX8S8gn7jXEpA=,daPj8x9mkE0oyPwNlTDiD76XqL4=
-79,174,Rm0n1NhkDIVlhwRX8S8gn7jXEpA=,daPj8x9mkE0oyPwNlTDiD76XqL4=
-77,172,Rm0n1NhkDIVlhwRX8S8gn7jXEpA=,daPj8x9mkE0oyPwNlTDiD76XqL4=
-79,175,Rm0n1NhkDIVlhwRX8S8gn7jXEpA=,daPj8x9mkE0oyPwNlTDiD76XqL4=
-78,175,Rm0n1NhkDIVlhwRX8S8gn7jXEpA=,daPj8x9mkE0oyPwNlTDiD76XqL4=
-72,175,Rm0n1NhkDIVlhwRX8S8gn7jXEpA=,tJAFdKrdnJFR3r1YIZQDprn3omg=
-73,175,Rm0n1NhkDIVlhwRX8S8gn7jXEpA=,dNW7nGk0v25YC0uTzx3TgqAY8gI=
-80,174,Rm0n1NhkDIVlhwRX8S8gn7jXEpA=,daPj8x9mkE0oyPwNlTDiD76XqL4=
-73,171,Rm0n1NhkDIVlhwRX8S8gn7jXEpA=,x+33JJCBNgekBmaMEBRL3n9zqq8=
-74,171,Rm0n1NhkDIVlhwRX8S8gn7jXEpA=,x+33JJCBNgekBmaMEBRL3n9zqq8=
-75,171,Rm0n1NhkDIVlhwRX8S8gn7jXEpA=,x+33JJCBNgekBmaMEBRL3n9zqq8=
-76,171,Rm0n1NhkDIVlhwRX8S8gn7jXEpA=,x+33JJCBNgekBmaMEBRL3n9zqq8=
-74,175,Rm0n1NhkDIVlhwRX8S8gn7jXEpA=,dNW7nGk0v25YC0uTzx3TgqAY8gI=
-72,171,Rm0n1NhkDIVlhwRX8S8gn7jXEpA=,UMaDJKYOOiM6/M7lm+xtxxPn+ws=
-75,172,Rm0n1NhkDIVlhwRX8S8gn7jXEpA=,dNW7nGk0v25YC0uTzx3TgqAY8gI=
-76,172,Rm0n1NhkDIVlhwRX8S8gn7jXEpA=,dNW7nGk0v25YC0uTzx3TgqAY8gI=
-74,173,Rm0n1NhkDIVlhwRX8S8gn7jXEpA=,dNW7nGk0v25YC0uTzx3TgqAY8gI=
-77,174,Rm0n1NhkDIVlhwRX8S8gn7jXEpA=,daPj8x9mkE0oyPwNlTDiD76XqL4=
-77,173,Rm0n1NhkDIVlhwRX8S8gn7jXEpA=,daPj8x9mkE0oyPwNlTDiD76XqL4=
-76,173,Rm0n1NhkDIVlhwRX8S8gn7jXEpA=,dNW7nGk0v25YC0uTzx3TgqAY8gI=
-72,174,Rm0n1NhkDIVlhwRX8S8gn7jXEpA=,tJAFdKrdnJFR3r1YIZQDprn3omg=
-74,172,Rm0n1NhkDIVlhwRX8S8gn7jXEpA=,dNW7nGk0v25YC0uTzx3TgqAY8gI=
-73,173,Rm0n1NhkDIVlhwRX8S8gn7jXEpA=,dNW7nGk0v25YC0uTzx3TgqAY8gI=
-72,173,Rm0n1NhkDIVlhwRX8S8gn7jXEpA=,tJAFdKrdnJFR3r1YIZQDprn3omg=
-73,172,Rm0n1NhkDIVlhwRX8S8gn7jXEpA=,dNW7nGk0v25YC0uTzx3TgqAY8gI=
-76,174,Rm0n1NhkDIVlhwRX8S8gn7jXEpA=,dNW7nGk0v25YC0uTzx3TgqAY8gI=
-75,173,Rm0n1NhkDIVlhwRX8S8gn7jXEpA=,dNW7nGk0v25YC0uTzx3TgqAY8gI=
-75,168,Rm0n1NhkDIVlhwRX8S8gn7jXEpA=,x+33JJCBNgekBmaMEBRL3n9zqq8=
-72,166,Rm0n1NhkDIVlhwRX8S8gn7jXEpA=,hlD0wKcWGXGUBPiyQuH0bsqSjLg=
-72,167,Rm0n1NhkDIVlhwRX8S8gn7jXEpA=,hlD0wKcWGXGUBPiyQuH0bsqSjLg=
-74,168,Rm0n1NhkDIVlhwRX8S8gn7jXEpA=,x+33JJCBNgekBmaMEBRL3n9zqq8=
-72,165,Rm0n1NhkDIVlhwRX8S8gn7jXEpA=,hlD0wKcWGXGUBPiyQuH0bsqSjLg=
-73,168,Rm0n1NhkDIVlhwRX8S8gn7jXEpA=,x+33JJCBNgekBmaMEBRL3n9zqq8=
-76,175,Rm0n1NhkDIVlhwRX8S8gn7jXEpA=,dNW7nGk0v25YC0uTzx3TgqAY8gI=
-74,174,Rm0n1NhkDIVlhwRX8S8gn7jXEpA=,dNW7nGk0v25YC0uTzx3TgqAY8gI=
-75,174,Rm0n1NhkDIVlhwRX8S8gn7jXEpA=,dNW7nGk0v25YC0uTzx3TgqAY8gI=
-72,168,Rm0n1NhkDIVlhwRX8S8gn7jXEpA=,UMaDJKYOOiM6/M7lm+xtxxPn+ws=
-75,175,Rm0n1NhkDIVlhwRX8S8gn7jXEpA=,dNW7nGk0v25YC0uTzx3TgqAY8gI=
-72,172,Rm0n1NhkDIVlhwRX8S8gn7jXEpA=,tJAFdKrdnJFR3r1YIZQDprn3omg=
-77,175,Rm0n1NhkDIVlhwRX8S8gn7jXEpA=,daPj8x9mkE0oyPwNlTDiD76XqL4=
-73,174,Rm0n1NhkDIVlhwRX8S8gn7jXEpA=,dNW7nGk0v25YC0uTzx3TgqAY8gI=
-65,174,Rm0n1NhkDIVlhwRX8S8gn7jXEpA=,ZzCFLHrQRnUKG6soxUBmh21m+6U=
-65,172,Rm0n1NhkDIVlhwRX8S8gn7jXEpA=,ZzCFLHrQRnUKG6soxUBmh21m+6U=
-65,171,Rm0n1NhkDIVlhwRX8S8gn7jXEpA=,/J+B0+cLGLQM2aG5YDUOR0XoAdI=
-65,173,Rm0n1NhkDIVlhwRX8S8gn7jXEpA=,ZzCFLHrQRnUKG6soxUBmh21m+6U=
-76,168,Rm0n1NhkDIVlhwRX8S8gn7jXEpA=,x+33JJCBNgekBmaMEBRL3n9zqq8=
-69,175,Rm0n1NhkDIVlhwRX8S8gn7jXEpA=,tJAFdKrdnJFR3r1YIZQDprn3omg=
-67,175,Rm0n1NhkDIVlhwRX8S8gn7jXEpA=,ZzCFLHrQRnUKG6soxUBmh21m+6U=
-68,175,Rm0n1NhkDIVlhwRX8S8gn7jXEpA=,ZzCFLHrQRnUKG6soxUBmh21m+6U=
-66,175,Rm0n1NhkDIVlhwRX8S8gn7jXEpA=,ZzCFLHrQRnUKG6soxUBmh21m+6U=
-65,175,Rm0n1NhkDIVlhwRX8S8gn7jXEpA=,ZzCFLHrQRnUKG6soxUBmh21m+6U=
-71,164,Rm0n1NhkDIVlhwRX8S8gn7jXEpA=,hlD0wKcWGXGUBPiyQuH0bsqSjLg=
-71,160,Rm0n1NhkDIVlhwRX8S8gn7jXEpA=,t/eqYWRbSj1//U7GXSgiv35iIMA=
-72,164,Rm0n1NhkDIVlhwRX8S8gn7jXEpA=,hlD0wKcWGXGUBPiyQuH0bsqSjLg=
-72,160,Rm0n1NhkDIVlhwRX8S8gn7jXEpA=,t/eqYWRbSj1//U7GXSgiv35iIMA=
-71,163,Rm0n1NhkDIVlhwRX8S8gn7jXEpA=,t/eqYWRbSj1//U7GXSgiv35iIMA=
-72,163,Rm0n1NhkDIVlhwRX8S8gn7jXEpA=,t/eqYWRbSj1//U7GXSgiv35iIMA=
-71,162,Rm0n1NhkDIVlhwRX8S8gn7jXEpA=,t/eqYWRbSj1//U7GXSgiv35iIMA=
-72,162,Rm0n1NhkDIVlhwRX8S8gn7jXEpA=,t/eqYWRbSj1//U7GXSgiv35iIMA=
-70,161,Rm0n1NhkDIVlhwRX8S8gn7jXEpA=,t/eqYWRbSj1//U7GXSgiv35iIMA=
-71,161,Rm0n1NhkDIVlhwRX8S8gn7jXEpA=,t/eqYWRbSj1//U7GXSgiv35iIMA=
-72,161,Rm0n1NhkDIVlhwRX8S8gn7jXEpA=,t/eqYWRbSj1//U7GXSgiv35iIMA=
-70,160,Rm0n1NhkDIVlhwRX8S8gn7jXEpA=,t/eqYWRbSj1//U7GXSgiv35iIMA=
-70,162,Rm0n1NhkDIVlhwRX8S8gn7jXEpA=,t/eqYWRbSj1//U7GXSgiv35iIMA=
-70,164,Rm0n1NhkDIVlhwRX8S8gn7jXEpA=,hlD0wKcWGXGUBPiyQuH0bsqSjLg=
-70,163,Rm0n1NhkDIVlhwRX8S8gn7jXEpA=,t/eqYWRbSj1//U7GXSgiv35iIMA=
-67,164,Rm0n1NhkDIVlhwRX8S8gn7jXEpA=,6JydLlh1EasZ6Z8uudbE8/+IgHI=
-66,162,Rm0n1NhkDIVlhwRX8S8gn7jXEpA=,X+FWvzudyG96d330qaGTZohxmVw=
-68,161,Rm0n1NhkDIVlhwRX8S8gn7jXEpA=,X+FWvzudyG96d330qaGTZohxmVw=
-68,164,Rm0n1NhkDIVlhwRX8S8gn7jXEpA=,6JydLlh1EasZ6Z8uudbE8/+IgHI=
-68,162,Rm0n1NhkDIVlhwRX8S8gn7jXEpA=,X+FWvzudyG96d330qaGTZohxmVw=
-67,162,Rm0n1NhkDIVlhwRX8S8gn7jXEpA=,X+FWvzudyG96d330qaGTZohxmVw=
-67,161,Rm0n1NhkDIVlhwRX8S8gn7jXEpA=,X+FWvzudyG96d330qaGTZohxmVw=
-68,160,Rm0n1NhkDIVlhwRX8S8gn7jXEpA=,X+FWvzudyG96d330qaGTZohxmVw=
-69,161,Rm0n1NhkDIVlhwRX8S8gn7jXEpA=,t/eqYWRbSj1//U7GXSgiv35iIMA=
-67,160,Rm0n1NhkDIVlhwRX8S8gn7jXEpA=,X+FWvzudyG96d330qaGTZohxmVw=
-65,161,Rm0n1NhkDIVlhwRX8S8gn7jXEpA=,X+FWvzudyG96d330qaGTZohxmVw=
-69,160,Rm0n1NhkDIVlhwRX8S8gn7jXEpA=,t/eqYWRbSj1//U7GXSgiv35iIMA=
-67,163,Rm0n1NhkDIVlhwRX8S8gn7jXEpA=,X+FWvzudyG96d330qaGTZohxmVw=
-66,164,Rm0n1NhkDIVlhwRX8S8gn7jXEpA=,6JydLlh1EasZ6Z8uudbE8/+IgHI=
-66,161,Rm0n1NhkDIVlhwRX8S8gn7jXEpA=,X+FWvzudyG96d330qaGTZohxmVw=
-66,163,Rm0n1NhkDIVlhwRX8S8gn7jXEpA=,X+FWvzudyG96d330qaGTZohxmVw=
-66,160,Rm0n1NhkDIVlhwRX8S8gn7jXEpA=,X+FWvzudyG96d330qaGTZohxmVw=
-65,163,Rm0n1NhkDIVlhwRX8S8gn7jXEpA=,X+FWvzudyG96d330qaGTZohxmVw=
-69,164,Rm0n1NhkDIVlhwRX8S8gn7jXEpA=,hlD0wKcWGXGUBPiyQuH0bsqSjLg=
-65,162,Rm0n1NhkDIVlhwRX8S8gn7jXEpA=,X+FWvzudyG96d330qaGTZohxmVw=
-69,162,Rm0n1NhkDIVlhwRX8S8gn7jXEpA=,t/eqYWRbSj1//U7GXSgiv35iIMA=
-68,163,Rm0n1NhkDIVlhwRX8S8gn7jXEpA=,X+FWvzudyG96d330qaGTZohxmVw=
-65,160,Rm0n1NhkDIVlhwRX8S8gn7jXEpA=,X+FWvzudyG96d330qaGTZohxmVw=
-65,164,Rm0n1NhkDIVlhwRX8S8gn7jXEpA=,6JydLlh1EasZ6Z8uudbE8/+IgHI=
-69,163,Rm0n1NhkDIVlhwRX8S8gn7jXEpA=,t/eqYWRbSj1//U7GXSgiv35iIMA=
