-15,-45,8zfoQAY5jGkNy7ztn3WWvyCv8e8=,26ObdEx8c0mHL3fIP+URbZoVGPw=
-15,-44,8zfoQAY5jGkNy7ztn3WWvyCv8e8=,QeyAwmoz9FN3phQRU70PBcL1kYQ=
-15,-43,8zfoQAY5jGkNy7ztn3WWvyCv8e8=,QeyAwmoz9FN3phQRU70PBcL1kYQ=
-15,-42,8zfoQAY5jGkNy7ztn3WWvyCv8e8=,CfTW5/NyMz4Fdq8W1G9RV+ppEmo=
-14,-42,8zfoQAY5jGkNy7ztn3WWvyCv8e8=,VyS9aJv54ypmVpaN1IHrr0HPOLQ=
-14,-40,8zfoQAY5jGkNy7ztn3WWvyCv8e8=,1AncqkL95eo1A0VhsxyLzf/o8s0=
-14,-41,8zfoQAY5jGkNy7ztn3WWvyCv8e8=,VyS9aJv54ypmVpaN1IHrr0HPOLQ=
-15,-41,8zfoQAY5jGkNy7ztn3WWvyCv8e8=,CfTW5/NyMz4Fdq8W1G9RV+ppEmo=
-15,-40,8zfoQAY5jGkNy7ztn3WWvyCv8e8=,ayYKcKrarzFQzHXafoWvOb1ygPk=
-14,-39,8zfoQAY5jGkNy7ztn3WWvyCv8e8=,1AncqkL95eo1A0VhsxyLzf/o8s0=
-15,-39,8zfoQAY5jGkNy7ztn3WWvyCv8e8=,ayYKcKrarzFQzHXafoWvOb1ygPk=
-14,-38,8zfoQAY5jGkNy7ztn3WWvyCv8e8=,s8Dh7diMy+hmx4yVqZG7++dg/aA=
-15,-38,8zfoQAY5jGkNy7ztn3WWvyCv8e8=,IemopoRSLlPWrybFibVMR588eaU=
-15,-37,8zfoQAY5jGkNy7ztn3WWvyCv8e8=,IemopoRSLlPWrybFibVMR588eaU=
-15,-36,8zfoQAY5jGkNy7ztn3WWvyCv8e8=,koDrLWvZPrjWy6dwCO5EwOLP4Z4=
-15,-35,8zfoQAY5jGkNy7ztn3WWvyCv8e8=,koDrLWvZPrjWy6dwCO5EwOLP4Z4=
-12,-37,8zfoQAY5jGkNy7ztn3WWvyCv8e8=,HAT2PZArFy9KYctfD8z7VzN4KBk=
-14,-37,8zfoQAY5jGkNy7ztn3WWvyCv8e8=,s8Dh7diMy+hmx4yVqZG7++dg/aA=
-14,-34,8zfoQAY5jGkNy7ztn3WWvyCv8e8=,gSJLm/mxxihO6yVA47edT8LzxrE=
-13,-36,8zfoQAY5jGkNy7ztn3WWvyCv8e8=,yCe6ZybYwnxuI1DTcTIen/Aucdc=
-14,-36,8zfoQAY5jGkNy7ztn3WWvyCv8e8=,yCe6ZybYwnxuI1DTcTIen/Aucdc=
-15,-34,8zfoQAY5jGkNy7ztn3WWvyCv8e8=,n7nHQ20TcPqexuS0kLiJmSYn/Kc=
-14,-35,8zfoQAY5jGkNy7ztn3WWvyCv8e8=,yCe6ZybYwnxuI1DTcTIen/Aucdc=
-13,-37,8zfoQAY5jGkNy7ztn3WWvyCv8e8=,s8Dh7diMy+hmx4yVqZG7++dg/aA=
-13,-34,8zfoQAY5jGkNy7ztn3WWvyCv8e8=,gSJLm/mxxihO6yVA47edT8LzxrE=
-12,-34,8zfoQAY5jGkNy7ztn3WWvyCv8e8=,h34aoje/ayYA4hBlGf/0wnG99u4=
-13,-35,8zfoQAY5jGkNy7ztn3WWvyCv8e8=,yCe6ZybYwnxuI1DTcTIen/Aucdc=
-10,-35,8zfoQAY5jGkNy7ztn3WWvyCv8e8=,/DMWbCk0cFNBUs3k46cdhJyu2FQ=
-10,-34,8zfoQAY5jGkNy7ztn3WWvyCv8e8=,wnpzxNxskMmhy6kSMlldw3C236Q=
-11,-34,8zfoQAY5jGkNy7ztn3WWvyCv8e8=,h34aoje/ayYA4hBlGf/0wnG99u4=
-8,-35,aIS+Vg5njLoreeMgISiw26t0ReQ=,hKJqM8koFXrW1DnvuIjS9mQYG+4=
-9,-34,aIS+Vg5njLoreeMgISiw26t0ReQ=,wnpzxNxskMmhy6kSMlldw3C236Q=
-9,-35,aIS+Vg5njLoreeMgISiw26t0ReQ=,/DMWbCk0cFNBUs3k46cdhJyu2FQ=
-11,-37,aIS+Vg5njLoreeMgISiw26t0ReQ=,HAT2PZArFy9KYctfD8z7VzN4KBk=
-8,-34,aIS+Vg5njLoreeMgISiw26t0ReQ=,u/lFsjP4uE2r6/Mqq7xePfcR/mg=
-10,-37,aIS+Vg5njLoreeMgISiw26t0ReQ=,/R/wFTvaRxEmpJjLdSRWoe6Qkyo=
-10,-36,aIS+Vg5njLoreeMgISiw26t0ReQ=,/DMWbCk0cFNBUs3k46cdhJyu2FQ=
-9,-37,aIS+Vg5njLoreeMgISiw26t0ReQ=,/R/wFTvaRxEmpJjLdSRWoe6Qkyo=
-9,-36,aIS+Vg5njLoreeMgISiw26t0ReQ=,/DMWbCk0cFNBUs3k46cdhJyu2FQ=
-8,-39,aIS+Vg5njLoreeMgISiw26t0ReQ=,Vyh781F0R9HEV4DFuq8/mC/PTE0=
-9,-38,aIS+Vg5njLoreeMgISiw26t0ReQ=,/R/wFTvaRxEmpJjLdSRWoe6Qkyo=
-9,-39,aIS+Vg5njLoreeMgISiw26t0ReQ=,G/NVBSGuFl8f8tyAt75PTLj6UYA=
-8,-37,aIS+Vg5njLoreeMgISiw26t0ReQ=,3pj3O8uCcI60Fa8npiaXzp7pOnc=
-8,-36,aIS+Vg5njLoreeMgISiw26t0ReQ=,hKJqM8koFXrW1DnvuIjS9mQYG+4=
-8,-38,aIS+Vg5njLoreeMgISiw26t0ReQ=,3pj3O8uCcI60Fa8npiaXzp7pOnc=
-6,-35,aIS+Vg5njLoreeMgISiw26t0ReQ=,qx9qHyo0mlHOK7deflbILC32Dg8=
-7,-34,aIS+Vg5njLoreeMgISiw26t0ReQ=,u/lFsjP4uE2r6/Mqq7xePfcR/mg=
-6,-34,aIS+Vg5njLoreeMgISiw26t0ReQ=,dd1xOLqL3mJSVVB00nijv71VXLw=
-7,-35,aIS+Vg5njLoreeMgISiw26t0ReQ=,hKJqM8koFXrW1DnvuIjS9mQYG+4=
-4,-36,aIS+Vg5njLoreeMgISiw26t0ReQ=,fiHiMm7R1FrqkD8RSl/fAxK4oyM=
-7,-36,aIS+Vg5njLoreeMgISiw26t0ReQ=,hKJqM8koFXrW1DnvuIjS9mQYG+4=
-4,-37,aIS+Vg5njLoreeMgISiw26t0ReQ=,BaAjTMQB8Iiw/X/fBvzvnISP5uo=
-7,-37,aIS+Vg5njLoreeMgISiw26t0ReQ=,3pj3O8uCcI60Fa8npiaXzp7pOnc=
-5,-37,aIS+Vg5njLoreeMgISiw26t0ReQ=,GVf12+Wdbo1HsCbyruFsTweuBGk=
-5,-36,aIS+Vg5njLoreeMgISiw26t0ReQ=,qx9qHyo0mlHOK7deflbILC32Dg8=
-6,-36,aIS+Vg5njLoreeMgISiw26t0ReQ=,qx9qHyo0mlHOK7deflbILC32Dg8=
-6,-37,aIS+Vg5njLoreeMgISiw26t0ReQ=,GVf12+Wdbo1HsCbyruFsTweuBGk=
-7,-39,aIS+Vg5njLoreeMgISiw26t0ReQ=,Vyh781F0R9HEV4DFuq8/mC/PTE0=
-4,-39,aIS+Vg5njLoreeMgISiw26t0ReQ=,ZAt+2mEPJ4rO3R7Ap2S0HDXHR5M=
-4,-38,aIS+Vg5njLoreeMgISiw26t0ReQ=,BaAjTMQB8Iiw/X/fBvzvnISP5uo=
-7,-38,aIS+Vg5njLoreeMgISiw26t0ReQ=,3pj3O8uCcI60Fa8npiaXzp7pOnc=
-6,-38,aIS+Vg5njLoreeMgISiw26t0ReQ=,GVf12+Wdbo1HsCbyruFsTweuBGk=
-5,-39,aIS+Vg5njLoreeMgISiw26t0ReQ=,5pHTdRwJvyYZuHxoAOypF8b7b1w=
-6,-39,aIS+Vg5njLoreeMgISiw26t0ReQ=,5pHTdRwJvyYZuHxoAOypF8b7b1w=
-5,-38,aIS+Vg5njLoreeMgISiw26t0ReQ=,GVf12+Wdbo1HsCbyruFsTweuBGk=
-4,-35,aIS+Vg5njLoreeMgISiw26t0ReQ=,fiHiMm7R1FrqkD8RSl/fAxK4oyM=
-5,-34,aIS+Vg5njLoreeMgISiw26t0ReQ=,dd1xOLqL3mJSVVB00nijv71VXLw=
-5,-35,aIS+Vg5njLoreeMgISiw26t0ReQ=,qx9qHyo0mlHOK7deflbILC32Dg8=
-4,-34,aIS+Vg5njLoreeMgISiw26t0ReQ=,OKfIOuboLZpAlWtcdOWmQGntWuQ=
-2,-38,aIS+Vg5njLoreeMgISiw26t0ReQ=,XgOLw4M3+KUAD28ho+AHSCmZiHE=
-3,-36,aIS+Vg5njLoreeMgISiw26t0ReQ=,fiHiMm7R1FrqkD8RSl/fAxK4oyM=
-3,-37,aIS+Vg5njLoreeMgISiw26t0ReQ=,BaAjTMQB8Iiw/X/fBvzvnISP5uo=
-3,-38,aIS+Vg5njLoreeMgISiw26t0ReQ=,BaAjTMQB8Iiw/X/fBvzvnISP5uo=
-3,-39,aIS+Vg5njLoreeMgISiw26t0ReQ=,ZAt+2mEPJ4rO3R7Ap2S0HDXHR5M=
-2,-37,aIS+Vg5njLoreeMgISiw26t0ReQ=,XgOLw4M3+KUAD28ho+AHSCmZiHE=
-3,-35,aIS+Vg5njLoreeMgISiw26t0ReQ=,fiHiMm7R1FrqkD8RSl/fAxK4oyM=
-2,-33,aIS+Vg5njLoreeMgISiw26t0ReQ=,aPOSyB4f5ei+zn7Ftq4dqT8oqy8=
-2,-34,aIS+Vg5njLoreeMgISiw26t0ReQ=,aPOSyB4f5ei+zn7Ftq4dqT8oqy8=
-3,-33,aIS+Vg5njLoreeMgISiw26t0ReQ=,OKfIOuboLZpAlWtcdOWmQGntWuQ=
-3,-34,aIS+Vg5njLoreeMgISiw26t0ReQ=,OKfIOuboLZpAlWtcdOWmQGntWuQ=
-2,-36,aIS+Vg5njLoreeMgISiw26t0ReQ=,9DaPZ7pzI3tcXcFT5k3aWQYZELQ=
-2,-35,aIS+Vg5njLoreeMgISiw26t0ReQ=,9DaPZ7pzI3tcXcFT5k3aWQYZELQ=
-1,-38,aIS+Vg5njLoreeMgISiw26t0ReQ=,XgOLw4M3+KUAD28ho+AHSCmZiHE=
-1,-35,aIS+Vg5njLoreeMgISiw26t0ReQ=,9DaPZ7pzI3tcXcFT5k3aWQYZELQ=
-1,-36,aIS+Vg5njLoreeMgISiw26t0ReQ=,9DaPZ7pzI3tcXcFT5k3aWQYZELQ=
-1,-37,aIS+Vg5njLoreeMgISiw26t0ReQ=,XgOLw4M3+KUAD28ho+AHSCmZiHE=
-1,-34,aIS+Vg5njLoreeMgISiw26t0ReQ=,aPOSyB4f5ei+zn7Ftq4dqT8oqy8=
-1,-41,aIS+Vg5njLoreeMgISiw26t0ReQ=,6m5OSE2PDOoCAZSOo4NVkdoYbn0=
-1,-43,aIS+Vg5njLoreeMgISiw26t0ReQ=,ddtmJUEB/dTzT+40PzqFIPdnIrI=
-1,-42,aIS+Vg5njLoreeMgISiw26t0ReQ=,6m5OSE2PDOoCAZSOo4NVkdoYbn0=
-15,-46,aIS+Vg5njLoreeMgISiw26t0ReQ=,26ObdEx8c0mHL3fIP+URbZoVGPw=
-15,-47,aIS+Vg5njLoreeMgISiw26t0ReQ=,FjH/omNqFfOPnX2gzjzSHfvr5BA=
-13,-41,aIS+Vg5njLoreeMgISiw26t0ReQ=,VyS9aJv54ypmVpaN1IHrr0HPOLQ=
-10,-39,aIS+Vg5njLoreeMgISiw26t0ReQ=,G/NVBSGuFl8f8tyAt75PTLj6UYA=
-13,-40,aIS+Vg5njLoreeMgISiw26t0ReQ=,1AncqkL95eo1A0VhsxyLzf/o8s0=
-10,-38,aIS+Vg5njLoreeMgISiw26t0ReQ=,/R/wFTvaRxEmpJjLdSRWoe6Qkyo=
-11,-38,aIS+Vg5njLoreeMgISiw26t0ReQ=,HAT2PZArFy9KYctfD8z7VzN4KBk=
-12,-38,aIS+Vg5njLoreeMgISiw26t0ReQ=,HAT2PZArFy9KYctfD8z7VzN4KBk=
-10,-40,aIS+Vg5njLoreeMgISiw26t0ReQ=,G/NVBSGuFl8f8tyAt75PTLj6UYA=
-7,-40,aIS+Vg5njLoreeMgISiw26t0ReQ=,Vyh781F0R9HEV4DFuq8/mC/PTE0=
-6,-40,aIS+Vg5njLoreeMgISiw26t0ReQ=,5pHTdRwJvyYZuHxoAOypF8b7b1w=
-8,-40,aIS+Vg5njLoreeMgISiw26t0ReQ=,Vyh781F0R9HEV4DFuq8/mC/PTE0=
-13,-38,aIS+Vg5njLoreeMgISiw26t0ReQ=,s8Dh7diMy+hmx4yVqZG7++dg/aA=
-9,-40,aIS+Vg5njLoreeMgISiw26t0ReQ=,G/NVBSGuFl8f8tyAt75PTLj6UYA=
-13,-39,aIS+Vg5njLoreeMgISiw26t0ReQ=,1AncqkL95eo1A0VhsxyLzf/o8s0=
-1,-44,aIS+Vg5njLoreeMgISiw26t0ReQ=,ddtmJUEB/dTzT+40PzqFIPdnIrI=
-2,-44,aIS+Vg5njLoreeMgISiw26t0ReQ=,ddtmJUEB/dTzT+40PzqFIPdnIrI=
-2,-45,aIS+Vg5njLoreeMgISiw26t0ReQ=,yWyyLanDKBJUTjk3Fp5Wh2YudZ4=
-1,-45,aIS+Vg5njLoreeMgISiw26t0ReQ=,yWyyLanDKBJUTjk3Fp5Wh2YudZ4=
-3,-44,aIS+Vg5njLoreeMgISiw26t0ReQ=,fMXOc5yTeMMmLD8eypLXOyIyjK4=
-16,-40,aIS+Vg5njLoreeMgISiw26t0ReQ=,ayYKcKrarzFQzHXafoWvOb1ygPk=
-16,-41,aIS+Vg5njLoreeMgISiw26t0ReQ=,CfTW5/NyMz4Fdq8W1G9RV+ppEmo=
-3,-45,aIS+Vg5njLoreeMgISiw26t0ReQ=,MOKhcnwnT515Bw6oK3MAVNOQz8s=
-16,-38,aIS+Vg5njLoreeMgISiw26t0ReQ=,IemopoRSLlPWrybFibVMR588eaU=
-16,-39,aIS+Vg5njLoreeMgISiw26t0ReQ=,ayYKcKrarzFQzHXafoWvOb1ygPk=
-4,-44,aIS+Vg5njLoreeMgISiw26t0ReQ=,fMXOc5yTeMMmLD8eypLXOyIyjK4=
-4,-45,aIS+Vg5njLoreeMgISiw26t0ReQ=,MOKhcnwnT515Bw6oK3MAVNOQz8s=
-4,-46,aIS+Vg5njLoreeMgISiw26t0ReQ=,MOKhcnwnT515Bw6oK3MAVNOQz8s=
-16,-46,aIS+Vg5njLoreeMgISiw26t0ReQ=,26ObdEx8c0mHL3fIP+URbZoVGPw=
-16,-42,aIS+Vg5njLoreeMgISiw26t0ReQ=,CfTW5/NyMz4Fdq8W1G9RV+ppEmo=
-16,-47,aIS+Vg5njLoreeMgISiw26t0ReQ=,FjH/omNqFfOPnX2gzjzSHfvr5BA=
-16,-44,aIS+Vg5njLoreeMgISiw26t0ReQ=,QeyAwmoz9FN3phQRU70PBcL1kYQ=
-16,-43,aIS+Vg5njLoreeMgISiw26t0ReQ=,QeyAwmoz9FN3phQRU70PBcL1kYQ=
-16,-45,aIS+Vg5njLoreeMgISiw26t0ReQ=,26ObdEx8c0mHL3fIP+URbZoVGPw=
-9,-33,aIS+Vg5njLoreeMgISiw26t0ReQ=,wnpzxNxskMmhy6kSMlldw3C236Q=
-10,-33,aIS+Vg5njLoreeMgISiw26t0ReQ=,wnpzxNxskMmhy6kSMlldw3C236Q=
-8,-33,aIS+Vg5njLoreeMgISiw26t0ReQ=,u/lFsjP4uE2r6/Mqq7xePfcR/mg=
-15,-33,aIS+Vg5njLoreeMgISiw26t0ReQ=,n7nHQ20TcPqexuS0kLiJmSYn/Kc=
-15,-48,aIS+Vg5njLoreeMgISiw26t0ReQ=,FjH/omNqFfOPnX2gzjzSHfvr5BA=
-16,-36,aIS+Vg5njLoreeMgISiw26t0ReQ=,koDrLWvZPrjWy6dwCO5EwOLP4Z4=
-16,-37,aIS+Vg5njLoreeMgISiw26t0ReQ=,IemopoRSLlPWrybFibVMR588eaU=
-16,-34,aIS+Vg5njLoreeMgISiw26t0ReQ=,n7nHQ20TcPqexuS0kLiJmSYn/Kc=
-16,-35,aIS+Vg5njLoreeMgISiw26t0ReQ=,koDrLWvZPrjWy6dwCO5EwOLP4Z4=
-16,-33,aIS+Vg5njLoreeMgISiw26t0ReQ=,n7nHQ20TcPqexuS0kLiJmSYn/Kc=
-13,-42,aIS+Vg5njLoreeMgISiw26t0ReQ=,VyS9aJv54ypmVpaN1IHrr0HPOLQ=
-14,-33,aIS+Vg5njLoreeMgISiw26t0ReQ=,gSJLm/mxxihO6yVA47edT8LzxrE=
-11,-33,aIS+Vg5njLoreeMgISiw26t0ReQ=,h34aoje/ayYA4hBlGf/0wnG99u4=
-13,-33,aIS+Vg5njLoreeMgISiw26t0ReQ=,gSJLm/mxxihO6yVA47edT8LzxrE=
-12,-33,aIS+Vg5njLoreeMgISiw26t0ReQ=,h34aoje/ayYA4hBlGf/0wnG99u4=
-2,-47,aIS+Vg5njLoreeMgISiw26t0ReQ=,7qRLcLr9bG8BzRKYrmdVciOUBiU=
-3,-46,aIS+Vg5njLoreeMgISiw26t0ReQ=,MOKhcnwnT515Bw6oK3MAVNOQz8s=
-16,-48,aIS+Vg5njLoreeMgISiw26t0ReQ=,FjH/omNqFfOPnX2gzjzSHfvr5BA=
-2,-48,aIS+Vg5njLoreeMgISiw26t0ReQ=,7qRLcLr9bG8BzRKYrmdVciOUBiU=
-1,-47,aIS+Vg5njLoreeMgISiw26t0ReQ=,7qRLcLr9bG8BzRKYrmdVciOUBiU=
-2,-46,aIS+Vg5njLoreeMgISiw26t0ReQ=,yWyyLanDKBJUTjk3Fp5Wh2YudZ4=
-1,-48,aIS+Vg5njLoreeMgISiw26t0ReQ=,7qRLcLr9bG8BzRKYrmdVciOUBiU=
-7,-33,aIS+Vg5njLoreeMgISiw26t0ReQ=,u/lFsjP4uE2r6/Mqq7xePfcR/mg=
-1,-46,aIS+Vg5njLoreeMgISiw26t0ReQ=,yWyyLanDKBJUTjk3Fp5Wh2YudZ4=
-4,-33,aIS+Vg5njLoreeMgISiw26t0ReQ=,OKfIOuboLZpAlWtcdOWmQGntWuQ=
-6,-33,aIS+Vg5njLoreeMgISiw26t0ReQ=,dd1xOLqL3mJSVVB00nijv71VXLw=
-1,-33,aIS+Vg5njLoreeMgISiw26t0ReQ=,aPOSyB4f5ei+zn7Ftq4dqT8oqy8=
-5,-33,aIS+Vg5njLoreeMgISiw26t0ReQ=,dd1xOLqL3mJSVVB00nijv71VXLw=
-2,-41,aIS+Vg5njLoreeMgISiw26t0ReQ=,6m5OSE2PDOoCAZSOo4NVkdoYbn0=
-3,-40,aIS+Vg5njLoreeMgISiw26t0ReQ=,ZAt+2mEPJ4rO3R7Ap2S0HDXHR5M=
-4,-43,aIS+Vg5njLoreeMgISiw26t0ReQ=,fMXOc5yTeMMmLD8eypLXOyIyjK4=
-5,-40,aIS+Vg5njLoreeMgISiw26t0ReQ=,5pHTdRwJvyYZuHxoAOypF8b7b1w=
-2,-42,aIS+Vg5njLoreeMgISiw26t0ReQ=,6m5OSE2PDOoCAZSOo4NVkdoYbn0=
-2,-43,aIS+Vg5njLoreeMgISiw26t0ReQ=,ddtmJUEB/dTzT+40PzqFIPdnIrI=
-4,-42,aIS+Vg5njLoreeMgISiw26t0ReQ=,sDmLH9CkMeeS2t1kCGG/Mri95S0=
-3,-43,aIS+Vg5njLoreeMgISiw26t0ReQ=,fMXOc5yTeMMmLD8eypLXOyIyjK4=
-4,-41,aIS+Vg5njLoreeMgISiw26t0ReQ=,sDmLH9CkMeeS2t1kCGG/Mri95S0=
-4,-40,aIS+Vg5njLoreeMgISiw26t0ReQ=,ZAt+2mEPJ4rO3R7Ap2S0HDXHR5M=
-3,-41,aIS+Vg5njLoreeMgISiw26t0ReQ=,sDmLH9CkMeeS2t1kCGG/Mri95S0=
-3,-42,aIS+Vg5njLoreeMgISiw26t0ReQ=,sDmLH9CkMeeS2t1kCGG/Mri95S0=
-7,-60,aIS+Vg5njLoreeMgISiw26t0ReQ=,+0hzHW516O/nCCUsTmYz7C9OEuE=
-4,-60,aIS+Vg5njLoreeMgISiw26t0ReQ=,gS3YLI54YgABcfpBwAJJViRvPjI=
-6,-60,aIS+Vg5njLoreeMgISiw26t0ReQ=,z8IlD84KVXHsOs0YtkW9Y9RZ0cY=
-6,-61,aIS+Vg5njLoreeMgISiw26t0ReQ=,6ueXCR3zulBCoETOQnwG/4USUOs=
-5,-60,aIS+Vg5njLoreeMgISiw26t0ReQ=,z8IlD84KVXHsOs0YtkW9Y9RZ0cY=
-5,-61,aIS+Vg5njLoreeMgISiw26t0ReQ=,6ueXCR3zulBCoETOQnwG/4USUOs=
-6,-59,aIS+Vg5njLoreeMgISiw26t0ReQ=,z8IlD84KVXHsOs0YtkW9Y9RZ0cY=
-6,-58,aIS+Vg5njLoreeMgISiw26t0ReQ=,Na7KZpP49c353pYgA2prbPG90G4=
-7,-58,aIS+Vg5njLoreeMgISiw26t0ReQ=,FlOl0xawWjzc0zaoINiG5gCW0oU=
-7,-59,aIS+Vg5njLoreeMgISiw26t0ReQ=,+0hzHW516O/nCCUsTmYz7C9OEuE=
-4,-61,aIS+Vg5njLoreeMgISiw26t0ReQ=,4Z9cz9YIreDEa/oHDAsJB8IhLbM=
-4,-59,aIS+Vg5njLoreeMgISiw26t0ReQ=,gS3YLI54YgABcfpBwAJJViRvPjI=
-5,-58,aIS+Vg5njLoreeMgISiw26t0ReQ=,Na7KZpP49c353pYgA2prbPG90G4=
-5,-59,aIS+Vg5njLoreeMgISiw26t0ReQ=,z8IlD84KVXHsOs0YtkW9Y9RZ0cY=
-5,-56,aIS+Vg5njLoreeMgISiw26t0ReQ=,UqsS2OFDXjSQiquAa0//WALd96s=
-4,-56,aIS+Vg5njLoreeMgISiw26t0ReQ=,CB9g2r9Kxno3175uajpagCpHoZc=
-5,-57,aIS+Vg5njLoreeMgISiw26t0ReQ=,Na7KZpP49c353pYgA2prbPG90G4=
-4,-55,aIS+Vg5njLoreeMgISiw26t0ReQ=,CB9g2r9Kxno3175uajpagCpHoZc=
-4,-54,aIS+Vg5njLoreeMgISiw26t0ReQ=,n1xwTpWKSnxu3VJAKBGJRIyLmVs=
-5,-55,aIS+Vg5njLoreeMgISiw26t0ReQ=,UqsS2OFDXjSQiquAa0//WALd96s=
-6,-56,aIS+Vg5njLoreeMgISiw26t0ReQ=,UqsS2OFDXjSQiquAa0//WALd96s=
-6,-57,aIS+Vg5njLoreeMgISiw26t0ReQ=,Na7KZpP49c353pYgA2prbPG90G4=
-7,-57,aIS+Vg5njLoreeMgISiw26t0ReQ=,FlOl0xawWjzc0zaoINiG5gCW0oU=
-7,-55,aIS+Vg5njLoreeMgISiw26t0ReQ=,wll7mIKL6L2AoQlZonWTSiYYYp8=
-7,-56,aIS+Vg5njLoreeMgISiw26t0ReQ=,wll7mIKL6L2AoQlZonWTSiYYYp8=
-6,-55,aIS+Vg5njLoreeMgISiw26t0ReQ=,UqsS2OFDXjSQiquAa0//WALd96s=
-2,-50,aIS+Vg5njLoreeMgISiw26t0ReQ=,5J7QWQ0KLPEMg7xSp4kxElkITTI=
-2,-51,aIS+Vg5njLoreeMgISiw26t0ReQ=,xVcI3vk4owoL8BJUcR/EQgJSMG0=
-1,-51,aIS+Vg5njLoreeMgISiw26t0ReQ=,xVcI3vk4owoL8BJUcR/EQgJSMG0=
-2,-49,aIS+Vg5njLoreeMgISiw26t0ReQ=,5J7QWQ0KLPEMg7xSp4kxElkITTI=
-1,-49,aIS+Vg5njLoreeMgISiw26t0ReQ=,5J7QWQ0KLPEMg7xSp4kxElkITTI=
-2,-52,aIS+Vg5njLoreeMgISiw26t0ReQ=,xVcI3vk4owoL8BJUcR/EQgJSMG0=
-3,-55,aIS+Vg5njLoreeMgISiw26t0ReQ=,CB9g2r9Kxno3175uajpagCpHoZc=
-1,-54,aIS+Vg5njLoreeMgISiw26t0ReQ=,xhan8krj4+ysny/ElR1jcOYRbVU=
-2,-53,aIS+Vg5njLoreeMgISiw26t0ReQ=,xhan8krj4+ysny/ElR1jcOYRbVU=
-3,-54,aIS+Vg5njLoreeMgISiw26t0ReQ=,n1xwTpWKSnxu3VJAKBGJRIyLmVs=
-1,-50,aIS+Vg5njLoreeMgISiw26t0ReQ=,5J7QWQ0KLPEMg7xSp4kxElkITTI=
-1,-52,aIS+Vg5njLoreeMgISiw26t0ReQ=,xVcI3vk4owoL8BJUcR/EQgJSMG0=
-1,-53,aIS+Vg5njLoreeMgISiw26t0ReQ=,xhan8krj4+ysny/ElR1jcOYRbVU=
-3,-53,aIS+Vg5njLoreeMgISiw26t0ReQ=,n1xwTpWKSnxu3VJAKBGJRIyLmVs=
-3,-60,aIS+Vg5njLoreeMgISiw26t0ReQ=,gS3YLI54YgABcfpBwAJJViRvPjI=
-2,-54,aIS+Vg5njLoreeMgISiw26t0ReQ=,xhan8krj4+ysny/ElR1jcOYRbVU=
-3,-61,aIS+Vg5njLoreeMgISiw26t0ReQ=,4Z9cz9YIreDEa/oHDAsJB8IhLbM=
-8,-58,aIS+Vg5njLoreeMgISiw26t0ReQ=,FlOl0xawWjzc0zaoINiG5gCW0oU=
-8,-59,aIS+Vg5njLoreeMgISiw26t0ReQ=,+0hzHW516O/nCCUsTmYz7C9OEuE=
-3,-59,aIS+Vg5njLoreeMgISiw26t0ReQ=,gS3YLI54YgABcfpBwAJJViRvPjI=
-8,-56,aIS+Vg5njLoreeMgISiw26t0ReQ=,wll7mIKL6L2AoQlZonWTSiYYYp8=
-3,-56,aIS+Vg5njLoreeMgISiw26t0ReQ=,CB9g2r9Kxno3175uajpagCpHoZc=
-4,-53,aIS+Vg5njLoreeMgISiw26t0ReQ=,n1xwTpWKSnxu3VJAKBGJRIyLmVs=
-8,-60,aIS+Vg5njLoreeMgISiw26t0ReQ=,+0hzHW516O/nCCUsTmYz7C9OEuE=
-8,-57,aIS+Vg5njLoreeMgISiw26t0ReQ=,FlOl0xawWjzc0zaoINiG5gCW0oU=
-8,-55,aIS+Vg5njLoreeMgISiw26t0ReQ=,wll7mIKL6L2AoQlZonWTSiYYYp8=
-15,-50,aIS+Vg5njLoreeMgISiw26t0ReQ=,ZeHSzaQzsaq7aVR3sUc3WcD7vcw=
-15,-49,aIS+Vg5njLoreeMgISiw26t0ReQ=,ZeHSzaQzsaq7aVR3sUc3WcD7vcw=
-16,-50,aIS+Vg5njLoreeMgISiw26t0ReQ=,ZeHSzaQzsaq7aVR3sUc3WcD7vcw=
-16,-49,aIS+Vg5njLoreeMgISiw26t0ReQ=,ZeHSzaQzsaq7aVR3sUc3WcD7vcw=
-3,-62,aIS+Vg5njLoreeMgISiw26t0ReQ=,4Z9cz9YIreDEa/oHDAsJB8IhLbM=
-3,-64,aIS+Vg5njLoreeMgISiw26t0ReQ=,uynYk5uzC0BSPrT1KT6Ckt+sByo=
-3,-63,aIS+Vg5njLoreeMgISiw26t0ReQ=,uynYk5uzC0BSPrT1KT6Ckt+sByo=
-6,-64,aIS+Vg5njLoreeMgISiw26t0ReQ=,NGyA8hYvqzwenvzVudx7pJYaRb0=
-4,-62,aIS+Vg5njLoreeMgISiw26t0ReQ=,4Z9cz9YIreDEa/oHDAsJB8IhLbM=
-6,-63,aIS+Vg5njLoreeMgISiw26t0ReQ=,NGyA8hYvqzwenvzVudx7pJYaRb0=
-6,-62,aIS+Vg5njLoreeMgISiw26t0ReQ=,6ueXCR3zulBCoETOQnwG/4USUOs=
-5,-64,aIS+Vg5njLoreeMgISiw26t0ReQ=,NGyA8hYvqzwenvzVudx7pJYaRb0=
-4,-64,aIS+Vg5njLoreeMgISiw26t0ReQ=,uynYk5uzC0BSPrT1KT6Ckt+sByo=
-5,-62,aIS+Vg5njLoreeMgISiw26t0ReQ=,6ueXCR3zulBCoETOQnwG/4USUOs=
-4,-63,aIS+Vg5njLoreeMgISiw26t0ReQ=,uynYk5uzC0BSPrT1KT6Ckt+sByo=
-5,-63,aIS+Vg5njLoreeMgISiw26t0ReQ=,NGyA8hYvqzwenvzVudx7pJYaRb0=
-18,-50,qgL5WPW3eLHz8d6NEMJWA85D+1A=,gXjk7uifJ+uldeFYwu3AqUyse94=
-17,-49,qgL5WPW3eLHz8d6NEMJWA85D+1A=,gXjk7uifJ+uldeFYwu3AqUyse94=
-17,-50,qgL5WPW3eLHz8d6NEMJWA85D+1A=,gXjk7uifJ+uldeFYwu3AqUyse94=
-18,-49,qgL5WPW3eLHz8d6NEMJWA85D+1A=,gXjk7uifJ+uldeFYwu3AqUyse94=
-18,-48,qgL5WPW3eLHz8d6NEMJWA85D+1A=,dwe3emheKWkFteNzGhiMzSq11OE=
-32,-34,qgL5WPW3eLHz8d6NEMJWA85D+1A=,Jx/bTUyy3bu61VxggMKKALRq08o=
-18,-47,qgL5WPW3eLHz8d6NEMJWA85D+1A=,dwe3emheKWkFteNzGhiMzSq11OE=
-18,-46,qgL5WPW3eLHz8d6NEMJWA85D+1A=,kFvP9GdmeO6AgzPZq3BcMxfBTZM=
-31,-34,qgL5WPW3eLHz8d6NEMJWA85D+1A=,Jx/bTUyy3bu61VxggMKKALRq08o=
-17,-46,qgL5WPW3eLHz8d6NEMJWA85D+1A=,kFvP9GdmeO6AgzPZq3BcMxfBTZM=
-17,-47,qgL5WPW3eLHz8d6NEMJWA85D+1A=,dwe3emheKWkFteNzGhiMzSq11OE=
-18,-44,qgL5WPW3eLHz8d6NEMJWA85D+1A=,SEdAOQXkcQe415TkajWvbXhSVHg=
-18,-45,qgL5WPW3eLHz8d6NEMJWA85D+1A=,kFvP9GdmeO6AgzPZq3BcMxfBTZM=
-31,-33,qgL5WPW3eLHz8d6NEMJWA85D+1A=,Jx/bTUyy3bu61VxggMKKALRq08o=
-18,-43,qgL5WPW3eLHz8d6NEMJWA85D+1A=,SEdAOQXkcQe415TkajWvbXhSVHg=
-17,-48,qgL5WPW3eLHz8d6NEMJWA85D+1A=,dwe3emheKWkFteNzGhiMzSq11OE=
-32,-33,qgL5WPW3eLHz8d6NEMJWA85D+1A=,Jx/bTUyy3bu61VxggMKKALRq08o=
-17,-43,qgL5WPW3eLHz8d6NEMJWA85D+1A=,SEdAOQXkcQe415TkajWvbXhSVHg=
-17,-44,qgL5WPW3eLHz8d6NEMJWA85D+1A=,SEdAOQXkcQe415TkajWvbXhSVHg=
-17,-45,qgL5WPW3eLHz8d6NEMJWA85D+1A=,kFvP9GdmeO6AgzPZq3BcMxfBTZM=
