-191,-255,nOYHOMhnLg1JfVF11nU1sT24R68=,J6y0nn/Z9gLySiluDvsQQRTny40=
-178,-256,nOYHOMhnLg1JfVF11nU1sT24R68=,J6y0nn/Z9gLySiluDvsQQRTny40=
-177,-256,nOYHOMhnLg1JfVF11nU1sT24R68=,J6y0nn/Z9gLySiluDvsQQRTny40=
-179,-256,nOYHOMhnLg1JfVF11nU1sT24R68=,J6y0nn/Z9gLySiluDvsQQRTny40=
-180,-256,nOYHOMhnLg1JfVF11nU1sT24R68=,J6y0nn/Z9gLySiluDvsQQRTny40=
-181,-256,nOYHOMhnLg1JfVF11nU1sT24R68=,J6y0nn/Z9gLySiluDvsQQRTny40=
-183,-256,nOYHOMhnLg1JfVF11nU1sT24R68=,J6y0nn/Z9gLySiluDvsQQRTny40=
-184,-256,nOYHOMhnLg1JfVF11nU1sT24R68=,J6y0nn/Z9gLySiluDvsQQRTny40=
-185,-256,nOYHOMhnLg1JfVF11nU1sT24R68=,J6y0nn/Z9gLySiluDvsQQRTny40=
-186,-256,nOYHOMhnLg1JfVF11nU1sT24R68=,J6y0nn/Z9gLySiluDvsQQRTny40=
-182,-256,nOYHOMhnLg1JfVF11nU1sT24R68=,J6y0nn/Z9gLySiluDvsQQRTny40=
-187,-256,nOYHOMhnLg1JfVF11nU1sT24R68=,J6y0nn/Z9gLySiluDvsQQRTny40=
-189,-256,nOYHOMhnLg1JfVF11nU1sT24R68=,J6y0nn/Z9gLySiluDvsQQRTny40=
-190,-256,nOYHOMhnLg1JfVF11nU1sT24R68=,J6y0nn/Z9gLySiluDvsQQRTny40=
-188,-256,nOYHOMhnLg1JfVF11nU1sT24R68=,J6y0nn/Z9gLySiluDvsQQRTny40=
-192,-256,nOYHOMhnLg1JfVF11nU1sT24R68=,J6y0nn/Z9gLySiluDvsQQRTny40=
-179,-241,nOYHOMhnLg1JfVF11nU1sT24R68=,J6y0nn/Z9gLySiluDvsQQRTny40=
-178,-241,nOYHOMhnLg1JfVF11nU1sT24R68=,J6y0nn/Z9gLySiluDvsQQRTny40=
-190,-255,nOYHOMhnLg1JfVF11nU1sT24R68=,J6y0nn/Z9gLySiluDvsQQRTny40=
-181,-241,nOYHOMhnLg1JfVF11nU1sT24R68=,J6y0nn/Z9gLySiluDvsQQRTny40=
-191,-256,nOYHOMhnLg1JfVF11nU1sT24R68=,J6y0nn/Z9gLySiluDvsQQRTny40=
-182,-241,nOYHOMhnLg1JfVF11nU1sT24R68=,J6y0nn/Z9gLySiluDvsQQRTny40=
-180,-241,nOYHOMhnLg1JfVF11nU1sT24R68=,J6y0nn/Z9gLySiluDvsQQRTny40=
-183,-241,nOYHOMhnLg1JfVF11nU1sT24R68=,J6y0nn/Z9gLySiluDvsQQRTny40=
-185,-241,nOYHOMhnLg1JfVF11nU1sT24R68=,J6y0nn/Z9gLySiluDvsQQRTny40=
-184,-241,nOYHOMhnLg1JfVF11nU1sT24R68=,J6y0nn/Z9gLySiluDvsQQRTny40=
-186,-241,nOYHOMhnLg1JfVF11nU1sT24R68=,J6y0nn/Z9gLySiluDvsQQRTny40=
-189,-255,nOYHOMhnLg1JfVF11nU1sT24R68=,J6y0nn/Z9gLySiluDvsQQRTny40=
-187,-241,nOYHOMhnLg1JfVF11nU1sT24R68=,J6y0nn/Z9gLySiluDvsQQRTny40=
-188,-241,nOYHOMhnLg1JfVF11nU1sT24R68=,J6y0nn/Z9gLySiluDvsQQRTny40=
-189,-241,nOYHOMhnLg1JfVF11nU1sT24R68=,J6y0nn/Z9gLySiluDvsQQRTny40=
-190,-241,nOYHOMhnLg1JfVF11nU1sT24R68=,J6y0nn/Z9gLySiluDvsQQRTny40=
-188,-255,nOYHOMhnLg1JfVF11nU1sT24R68=,J6y0nn/Z9gLySiluDvsQQRTny40=
-177,-242,nOYHOMhnLg1JfVF11nU1sT24R68=,J6y0nn/Z9gLySiluDvsQQRTny40=
-191,-241,nOYHOMhnLg1JfVF11nU1sT24R68=,J6y0nn/Z9gLySiluDvsQQRTny40=
-187,-255,nOYHOMhnLg1JfVF11nU1sT24R68=,J6y0nn/Z9gLySiluDvsQQRTny40=
-192,-241,nOYHOMhnLg1JfVF11nU1sT24R68=,J6y0nn/Z9gLySiluDvsQQRTny40=
-180,-242,nOYHOMhnLg1JfVF11nU1sT24R68=,J6y0nn/Z9gLySiluDvsQQRTny40=
-179,-242,nOYHOMhnLg1JfVF11nU1sT24R68=,J6y0nn/Z9gLySiluDvsQQRTny40=
-186,-255,nOYHOMhnLg1JfVF11nU1sT24R68=,J6y0nn/Z9gLySiluDvsQQRTny40=
-178,-242,nOYHOMhnLg1JfVF11nU1sT24R68=,J6y0nn/Z9gLySiluDvsQQRTny40=
-182,-242,nOYHOMhnLg1JfVF11nU1sT24R68=,J6y0nn/Z9gLySiluDvsQQRTny40=
-181,-242,nOYHOMhnLg1JfVF11nU1sT24R68=,J6y0nn/Z9gLySiluDvsQQRTny40=
-183,-242,nOYHOMhnLg1JfVF11nU1sT24R68=,J6y0nn/Z9gLySiluDvsQQRTny40=
-184,-242,nOYHOMhnLg1JfVF11nU1sT24R68=,J6y0nn/Z9gLySiluDvsQQRTny40=
-186,-242,nOYHOMhnLg1JfVF11nU1sT24R68=,J6y0nn/Z9gLySiluDvsQQRTny40=
-185,-255,nOYHOMhnLg1JfVF11nU1sT24R68=,J6y0nn/Z9gLySiluDvsQQRTny40=
-185,-242,nOYHOMhnLg1JfVF11nU1sT24R68=,J6y0nn/Z9gLySiluDvsQQRTny40=
-184,-255,nOYHOMhnLg1JfVF11nU1sT24R68=,J6y0nn/Z9gLySiluDvsQQRTny40=
-187,-242,nOYHOMhnLg1JfVF11nU1sT24R68=,J6y0nn/Z9gLySiluDvsQQRTny40=
-189,-242,nOYHOMhnLg1JfVF11nU1sT24R68=,J6y0nn/Z9gLySiluDvsQQRTny40=
-188,-242,nOYHOMhnLg1JfVF11nU1sT24R68=,J6y0nn/Z9gLySiluDvsQQRTny40=
-190,-242,nOYHOMhnLg1JfVF11nU1sT24R68=,J6y0nn/Z9gLySiluDvsQQRTny40=
-191,-242,nOYHOMhnLg1JfVF11nU1sT24R68=,J6y0nn/Z9gLySiluDvsQQRTny40=
-192,-242,nOYHOMhnLg1JfVF11nU1sT24R68=,J6y0nn/Z9gLySiluDvsQQRTny40=
-183,-255,nOYHOMhnLg1JfVF11nU1sT24R68=,J6y0nn/Z9gLySiluDvsQQRTny40=
-178,-243,nOYHOMhnLg1JfVF11nU1sT24R68=,J6y0nn/Z9gLySiluDvsQQRTny40=
-182,-255,nOYHOMhnLg1JfVF11nU1sT24R68=,J6y0nn/Z9gLySiluDvsQQRTny40=
-179,-243,nOYHOMhnLg1JfVF11nU1sT24R68=,J6y0nn/Z9gLySiluDvsQQRTny40=
-180,-243,nOYHOMhnLg1JfVF11nU1sT24R68=,J6y0nn/Z9gLySiluDvsQQRTny40=
-182,-243,nOYHOMhnLg1JfVF11nU1sT24R68=,J6y0nn/Z9gLySiluDvsQQRTny40=
-177,-243,nOYHOMhnLg1JfVF11nU1sT24R68=,J6y0nn/Z9gLySiluDvsQQRTny40=
-181,-255,nOYHOMhnLg1JfVF11nU1sT24R68=,J6y0nn/Z9gLySiluDvsQQRTny40=
-183,-243,nOYHOMhnLg1JfVF11nU1sT24R68=,J6y0nn/Z9gLySiluDvsQQRTny40=
-184,-243,nOYHOMhnLg1JfVF11nU1sT24R68=,J6y0nn/Z9gLySiluDvsQQRTny40=
-180,-255,nOYHOMhnLg1JfVF11nU1sT24R68=,J6y0nn/Z9gLySiluDvsQQRTny40=
-185,-243,nOYHOMhnLg1JfVF11nU1sT24R68=,J6y0nn/Z9gLySiluDvsQQRTny40=
-186,-243,nOYHOMhnLg1JfVF11nU1sT24R68=,J6y0nn/Z9gLySiluDvsQQRTny40=
-187,-243,nOYHOMhnLg1JfVF11nU1sT24R68=,J6y0nn/Z9gLySiluDvsQQRTny40=
-179,-255,nOYHOMhnLg1JfVF11nU1sT24R68=,J6y0nn/Z9gLySiluDvsQQRTny40=
-188,-243,nOYHOMhnLg1JfVF11nU1sT24R68=,J6y0nn/Z9gLySiluDvsQQRTny40=
-190,-243,nOYHOMhnLg1JfVF11nU1sT24R68=,J6y0nn/Z9gLySiluDvsQQRTny40=
-189,-243,nOYHOMhnLg1JfVF11nU1sT24R68=,J6y0nn/Z9gLySiluDvsQQRTny40=
-192,-243,nOYHOMhnLg1JfVF11nU1sT24R68=,J6y0nn/Z9gLySiluDvsQQRTny40=
-178,-255,nOYHOMhnLg1JfVF11nU1sT24R68=,J6y0nn/Z9gLySiluDvsQQRTny40=
-191,-243,nOYHOMhnLg1JfVF11nU1sT24R68=,J6y0nn/Z9gLySiluDvsQQRTny40=
-177,-255,nOYHOMhnLg1JfVF11nU1sT24R68=,J6y0nn/Z9gLySiluDvsQQRTny40=
-177,-244,nOYHOMhnLg1JfVF11nU1sT24R68=,J6y0nn/Z9gLySiluDvsQQRTny40=
-179,-244,nOYHOMhnLg1JfVF11nU1sT24R68=,J6y0nn/Z9gLySiluDvsQQRTny40=
-181,-244,nOYHOMhnLg1JfVF11nU1sT24R68=,J6y0nn/Z9gLySiluDvsQQRTny40=
-192,-255,nOYHOMhnLg1JfVF11nU1sT24R68=,J6y0nn/Z9gLySiluDvsQQRTny40=
-185,-244,nOYHOMhnLg1JfVF11nU1sT24R68=,J6y0nn/Z9gLySiluDvsQQRTny40=
-186,-244,nOYHOMhnLg1JfVF11nU1sT24R68=,J6y0nn/Z9gLySiluDvsQQRTny40=
-187,-244,nOYHOMhnLg1JfVF11nU1sT24R68=,J6y0nn/Z9gLySiluDvsQQRTny40=
-188,-244,nOYHOMhnLg1JfVF11nU1sT24R68=,J6y0nn/Z9gLySiluDvsQQRTny40=
-189,-244,nOYHOMhnLg1JfVF11nU1sT24R68=,J6y0nn/Z9gLySiluDvsQQRTny40=
-190,-244,nOYHOMhnLg1JfVF11nU1sT24R68=,J6y0nn/Z9gLySiluDvsQQRTny40=
-191,-244,nOYHOMhnLg1JfVF11nU1sT24R68=,J6y0nn/Z9gLySiluDvsQQRTny40=
-192,-244,nOYHOMhnLg1JfVF11nU1sT24R68=,J6y0nn/Z9gLySiluDvsQQRTny40=
-180,-244,nOYHOMhnLg1JfVF11nU1sT24R68=,J6y0nn/Z9gLySiluDvsQQRTny40=
-192,-254,nOYHOMhnLg1JfVF11nU1sT24R68=,J6y0nn/Z9gLySiluDvsQQRTny40=
-191,-254,nOYHOMhnLg1JfVF11nU1sT24R68=,J6y0nn/Z9gLySiluDvsQQRTny40=
-178,-244,nOYHOMhnLg1JfVF11nU1sT24R68=,J6y0nn/Z9gLySiluDvsQQRTny40=
-179,-245,nOYHOMhnLg1JfVF11nU1sT24R68=,J6y0nn/Z9gLySiluDvsQQRTny40=
-180,-245,nOYHOMhnLg1JfVF11nU1sT24R68=,J6y0nn/Z9gLySiluDvsQQRTny40=
-178,-245,nOYHOMhnLg1JfVF11nU1sT24R68=,J6y0nn/Z9gLySiluDvsQQRTny40=
-190,-254,nOYHOMhnLg1JfVF11nU1sT24R68=,J6y0nn/Z9gLySiluDvsQQRTny40=
-177,-245,nOYHOMhnLg1JfVF11nU1sT24R68=,J6y0nn/Z9gLySiluDvsQQRTny40=
-189,-254,nOYHOMhnLg1JfVF11nU1sT24R68=,J6y0nn/Z9gLySiluDvsQQRTny40=
-182,-244,nOYHOMhnLg1JfVF11nU1sT24R68=,J6y0nn/Z9gLySiluDvsQQRTny40=
-188,-254,nOYHOMhnLg1JfVF11nU1sT24R68=,J6y0nn/Z9gLySiluDvsQQRTny40=
-187,-254,nOYHOMhnLg1JfVF11nU1sT24R68=,J6y0nn/Z9gLySiluDvsQQRTny40=
-186,-254,nOYHOMhnLg1JfVF11nU1sT24R68=,J6y0nn/Z9gLySiluDvsQQRTny40=
-185,-254,nOYHOMhnLg1JfVF11nU1sT24R68=,J6y0nn/Z9gLySiluDvsQQRTny40=
-184,-254,nOYHOMhnLg1JfVF11nU1sT24R68=,J6y0nn/Z9gLySiluDvsQQRTny40=
-183,-254,nOYHOMhnLg1JfVF11nU1sT24R68=,J6y0nn/Z9gLySiluDvsQQRTny40=
-182,-254,nOYHOMhnLg1JfVF11nU1sT24R68=,J6y0nn/Z9gLySiluDvsQQRTny40=
-181,-254,nOYHOMhnLg1JfVF11nU1sT24R68=,J6y0nn/Z9gLySiluDvsQQRTny40=
-179,-254,nOYHOMhnLg1JfVF11nU1sT24R68=,J6y0nn/Z9gLySiluDvsQQRTny40=
-180,-254,nOYHOMhnLg1JfVF11nU1sT24R68=,J6y0nn/Z9gLySiluDvsQQRTny40=
-178,-254,nOYHOMhnLg1JfVF11nU1sT24R68=,J6y0nn/Z9gLySiluDvsQQRTny40=
-177,-254,nOYHOMhnLg1JfVF11nU1sT24R68=,J6y0nn/Z9gLySiluDvsQQRTny40=
-192,-253,nOYHOMhnLg1JfVF11nU1sT24R68=,J6y0nn/Z9gLySiluDvsQQRTny40=
-191,-253,nOYHOMhnLg1JfVF11nU1sT24R68=,J6y0nn/Z9gLySiluDvsQQRTny40=
-190,-253,nOYHOMhnLg1JfVF11nU1sT24R68=,J6y0nn/Z9gLySiluDvsQQRTny40=
-189,-253,nOYHOMhnLg1JfVF11nU1sT24R68=,J6y0nn/Z9gLySiluDvsQQRTny40=
-188,-253,nOYHOMhnLg1JfVF11nU1sT24R68=,J6y0nn/Z9gLySiluDvsQQRTny40=
-187,-253,nOYHOMhnLg1JfVF11nU1sT24R68=,J6y0nn/Z9gLySiluDvsQQRTny40=
-186,-253,nOYHOMhnLg1JfVF11nU1sT24R68=,J6y0nn/Z9gLySiluDvsQQRTny40=
-185,-253,nOYHOMhnLg1JfVF11nU1sT24R68=,J6y0nn/Z9gLySiluDvsQQRTny40=
-184,-253,nOYHOMhnLg1JfVF11nU1sT24R68=,J6y0nn/Z9gLySiluDvsQQRTny40=
-183,-253,nOYHOMhnLg1JfVF11nU1sT24R68=,J6y0nn/Z9gLySiluDvsQQRTny40=
-182,-253,nOYHOMhnLg1JfVF11nU1sT24R68=,J6y0nn/Z9gLySiluDvsQQRTny40=
-181,-253,nOYHOMhnLg1JfVF11nU1sT24R68=,J6y0nn/Z9gLySiluDvsQQRTny40=
-180,-253,nOYHOMhnLg1JfVF11nU1sT24R68=,J6y0nn/Z9gLySiluDvsQQRTny40=
-179,-253,nOYHOMhnLg1JfVF11nU1sT24R68=,J6y0nn/Z9gLySiluDvsQQRTny40=
-178,-253,nOYHOMhnLg1JfVF11nU1sT24R68=,J6y0nn/Z9gLySiluDvsQQRTny40=
-177,-253,nOYHOMhnLg1JfVF11nU1sT24R68=,J6y0nn/Z9gLySiluDvsQQRTny40=
-192,-252,nOYHOMhnLg1JfVF11nU1sT24R68=,J6y0nn/Z9gLySiluDvsQQRTny40=
-191,-252,nOYHOMhnLg1JfVF11nU1sT24R68=,J6y0nn/Z9gLySiluDvsQQRTny40=
-181,-245,nOYHOMhnLg1JfVF11nU1sT24R68=,J6y0nn/Z9gLySiluDvsQQRTny40=
-177,-241,nOYHOMhnLg1JfVF11nU1sT24R68=,J6y0nn/Z9gLySiluDvsQQRTny40=
-187,-245,nOYHOMhnLg1JfVF11nU1sT24R68=,J6y0nn/Z9gLySiluDvsQQRTny40=
-188,-245,nOYHOMhnLg1JfVF11nU1sT24R68=,J6y0nn/Z9gLySiluDvsQQRTny40=
-189,-245,nOYHOMhnLg1JfVF11nU1sT24R68=,J6y0nn/Z9gLySiluDvsQQRTny40=
-190,-245,nOYHOMhnLg1JfVF11nU1sT24R68=,J6y0nn/Z9gLySiluDvsQQRTny40=
-191,-245,nOYHOMhnLg1JfVF11nU1sT24R68=,J6y0nn/Z9gLySiluDvsQQRTny40=
-192,-245,nOYHOMhnLg1JfVF11nU1sT24R68=,J6y0nn/Z9gLySiluDvsQQRTny40=
-185,-245,nOYHOMhnLg1JfVF11nU1sT24R68=,J6y0nn/Z9gLySiluDvsQQRTny40=
-178,-246,nOYHOMhnLg1JfVF11nU1sT24R68=,J6y0nn/Z9gLySiluDvsQQRTny40=
-179,-246,nOYHOMhnLg1JfVF11nU1sT24R68=,J6y0nn/Z9gLySiluDvsQQRTny40=
-180,-246,nOYHOMhnLg1JfVF11nU1sT24R68=,J6y0nn/Z9gLySiluDvsQQRTny40=
-182,-245,nOYHOMhnLg1JfVF11nU1sT24R68=,J6y0nn/Z9gLySiluDvsQQRTny40=
-183,-244,nOYHOMhnLg1JfVF11nU1sT24R68=,J6y0nn/Z9gLySiluDvsQQRTny40=
-177,-246,nOYHOMhnLg1JfVF11nU1sT24R68=,J6y0nn/Z9gLySiluDvsQQRTny40=
-184,-245,nOYHOMhnLg1JfVF11nU1sT24R68=,J6y0nn/Z9gLySiluDvsQQRTny40=
-184,-244,nOYHOMhnLg1JfVF11nU1sT24R68=,J6y0nn/Z9gLySiluDvsQQRTny40=
-190,-252,nOYHOMhnLg1JfVF11nU1sT24R68=,J6y0nn/Z9gLySiluDvsQQRTny40=
-185,-246,nOYHOMhnLg1JfVF11nU1sT24R68=,J6y0nn/Z9gLySiluDvsQQRTny40=
-187,-246,nOYHOMhnLg1JfVF11nU1sT24R68=,J6y0nn/Z9gLySiluDvsQQRTny40=
-188,-246,nOYHOMhnLg1JfVF11nU1sT24R68=,J6y0nn/Z9gLySiluDvsQQRTny40=
-189,-246,nOYHOMhnLg1JfVF11nU1sT24R68=,J6y0nn/Z9gLySiluDvsQQRTny40=
-190,-246,nOYHOMhnLg1JfVF11nU1sT24R68=,J6y0nn/Z9gLySiluDvsQQRTny40=
-191,-246,nOYHOMhnLg1JfVF11nU1sT24R68=,J6y0nn/Z9gLySiluDvsQQRTny40=
-192,-246,nOYHOMhnLg1JfVF11nU1sT24R68=,J6y0nn/Z9gLySiluDvsQQRTny40=
-177,-247,nOYHOMhnLg1JfVF11nU1sT24R68=,J6y0nn/Z9gLySiluDvsQQRTny40=
-178,-247,nOYHOMhnLg1JfVF11nU1sT24R68=,J6y0nn/Z9gLySiluDvsQQRTny40=
-179,-247,nOYHOMhnLg1JfVF11nU1sT24R68=,J6y0nn/Z9gLySiluDvsQQRTny40=
-180,-247,nOYHOMhnLg1JfVF11nU1sT24R68=,J6y0nn/Z9gLySiluDvsQQRTny40=
-181,-247,nOYHOMhnLg1JfVF11nU1sT24R68=,J6y0nn/Z9gLySiluDvsQQRTny40=
-183,-246,nOYHOMhnLg1JfVF11nU1sT24R68=,J6y0nn/Z9gLySiluDvsQQRTny40=
-183,-247,nOYHOMhnLg1JfVF11nU1sT24R68=,J6y0nn/Z9gLySiluDvsQQRTny40=
-184,-246,nOYHOMhnLg1JfVF11nU1sT24R68=,J6y0nn/Z9gLySiluDvsQQRTny40=
-184,-247,nOYHOMhnLg1JfVF11nU1sT24R68=,J6y0nn/Z9gLySiluDvsQQRTny40=
-183,-245,nOYHOMhnLg1JfVF11nU1sT24R68=,J6y0nn/Z9gLySiluDvsQQRTny40=
-187,-247,nOYHOMhnLg1JfVF11nU1sT24R68=,J6y0nn/Z9gLySiluDvsQQRTny40=
-188,-247,nOYHOMhnLg1JfVF11nU1sT24R68=,J6y0nn/Z9gLySiluDvsQQRTny40=
-189,-247,nOYHOMhnLg1JfVF11nU1sT24R68=,J6y0nn/Z9gLySiluDvsQQRTny40=
-190,-247,nOYHOMhnLg1JfVF11nU1sT24R68=,J6y0nn/Z9gLySiluDvsQQRTny40=
-191,-247,nOYHOMhnLg1JfVF11nU1sT24R68=,J6y0nn/Z9gLySiluDvsQQRTny40=
-192,-247,nOYHOMhnLg1JfVF11nU1sT24R68=,J6y0nn/Z9gLySiluDvsQQRTny40=
-177,-248,nOYHOMhnLg1JfVF11nU1sT24R68=,J6y0nn/Z9gLySiluDvsQQRTny40=
-178,-248,nOYHOMhnLg1JfVF11nU1sT24R68=,J6y0nn/Z9gLySiluDvsQQRTny40=
-179,-248,nOYHOMhnLg1JfVF11nU1sT24R68=,J6y0nn/Z9gLySiluDvsQQRTny40=
-180,-248,nOYHOMhnLg1JfVF11nU1sT24R68=,J6y0nn/Z9gLySiluDvsQQRTny40=
-181,-248,nOYHOMhnLg1JfVF11nU1sT24R68=,J6y0nn/Z9gLySiluDvsQQRTny40=
-182,-248,nOYHOMhnLg1JfVF11nU1sT24R68=,J6y0nn/Z9gLySiluDvsQQRTny40=
-183,-248,nOYHOMhnLg1JfVF11nU1sT24R68=,J6y0nn/Z9gLySiluDvsQQRTny40=
-184,-248,nOYHOMhnLg1JfVF11nU1sT24R68=,J6y0nn/Z9gLySiluDvsQQRTny40=
-182,-246,nOYHOMhnLg1JfVF11nU1sT24R68=,J6y0nn/Z9gLySiluDvsQQRTny40=
-185,-248,nOYHOMhnLg1JfVF11nU1sT24R68=,J6y0nn/Z9gLySiluDvsQQRTny40=
-187,-248,nOYHOMhnLg1JfVF11nU1sT24R68=,J6y0nn/Z9gLySiluDvsQQRTny40=
-188,-248,nOYHOMhnLg1JfVF11nU1sT24R68=,J6y0nn/Z9gLySiluDvsQQRTny40=
-189,-248,nOYHOMhnLg1JfVF11nU1sT24R68=,J6y0nn/Z9gLySiluDvsQQRTny40=
-190,-248,nOYHOMhnLg1JfVF11nU1sT24R68=,J6y0nn/Z9gLySiluDvsQQRTny40=
-191,-248,nOYHOMhnLg1JfVF11nU1sT24R68=,J6y0nn/Z9gLySiluDvsQQRTny40=
-192,-248,nOYHOMhnLg1JfVF11nU1sT24R68=,J6y0nn/Z9gLySiluDvsQQRTny40=
-177,-249,nOYHOMhnLg1JfVF11nU1sT24R68=,J6y0nn/Z9gLySiluDvsQQRTny40=
-178,-249,nOYHOMhnLg1JfVF11nU1sT24R68=,J6y0nn/Z9gLySiluDvsQQRTny40=
-179,-249,nOYHOMhnLg1JfVF11nU1sT24R68=,J6y0nn/Z9gLySiluDvsQQRTny40=
-180,-249,nOYHOMhnLg1JfVF11nU1sT24R68=,J6y0nn/Z9gLySiluDvsQQRTny40=
-181,-249,nOYHOMhnLg1JfVF11nU1sT24R68=,J6y0nn/Z9gLySiluDvsQQRTny40=
-182,-249,nOYHOMhnLg1JfVF11nU1sT24R68=,J6y0nn/Z9gLySiluDvsQQRTny40=
-183,-249,nOYHOMhnLg1JfVF11nU1sT24R68=,J6y0nn/Z9gLySiluDvsQQRTny40=
-184,-249,nOYHOMhnLg1JfVF11nU1sT24R68=,J6y0nn/Z9gLySiluDvsQQRTny40=
-185,-249,nOYHOMhnLg1JfVF11nU1sT24R68=,J6y0nn/Z9gLySiluDvsQQRTny40=
-186,-249,nOYHOMhnLg1JfVF11nU1sT24R68=,J6y0nn/Z9gLySiluDvsQQRTny40=
-187,-249,nOYHOMhnLg1JfVF11nU1sT24R68=,J6y0nn/Z9gLySiluDvsQQRTny40=
-188,-249,nOYHOMhnLg1JfVF11nU1sT24R68=,J6y0nn/Z9gLySiluDvsQQRTny40=
-189,-249,nOYHOMhnLg1JfVF11nU1sT24R68=,J6y0nn/Z9gLySiluDvsQQRTny40=
-190,-249,nOYHOMhnLg1JfVF11nU1sT24R68=,J6y0nn/Z9gLySiluDvsQQRTny40=
-192,-249,nOYHOMhnLg1JfVF11nU1sT24R68=,J6y0nn/Z9gLySiluDvsQQRTny40=
-191,-249,nOYHOMhnLg1JfVF11nU1sT24R68=,J6y0nn/Z9gLySiluDvsQQRTny40=
-177,-250,nOYHOMhnLg1JfVF11nU1sT24R68=,J6y0nn/Z9gLySiluDvsQQRTny40=
-178,-250,nOYHOMhnLg1JfVF11nU1sT24R68=,J6y0nn/Z9gLySiluDvsQQRTny40=
-179,-250,nOYHOMhnLg1JfVF11nU1sT24R68=,J6y0nn/Z9gLySiluDvsQQRTny40=
-180,-250,nOYHOMhnLg1JfVF11nU1sT24R68=,J6y0nn/Z9gLySiluDvsQQRTny40=
-181,-250,nOYHOMhnLg1JfVF11nU1sT24R68=,J6y0nn/Z9gLySiluDvsQQRTny40=
-182,-250,nOYHOMhnLg1JfVF11nU1sT24R68=,J6y0nn/Z9gLySiluDvsQQRTny40=
-183,-250,nOYHOMhnLg1JfVF11nU1sT24R68=,J6y0nn/Z9gLySiluDvsQQRTny40=
-184,-250,nOYHOMhnLg1JfVF11nU1sT24R68=,J6y0nn/Z9gLySiluDvsQQRTny40=
-185,-250,nOYHOMhnLg1JfVF11nU1sT24R68=,J6y0nn/Z9gLySiluDvsQQRTny40=
-186,-250,nOYHOMhnLg1JfVF11nU1sT24R68=,J6y0nn/Z9gLySiluDvsQQRTny40=
-188,-250,nOYHOMhnLg1JfVF11nU1sT24R68=,J6y0nn/Z9gLySiluDvsQQRTny40=
-187,-250,nOYHOMhnLg1JfVF11nU1sT24R68=,J6y0nn/Z9gLySiluDvsQQRTny40=
-189,-250,nOYHOMhnLg1JfVF11nU1sT24R68=,J6y0nn/Z9gLySiluDvsQQRTny40=
-186,-248,nOYHOMhnLg1JfVF11nU1sT24R68=,J6y0nn/Z9gLySiluDvsQQRTny40=
-191,-250,nOYHOMhnLg1JfVF11nU1sT24R68=,J6y0nn/Z9gLySiluDvsQQRTny40=
-192,-250,nOYHOMhnLg1JfVF11nU1sT24R68=,J6y0nn/Z9gLySiluDvsQQRTny40=
-177,-251,nOYHOMhnLg1JfVF11nU1sT24R68=,J6y0nn/Z9gLySiluDvsQQRTny40=
-178,-251,nOYHOMhnLg1JfVF11nU1sT24R68=,J6y0nn/Z9gLySiluDvsQQRTny40=
-179,-251,nOYHOMhnLg1JfVF11nU1sT24R68=,J6y0nn/Z9gLySiluDvsQQRTny40=
-180,-251,nOYHOMhnLg1JfVF11nU1sT24R68=,J6y0nn/Z9gLySiluDvsQQRTny40=
-181,-251,nOYHOMhnLg1JfVF11nU1sT24R68=,J6y0nn/Z9gLySiluDvsQQRTny40=
-183,-251,nOYHOMhnLg1JfVF11nU1sT24R68=,J6y0nn/Z9gLySiluDvsQQRTny40=
-182,-251,nOYHOMhnLg1JfVF11nU1sT24R68=,J6y0nn/Z9gLySiluDvsQQRTny40=
-184,-251,nOYHOMhnLg1JfVF11nU1sT24R68=,J6y0nn/Z9gLySiluDvsQQRTny40=
-185,-251,nOYHOMhnLg1JfVF11nU1sT24R68=,J6y0nn/Z9gLySiluDvsQQRTny40=
-186,-251,nOYHOMhnLg1JfVF11nU1sT24R68=,J6y0nn/Z9gLySiluDvsQQRTny40=
-187,-251,nOYHOMhnLg1JfVF11nU1sT24R68=,J6y0nn/Z9gLySiluDvsQQRTny40=
-181,-243,nOYHOMhnLg1JfVF11nU1sT24R68=,J6y0nn/Z9gLySiluDvsQQRTny40=
-186,-247,nOYHOMhnLg1JfVF11nU1sT24R68=,J6y0nn/Z9gLySiluDvsQQRTny40=
-185,-247,nOYHOMhnLg1JfVF11nU1sT24R68=,J6y0nn/Z9gLySiluDvsQQRTny40=
-191,-251,nOYHOMhnLg1JfVF11nU1sT24R68=,J6y0nn/Z9gLySiluDvsQQRTny40=
-192,-251,nOYHOMhnLg1JfVF11nU1sT24R68=,J6y0nn/Z9gLySiluDvsQQRTny40=
-177,-252,nOYHOMhnLg1JfVF11nU1sT24R68=,J6y0nn/Z9gLySiluDvsQQRTny40=
-178,-252,nOYHOMhnLg1JfVF11nU1sT24R68=,J6y0nn/Z9gLySiluDvsQQRTny40=
-180,-252,nOYHOMhnLg1JfVF11nU1sT24R68=,J6y0nn/Z9gLySiluDvsQQRTny40=
-179,-252,nOYHOMhnLg1JfVF11nU1sT24R68=,J6y0nn/Z9gLySiluDvsQQRTny40=
-181,-252,nOYHOMhnLg1JfVF11nU1sT24R68=,J6y0nn/Z9gLySiluDvsQQRTny40=
-182,-252,nOYHOMhnLg1JfVF11nU1sT24R68=,J6y0nn/Z9gLySiluDvsQQRTny40=
-183,-252,nOYHOMhnLg1JfVF11nU1sT24R68=,J6y0nn/Z9gLySiluDvsQQRTny40=
-184,-252,nOYHOMhnLg1JfVF11nU1sT24R68=,J6y0nn/Z9gLySiluDvsQQRTny40=
-185,-252,nOYHOMhnLg1JfVF11nU1sT24R68=,J6y0nn/Z9gLySiluDvsQQRTny40=
-186,-252,nOYHOMhnLg1JfVF11nU1sT24R68=,J6y0nn/Z9gLySiluDvsQQRTny40=
-187,-252,nOYHOMhnLg1JfVF11nU1sT24R68=,J6y0nn/Z9gLySiluDvsQQRTny40=
-188,-252,nOYHOMhnLg1JfVF11nU1sT24R68=,J6y0nn/Z9gLySiluDvsQQRTny40=
-181,-246,nOYHOMhnLg1JfVF11nU1sT24R68=,J6y0nn/Z9gLySiluDvsQQRTny40=
-186,-245,nOYHOMhnLg1JfVF11nU1sT24R68=,J6y0nn/Z9gLySiluDvsQQRTny40=
-186,-246,nOYHOMhnLg1JfVF11nU1sT24R68=,J6y0nn/Z9gLySiluDvsQQRTny40=
-189,-252,nOYHOMhnLg1JfVF11nU1sT24R68=,J6y0nn/Z9gLySiluDvsQQRTny40=
-182,-247,nOYHOMhnLg1JfVF11nU1sT24R68=,J6y0nn/Z9gLySiluDvsQQRTny40=
-188,-251,nOYHOMhnLg1JfVF11nU1sT24R68=,J6y0nn/Z9gLySiluDvsQQRTny40=
-190,-251,nOYHOMhnLg1JfVF11nU1sT24R68=,J6y0nn/Z9gLySiluDvsQQRTny40=
-190,-250,nOYHOMhnLg1JfVF11nU1sT24R68=,J6y0nn/Z9gLySiluDvsQQRTny40=
-189,-251,nOYHOMhnLg1JfVF11nU1sT24R68=,J6y0nn/Z9gLySiluDvsQQRTny40=
-173,-254,4svJnsvCer68zu+ebgGNRmSswQs=,J6y0nn/Z9gLySiluDvsQQRTny40=
-174,-254,4svJnsvCer68zu+ebgGNRmSswQs=,J6y0nn/Z9gLySiluDvsQQRTny40=
-174,-255,4svJnsvCer68zu+ebgGNRmSswQs=,J6y0nn/Z9gLySiluDvsQQRTny40=
-175,-255,4svJnsvCer68zu+ebgGNRmSswQs=,J6y0nn/Z9gLySiluDvsQQRTny40=
-175,-254,4svJnsvCer68zu+ebgGNRmSswQs=,J6y0nn/Z9gLySiluDvsQQRTny40=
-176,-255,4svJnsvCer68zu+ebgGNRmSswQs=,J6y0nn/Z9gLySiluDvsQQRTny40=
-175,-256,4svJnsvCer68zu+ebgGNRmSswQs=,J6y0nn/Z9gLySiluDvsQQRTny40=
-161,-255,4svJnsvCer68zu+ebgGNRmSswQs=,J6y0nn/Z9gLySiluDvsQQRTny40=
-162,-255,4svJnsvCer68zu+ebgGNRmSswQs=,J6y0nn/Z9gLySiluDvsQQRTny40=
-165,-255,4svJnsvCer68zu+ebgGNRmSswQs=,J6y0nn/Z9gLySiluDvsQQRTny40=
-176,-254,4svJnsvCer68zu+ebgGNRmSswQs=,J6y0nn/Z9gLySiluDvsQQRTny40=
-163,-255,4svJnsvCer68zu+ebgGNRmSswQs=,J6y0nn/Z9gLySiluDvsQQRTny40=
-164,-255,4svJnsvCer68zu+ebgGNRmSswQs=,J6y0nn/Z9gLySiluDvsQQRTny40=
-166,-255,4svJnsvCer68zu+ebgGNRmSswQs=,J6y0nn/Z9gLySiluDvsQQRTny40=
-167,-255,4svJnsvCer68zu+ebgGNRmSswQs=,J6y0nn/Z9gLySiluDvsQQRTny40=
-168,-255,4svJnsvCer68zu+ebgGNRmSswQs=,J6y0nn/Z9gLySiluDvsQQRTny40=
-169,-255,4svJnsvCer68zu+ebgGNRmSswQs=,J6y0nn/Z9gLySiluDvsQQRTny40=
-171,-255,4svJnsvCer68zu+ebgGNRmSswQs=,J6y0nn/Z9gLySiluDvsQQRTny40=
-170,-255,4svJnsvCer68zu+ebgGNRmSswQs=,J6y0nn/Z9gLySiluDvsQQRTny40=
-172,-255,4svJnsvCer68zu+ebgGNRmSswQs=,J6y0nn/Z9gLySiluDvsQQRTny40=
-173,-255,4svJnsvCer68zu+ebgGNRmSswQs=,J6y0nn/Z9gLySiluDvsQQRTny40=
-161,-241,4svJnsvCer68zu+ebgGNRmSswQs=,J6y0nn/Z9gLySiluDvsQQRTny40=
-176,-256,4svJnsvCer68zu+ebgGNRmSswQs=,J6y0nn/Z9gLySiluDvsQQRTny40=
-164,-241,4svJnsvCer68zu+ebgGNRmSswQs=,J6y0nn/Z9gLySiluDvsQQRTny40=
-162,-241,4svJnsvCer68zu+ebgGNRmSswQs=,J6y0nn/Z9gLySiluDvsQQRTny40=
-163,-241,4svJnsvCer68zu+ebgGNRmSswQs=,J6y0nn/Z9gLySiluDvsQQRTny40=
-165,-241,4svJnsvCer68zu+ebgGNRmSswQs=,J6y0nn/Z9gLySiluDvsQQRTny40=
-166,-241,4svJnsvCer68zu+ebgGNRmSswQs=,J6y0nn/Z9gLySiluDvsQQRTny40=
-167,-241,4svJnsvCer68zu+ebgGNRmSswQs=,J6y0nn/Z9gLySiluDvsQQRTny40=
-172,-254,4svJnsvCer68zu+ebgGNRmSswQs=,J6y0nn/Z9gLySiluDvsQQRTny40=
-168,-241,4svJnsvCer68zu+ebgGNRmSswQs=,J6y0nn/Z9gLySiluDvsQQRTny40=
-169,-241,4svJnsvCer68zu+ebgGNRmSswQs=,J6y0nn/Z9gLySiluDvsQQRTny40=
-171,-241,4svJnsvCer68zu+ebgGNRmSswQs=,J6y0nn/Z9gLySiluDvsQQRTny40=
-161,-256,4svJnsvCer68zu+ebgGNRmSswQs=,J6y0nn/Z9gLySiluDvsQQRTny40=
-173,-241,4svJnsvCer68zu+ebgGNRmSswQs=,J6y0nn/Z9gLySiluDvsQQRTny40=
-172,-241,4svJnsvCer68zu+ebgGNRmSswQs=,J6y0nn/Z9gLySiluDvsQQRTny40=
-176,-241,4svJnsvCer68zu+ebgGNRmSswQs=,J6y0nn/Z9gLySiluDvsQQRTny40=
-174,-241,4svJnsvCer68zu+ebgGNRmSswQs=,J6y0nn/Z9gLySiluDvsQQRTny40=
-161,-242,4svJnsvCer68zu+ebgGNRmSswQs=,J6y0nn/Z9gLySiluDvsQQRTny40=
-162,-242,4svJnsvCer68zu+ebgGNRmSswQs=,J6y0nn/Z9gLySiluDvsQQRTny40=
-170,-241,4svJnsvCer68zu+ebgGNRmSswQs=,J6y0nn/Z9gLySiluDvsQQRTny40=
-171,-254,4svJnsvCer68zu+ebgGNRmSswQs=,J6y0nn/Z9gLySiluDvsQQRTny40=
-163,-242,4svJnsvCer68zu+ebgGNRmSswQs=,J6y0nn/Z9gLySiluDvsQQRTny40=
-164,-242,4svJnsvCer68zu+ebgGNRmSswQs=,J6y0nn/Z9gLySiluDvsQQRTny40=
-170,-254,4svJnsvCer68zu+ebgGNRmSswQs=,J6y0nn/Z9gLySiluDvsQQRTny40=
-166,-242,4svJnsvCer68zu+ebgGNRmSswQs=,J6y0nn/Z9gLySiluDvsQQRTny40=
-165,-242,4svJnsvCer68zu+ebgGNRmSswQs=,J6y0nn/Z9gLySiluDvsQQRTny40=
-168,-242,4svJnsvCer68zu+ebgGNRmSswQs=,J6y0nn/Z9gLySiluDvsQQRTny40=
-167,-242,4svJnsvCer68zu+ebgGNRmSswQs=,J6y0nn/Z9gLySiluDvsQQRTny40=
-169,-242,4svJnsvCer68zu+ebgGNRmSswQs=,J6y0nn/Z9gLySiluDvsQQRTny40=
-170,-242,4svJnsvCer68zu+ebgGNRmSswQs=,J6y0nn/Z9gLySiluDvsQQRTny40=
-169,-254,4svJnsvCer68zu+ebgGNRmSswQs=,J6y0nn/Z9gLySiluDvsQQRTny40=
-171,-242,4svJnsvCer68zu+ebgGNRmSswQs=,J6y0nn/Z9gLySiluDvsQQRTny40=
-162,-256,4svJnsvCer68zu+ebgGNRmSswQs=,J6y0nn/Z9gLySiluDvsQQRTny40=
-174,-242,4svJnsvCer68zu+ebgGNRmSswQs=,J6y0nn/Z9gLySiluDvsQQRTny40=
-173,-242,4svJnsvCer68zu+ebgGNRmSswQs=,J6y0nn/Z9gLySiluDvsQQRTny40=
-172,-242,4svJnsvCer68zu+ebgGNRmSswQs=,J6y0nn/Z9gLySiluDvsQQRTny40=
-176,-242,4svJnsvCer68zu+ebgGNRmSswQs=,J6y0nn/Z9gLySiluDvsQQRTny40=
-175,-242,4svJnsvCer68zu+ebgGNRmSswQs=,J6y0nn/Z9gLySiluDvsQQRTny40=
-161,-243,4svJnsvCer68zu+ebgGNRmSswQs=,J6y0nn/Z9gLySiluDvsQQRTny40=
-168,-254,4svJnsvCer68zu+ebgGNRmSswQs=,J6y0nn/Z9gLySiluDvsQQRTny40=
-162,-243,4svJnsvCer68zu+ebgGNRmSswQs=,J6y0nn/Z9gLySiluDvsQQRTny40=
-163,-243,4svJnsvCer68zu+ebgGNRmSswQs=,J6y0nn/Z9gLySiluDvsQQRTny40=
-165,-243,4svJnsvCer68zu+ebgGNRmSswQs=,J6y0nn/Z9gLySiluDvsQQRTny40=
-166,-243,4svJnsvCer68zu+ebgGNRmSswQs=,J6y0nn/Z9gLySiluDvsQQRTny40=
-164,-243,4svJnsvCer68zu+ebgGNRmSswQs=,J6y0nn/Z9gLySiluDvsQQRTny40=
-167,-254,4svJnsvCer68zu+ebgGNRmSswQs=,J6y0nn/Z9gLySiluDvsQQRTny40=
-167,-243,4svJnsvCer68zu+ebgGNRmSswQs=,J6y0nn/Z9gLySiluDvsQQRTny40=
-168,-243,4svJnsvCer68zu+ebgGNRmSswQs=,J6y0nn/Z9gLySiluDvsQQRTny40=
-163,-256,4svJnsvCer68zu+ebgGNRmSswQs=,J6y0nn/Z9gLySiluDvsQQRTny40=
-169,-243,4svJnsvCer68zu+ebgGNRmSswQs=,J6y0nn/Z9gLySiluDvsQQRTny40=
-166,-254,4svJnsvCer68zu+ebgGNRmSswQs=,J6y0nn/Z9gLySiluDvsQQRTny40=
-170,-243,4svJnsvCer68zu+ebgGNRmSswQs=,J6y0nn/Z9gLySiluDvsQQRTny40=
-172,-243,4svJnsvCer68zu+ebgGNRmSswQs=,J6y0nn/Z9gLySiluDvsQQRTny40=
-174,-243,4svJnsvCer68zu+ebgGNRmSswQs=,J6y0nn/Z9gLySiluDvsQQRTny40=
-175,-243,4svJnsvCer68zu+ebgGNRmSswQs=,J6y0nn/Z9gLySiluDvsQQRTny40=
-176,-243,4svJnsvCer68zu+ebgGNRmSswQs=,J6y0nn/Z9gLySiluDvsQQRTny40=
-165,-254,4svJnsvCer68zu+ebgGNRmSswQs=,J6y0nn/Z9gLySiluDvsQQRTny40=
-173,-243,4svJnsvCer68zu+ebgGNRmSswQs=,J6y0nn/Z9gLySiluDvsQQRTny40=
-161,-244,4svJnsvCer68zu+ebgGNRmSswQs=,J6y0nn/Z9gLySiluDvsQQRTny40=
-163,-244,4svJnsvCer68zu+ebgGNRmSswQs=,J6y0nn/Z9gLySiluDvsQQRTny40=
-165,-244,4svJnsvCer68zu+ebgGNRmSswQs=,J6y0nn/Z9gLySiluDvsQQRTny40=
-162,-244,4svJnsvCer68zu+ebgGNRmSswQs=,J6y0nn/Z9gLySiluDvsQQRTny40=
-164,-254,4svJnsvCer68zu+ebgGNRmSswQs=,J6y0nn/Z9gLySiluDvsQQRTny40=
-164,-244,4svJnsvCer68zu+ebgGNRmSswQs=,J6y0nn/Z9gLySiluDvsQQRTny40=
-166,-244,4svJnsvCer68zu+ebgGNRmSswQs=,J6y0nn/Z9gLySiluDvsQQRTny40=
-167,-244,4svJnsvCer68zu+ebgGNRmSswQs=,J6y0nn/Z9gLySiluDvsQQRTny40=
-163,-254,4svJnsvCer68zu+ebgGNRmSswQs=,J6y0nn/Z9gLySiluDvsQQRTny40=
-164,-256,4svJnsvCer68zu+ebgGNRmSswQs=,J6y0nn/Z9gLySiluDvsQQRTny40=
-168,-244,4svJnsvCer68zu+ebgGNRmSswQs=,J6y0nn/Z9gLySiluDvsQQRTny40=
-169,-244,4svJnsvCer68zu+ebgGNRmSswQs=,J6y0nn/Z9gLySiluDvsQQRTny40=
-171,-244,4svJnsvCer68zu+ebgGNRmSswQs=,J6y0nn/Z9gLySiluDvsQQRTny40=
-170,-244,4svJnsvCer68zu+ebgGNRmSswQs=,J6y0nn/Z9gLySiluDvsQQRTny40=
-162,-254,4svJnsvCer68zu+ebgGNRmSswQs=,J6y0nn/Z9gLySiluDvsQQRTny40=
-172,-244,4svJnsvCer68zu+ebgGNRmSswQs=,J6y0nn/Z9gLySiluDvsQQRTny40=
-174,-244,4svJnsvCer68zu+ebgGNRmSswQs=,J6y0nn/Z9gLySiluDvsQQRTny40=
-173,-244,4svJnsvCer68zu+ebgGNRmSswQs=,J6y0nn/Z9gLySiluDvsQQRTny40=
-175,-244,4svJnsvCer68zu+ebgGNRmSswQs=,J6y0nn/Z9gLySiluDvsQQRTny40=
-161,-245,4svJnsvCer68zu+ebgGNRmSswQs=,J6y0nn/Z9gLySiluDvsQQRTny40=
-162,-245,4svJnsvCer68zu+ebgGNRmSswQs=,J6y0nn/Z9gLySiluDvsQQRTny40=
-176,-244,4svJnsvCer68zu+ebgGNRmSswQs=,J6y0nn/Z9gLySiluDvsQQRTny40=
-163,-245,4svJnsvCer68zu+ebgGNRmSswQs=,J6y0nn/Z9gLySiluDvsQQRTny40=
-165,-245,4svJnsvCer68zu+ebgGNRmSswQs=,J6y0nn/Z9gLySiluDvsQQRTny40=
-164,-245,4svJnsvCer68zu+ebgGNRmSswQs=,J6y0nn/Z9gLySiluDvsQQRTny40=
-166,-245,4svJnsvCer68zu+ebgGNRmSswQs=,J6y0nn/Z9gLySiluDvsQQRTny40=
-161,-254,4svJnsvCer68zu+ebgGNRmSswQs=,J6y0nn/Z9gLySiluDvsQQRTny40=
-167,-245,4svJnsvCer68zu+ebgGNRmSswQs=,J6y0nn/Z9gLySiluDvsQQRTny40=
-176,-253,4svJnsvCer68zu+ebgGNRmSswQs=,J6y0nn/Z9gLySiluDvsQQRTny40=
-165,-256,4svJnsvCer68zu+ebgGNRmSswQs=,J6y0nn/Z9gLySiluDvsQQRTny40=
-169,-245,4svJnsvCer68zu+ebgGNRmSswQs=,J6y0nn/Z9gLySiluDvsQQRTny40=
-168,-245,4svJnsvCer68zu+ebgGNRmSswQs=,J6y0nn/Z9gLySiluDvsQQRTny40=
-170,-245,4svJnsvCer68zu+ebgGNRmSswQs=,J6y0nn/Z9gLySiluDvsQQRTny40=
-175,-253,4svJnsvCer68zu+ebgGNRmSswQs=,J6y0nn/Z9gLySiluDvsQQRTny40=
-171,-245,4svJnsvCer68zu+ebgGNRmSswQs=,J6y0nn/Z9gLySiluDvsQQRTny40=
-172,-245,4svJnsvCer68zu+ebgGNRmSswQs=,J6y0nn/Z9gLySiluDvsQQRTny40=
-173,-245,4svJnsvCer68zu+ebgGNRmSswQs=,J6y0nn/Z9gLySiluDvsQQRTny40=
-175,-245,4svJnsvCer68zu+ebgGNRmSswQs=,J6y0nn/Z9gLySiluDvsQQRTny40=
-162,-246,4svJnsvCer68zu+ebgGNRmSswQs=,J6y0nn/Z9gLySiluDvsQQRTny40=
-174,-256,4svJnsvCer68zu+ebgGNRmSswQs=,J6y0nn/Z9gLySiluDvsQQRTny40=
-174,-245,4svJnsvCer68zu+ebgGNRmSswQs=,J6y0nn/Z9gLySiluDvsQQRTny40=
-161,-246,4svJnsvCer68zu+ebgGNRmSswQs=,J6y0nn/Z9gLySiluDvsQQRTny40=
-164,-246,4svJnsvCer68zu+ebgGNRmSswQs=,J6y0nn/Z9gLySiluDvsQQRTny40=
-163,-246,4svJnsvCer68zu+ebgGNRmSswQs=,J6y0nn/Z9gLySiluDvsQQRTny40=
-165,-246,4svJnsvCer68zu+ebgGNRmSswQs=,J6y0nn/Z9gLySiluDvsQQRTny40=
-166,-246,4svJnsvCer68zu+ebgGNRmSswQs=,J6y0nn/Z9gLySiluDvsQQRTny40=
-174,-253,4svJnsvCer68zu+ebgGNRmSswQs=,J6y0nn/Z9gLySiluDvsQQRTny40=
-167,-246,4svJnsvCer68zu+ebgGNRmSswQs=,J6y0nn/Z9gLySiluDvsQQRTny40=
-173,-253,4svJnsvCer68zu+ebgGNRmSswQs=,J6y0nn/Z9gLySiluDvsQQRTny40=
-166,-256,4svJnsvCer68zu+ebgGNRmSswQs=,J6y0nn/Z9gLySiluDvsQQRTny40=
-171,-246,4svJnsvCer68zu+ebgGNRmSswQs=,J6y0nn/Z9gLySiluDvsQQRTny40=
-169,-246,4svJnsvCer68zu+ebgGNRmSswQs=,J6y0nn/Z9gLySiluDvsQQRTny40=
-168,-246,4svJnsvCer68zu+ebgGNRmSswQs=,J6y0nn/Z9gLySiluDvsQQRTny40=
-170,-246,4svJnsvCer68zu+ebgGNRmSswQs=,J6y0nn/Z9gLySiluDvsQQRTny40=
-172,-246,4svJnsvCer68zu+ebgGNRmSswQs=,J6y0nn/Z9gLySiluDvsQQRTny40=
-172,-253,4svJnsvCer68zu+ebgGNRmSswQs=,J6y0nn/Z9gLySiluDvsQQRTny40=
-173,-246,4svJnsvCer68zu+ebgGNRmSswQs=,J6y0nn/Z9gLySiluDvsQQRTny40=
-174,-246,4svJnsvCer68zu+ebgGNRmSswQs=,J6y0nn/Z9gLySiluDvsQQRTny40=
-175,-246,4svJnsvCer68zu+ebgGNRmSswQs=,J6y0nn/Z9gLySiluDvsQQRTny40=
-176,-246,4svJnsvCer68zu+ebgGNRmSswQs=,J6y0nn/Z9gLySiluDvsQQRTny40=
-171,-253,4svJnsvCer68zu+ebgGNRmSswQs=,J6y0nn/Z9gLySiluDvsQQRTny40=
-161,-247,4svJnsvCer68zu+ebgGNRmSswQs=,J6y0nn/Z9gLySiluDvsQQRTny40=
-162,-247,4svJnsvCer68zu+ebgGNRmSswQs=,J6y0nn/Z9gLySiluDvsQQRTny40=
-163,-247,4svJnsvCer68zu+ebgGNRmSswQs=,J6y0nn/Z9gLySiluDvsQQRTny40=
-164,-247,4svJnsvCer68zu+ebgGNRmSswQs=,J6y0nn/Z9gLySiluDvsQQRTny40=
-165,-247,4svJnsvCer68zu+ebgGNRmSswQs=,J6y0nn/Z9gLySiluDvsQQRTny40=
-170,-253,4svJnsvCer68zu+ebgGNRmSswQs=,J6y0nn/Z9gLySiluDvsQQRTny40=
-167,-256,4svJnsvCer68zu+ebgGNRmSswQs=,J6y0nn/Z9gLySiluDvsQQRTny40=
-166,-247,4svJnsvCer68zu+ebgGNRmSswQs=,J6y0nn/Z9gLySiluDvsQQRTny40=
-167,-247,4svJnsvCer68zu+ebgGNRmSswQs=,J6y0nn/Z9gLySiluDvsQQRTny40=
-169,-247,4svJnsvCer68zu+ebgGNRmSswQs=,J6y0nn/Z9gLySiluDvsQQRTny40=
-168,-247,4svJnsvCer68zu+ebgGNRmSswQs=,J6y0nn/Z9gLySiluDvsQQRTny40=
-169,-253,4svJnsvCer68zu+ebgGNRmSswQs=,J6y0nn/Z9gLySiluDvsQQRTny40=
-170,-247,4svJnsvCer68zu+ebgGNRmSswQs=,J6y0nn/Z9gLySiluDvsQQRTny40=
-171,-247,4svJnsvCer68zu+ebgGNRmSswQs=,J6y0nn/Z9gLySiluDvsQQRTny40=
-172,-247,4svJnsvCer68zu+ebgGNRmSswQs=,J6y0nn/Z9gLySiluDvsQQRTny40=
-173,-247,4svJnsvCer68zu+ebgGNRmSswQs=,J6y0nn/Z9gLySiluDvsQQRTny40=
-168,-253,4svJnsvCer68zu+ebgGNRmSswQs=,J6y0nn/Z9gLySiluDvsQQRTny40=
-175,-247,4svJnsvCer68zu+ebgGNRmSswQs=,J6y0nn/Z9gLySiluDvsQQRTny40=
-174,-247,4svJnsvCer68zu+ebgGNRmSswQs=,J6y0nn/Z9gLySiluDvsQQRTny40=
-176,-247,4svJnsvCer68zu+ebgGNRmSswQs=,J6y0nn/Z9gLySiluDvsQQRTny40=
-161,-248,4svJnsvCer68zu+ebgGNRmSswQs=,J6y0nn/Z9gLySiluDvsQQRTny40=
-167,-253,4svJnsvCer68zu+ebgGNRmSswQs=,J6y0nn/Z9gLySiluDvsQQRTny40=
-163,-248,4svJnsvCer68zu+ebgGNRmSswQs=,J6y0nn/Z9gLySiluDvsQQRTny40=
-162,-248,4svJnsvCer68zu+ebgGNRmSswQs=,J6y0nn/Z9gLySiluDvsQQRTny40=
-164,-248,4svJnsvCer68zu+ebgGNRmSswQs=,J6y0nn/Z9gLySiluDvsQQRTny40=
-168,-256,4svJnsvCer68zu+ebgGNRmSswQs=,J6y0nn/Z9gLySiluDvsQQRTny40=
-165,-248,4svJnsvCer68zu+ebgGNRmSswQs=,J6y0nn/Z9gLySiluDvsQQRTny40=
-166,-248,4svJnsvCer68zu+ebgGNRmSswQs=,J6y0nn/Z9gLySiluDvsQQRTny40=
-166,-253,4svJnsvCer68zu+ebgGNRmSswQs=,J6y0nn/Z9gLySiluDvsQQRTny40=
-167,-248,4svJnsvCer68zu+ebgGNRmSswQs=,J6y0nn/Z9gLySiluDvsQQRTny40=
-168,-248,4svJnsvCer68zu+ebgGNRmSswQs=,J6y0nn/Z9gLySiluDvsQQRTny40=
-169,-248,4svJnsvCer68zu+ebgGNRmSswQs=,J6y0nn/Z9gLySiluDvsQQRTny40=
-165,-253,4svJnsvCer68zu+ebgGNRmSswQs=,J6y0nn/Z9gLySiluDvsQQRTny40=
-171,-248,4svJnsvCer68zu+ebgGNRmSswQs=,J6y0nn/Z9gLySiluDvsQQRTny40=
-170,-248,4svJnsvCer68zu+ebgGNRmSswQs=,J6y0nn/Z9gLySiluDvsQQRTny40=
-172,-248,4svJnsvCer68zu+ebgGNRmSswQs=,J6y0nn/Z9gLySiluDvsQQRTny40=
-164,-253,4svJnsvCer68zu+ebgGNRmSswQs=,J6y0nn/Z9gLySiluDvsQQRTny40=
-174,-248,4svJnsvCer68zu+ebgGNRmSswQs=,J6y0nn/Z9gLySiluDvsQQRTny40=
-173,-248,4svJnsvCer68zu+ebgGNRmSswQs=,J6y0nn/Z9gLySiluDvsQQRTny40=
-175,-248,4svJnsvCer68zu+ebgGNRmSswQs=,J6y0nn/Z9gLySiluDvsQQRTny40=
-176,-248,4svJnsvCer68zu+ebgGNRmSswQs=,J6y0nn/Z9gLySiluDvsQQRTny40=
-161,-249,4svJnsvCer68zu+ebgGNRmSswQs=,J6y0nn/Z9gLySiluDvsQQRTny40=
-163,-253,4svJnsvCer68zu+ebgGNRmSswQs=,J6y0nn/Z9gLySiluDvsQQRTny40=
-163,-249,4svJnsvCer68zu+ebgGNRmSswQs=,J6y0nn/Z9gLySiluDvsQQRTny40=
-169,-256,4svJnsvCer68zu+ebgGNRmSswQs=,J6y0nn/Z9gLySiluDvsQQRTny40=
-164,-249,4svJnsvCer68zu+ebgGNRmSswQs=,J6y0nn/Z9gLySiluDvsQQRTny40=
-162,-249,4svJnsvCer68zu+ebgGNRmSswQs=,J6y0nn/Z9gLySiluDvsQQRTny40=
-165,-249,4svJnsvCer68zu+ebgGNRmSswQs=,J6y0nn/Z9gLySiluDvsQQRTny40=
-162,-253,4svJnsvCer68zu+ebgGNRmSswQs=,J6y0nn/Z9gLySiluDvsQQRTny40=
-166,-249,4svJnsvCer68zu+ebgGNRmSswQs=,J6y0nn/Z9gLySiluDvsQQRTny40=
-167,-249,4svJnsvCer68zu+ebgGNRmSswQs=,J6y0nn/Z9gLySiluDvsQQRTny40=
-168,-249,4svJnsvCer68zu+ebgGNRmSswQs=,J6y0nn/Z9gLySiluDvsQQRTny40=
-161,-253,4svJnsvCer68zu+ebgGNRmSswQs=,J6y0nn/Z9gLySiluDvsQQRTny40=
-169,-249,4svJnsvCer68zu+ebgGNRmSswQs=,J6y0nn/Z9gLySiluDvsQQRTny40=
-171,-249,4svJnsvCer68zu+ebgGNRmSswQs=,J6y0nn/Z9gLySiluDvsQQRTny40=
-172,-249,4svJnsvCer68zu+ebgGNRmSswQs=,J6y0nn/Z9gLySiluDvsQQRTny40=
-170,-249,4svJnsvCer68zu+ebgGNRmSswQs=,J6y0nn/Z9gLySiluDvsQQRTny40=
-173,-249,4svJnsvCer68zu+ebgGNRmSswQs=,J6y0nn/Z9gLySiluDvsQQRTny40=
-176,-252,4svJnsvCer68zu+ebgGNRmSswQs=,J6y0nn/Z9gLySiluDvsQQRTny40=
-174,-249,4svJnsvCer68zu+ebgGNRmSswQs=,J6y0nn/Z9gLySiluDvsQQRTny40=
-175,-249,4svJnsvCer68zu+ebgGNRmSswQs=,J6y0nn/Z9gLySiluDvsQQRTny40=
-176,-249,4svJnsvCer68zu+ebgGNRmSswQs=,J6y0nn/Z9gLySiluDvsQQRTny40=
-162,-250,4svJnsvCer68zu+ebgGNRmSswQs=,J6y0nn/Z9gLySiluDvsQQRTny40=
-173,-256,4svJnsvCer68zu+ebgGNRmSswQs=,J6y0nn/Z9gLySiluDvsQQRTny40=
-161,-250,4svJnsvCer68zu+ebgGNRmSswQs=,J6y0nn/Z9gLySiluDvsQQRTny40=
-170,-256,4svJnsvCer68zu+ebgGNRmSswQs=,J6y0nn/Z9gLySiluDvsQQRTny40=
-163,-250,4svJnsvCer68zu+ebgGNRmSswQs=,J6y0nn/Z9gLySiluDvsQQRTny40=
-165,-250,4svJnsvCer68zu+ebgGNRmSswQs=,J6y0nn/Z9gLySiluDvsQQRTny40=
-166,-250,4svJnsvCer68zu+ebgGNRmSswQs=,J6y0nn/Z9gLySiluDvsQQRTny40=
-164,-250,4svJnsvCer68zu+ebgGNRmSswQs=,J6y0nn/Z9gLySiluDvsQQRTny40=
-175,-252,4svJnsvCer68zu+ebgGNRmSswQs=,J6y0nn/Z9gLySiluDvsQQRTny40=
-167,-250,4svJnsvCer68zu+ebgGNRmSswQs=,J6y0nn/Z9gLySiluDvsQQRTny40=
-168,-250,4svJnsvCer68zu+ebgGNRmSswQs=,J6y0nn/Z9gLySiluDvsQQRTny40=
-169,-250,4svJnsvCer68zu+ebgGNRmSswQs=,J6y0nn/Z9gLySiluDvsQQRTny40=
-170,-250,4svJnsvCer68zu+ebgGNRmSswQs=,J6y0nn/Z9gLySiluDvsQQRTny40=
-174,-252,4svJnsvCer68zu+ebgGNRmSswQs=,J6y0nn/Z9gLySiluDvsQQRTny40=
-172,-250,4svJnsvCer68zu+ebgGNRmSswQs=,J6y0nn/Z9gLySiluDvsQQRTny40=
-171,-250,4svJnsvCer68zu+ebgGNRmSswQs=,J6y0nn/Z9gLySiluDvsQQRTny40=
-173,-250,4svJnsvCer68zu+ebgGNRmSswQs=,J6y0nn/Z9gLySiluDvsQQRTny40=
-175,-250,4svJnsvCer68zu+ebgGNRmSswQs=,J6y0nn/Z9gLySiluDvsQQRTny40=
-174,-250,4svJnsvCer68zu+ebgGNRmSswQs=,J6y0nn/Z9gLySiluDvsQQRTny40=
-161,-251,4svJnsvCer68zu+ebgGNRmSswQs=,J6y0nn/Z9gLySiluDvsQQRTny40=
-171,-256,4svJnsvCer68zu+ebgGNRmSswQs=,J6y0nn/Z9gLySiluDvsQQRTny40=
-162,-251,4svJnsvCer68zu+ebgGNRmSswQs=,J6y0nn/Z9gLySiluDvsQQRTny40=
-164,-251,4svJnsvCer68zu+ebgGNRmSswQs=,J6y0nn/Z9gLySiluDvsQQRTny40=
-166,-251,4svJnsvCer68zu+ebgGNRmSswQs=,J6y0nn/Z9gLySiluDvsQQRTny40=
-165,-251,4svJnsvCer68zu+ebgGNRmSswQs=,J6y0nn/Z9gLySiluDvsQQRTny40=
-168,-251,4svJnsvCer68zu+ebgGNRmSswQs=,J6y0nn/Z9gLySiluDvsQQRTny40=
-170,-251,4svJnsvCer68zu+ebgGNRmSswQs=,J6y0nn/Z9gLySiluDvsQQRTny40=
-171,-243,4svJnsvCer68zu+ebgGNRmSswQs=,J6y0nn/Z9gLySiluDvsQQRTny40=
-172,-251,4svJnsvCer68zu+ebgGNRmSswQs=,J6y0nn/Z9gLySiluDvsQQRTny40=
-173,-251,4svJnsvCer68zu+ebgGNRmSswQs=,J6y0nn/Z9gLySiluDvsQQRTny40=
-167,-251,4svJnsvCer68zu+ebgGNRmSswQs=,J6y0nn/Z9gLySiluDvsQQRTny40=
-171,-251,4svJnsvCer68zu+ebgGNRmSswQs=,J6y0nn/Z9gLySiluDvsQQRTny40=
-169,-251,4svJnsvCer68zu+ebgGNRmSswQs=,J6y0nn/Z9gLySiluDvsQQRTny40=
-175,-251,4svJnsvCer68zu+ebgGNRmSswQs=,J6y0nn/Z9gLySiluDvsQQRTny40=
-176,-251,4svJnsvCer68zu+ebgGNRmSswQs=,J6y0nn/Z9gLySiluDvsQQRTny40=
-174,-251,4svJnsvCer68zu+ebgGNRmSswQs=,J6y0nn/Z9gLySiluDvsQQRTny40=
-172,-256,4svJnsvCer68zu+ebgGNRmSswQs=,J6y0nn/Z9gLySiluDvsQQRTny40=
-161,-252,4svJnsvCer68zu+ebgGNRmSswQs=,J6y0nn/Z9gLySiluDvsQQRTny40=
-165,-252,4svJnsvCer68zu+ebgGNRmSswQs=,J6y0nn/Z9gLySiluDvsQQRTny40=
-164,-252,4svJnsvCer68zu+ebgGNRmSswQs=,J6y0nn/Z9gLySiluDvsQQRTny40=
-166,-252,4svJnsvCer68zu+ebgGNRmSswQs=,J6y0nn/Z9gLySiluDvsQQRTny40=
-162,-252,4svJnsvCer68zu+ebgGNRmSswQs=,J6y0nn/Z9gLySiluDvsQQRTny40=
-163,-252,4svJnsvCer68zu+ebgGNRmSswQs=,J6y0nn/Z9gLySiluDvsQQRTny40=
-167,-252,4svJnsvCer68zu+ebgGNRmSswQs=,J6y0nn/Z9gLySiluDvsQQRTny40=
-169,-252,4svJnsvCer68zu+ebgGNRmSswQs=,J6y0nn/Z9gLySiluDvsQQRTny40=
-168,-252,4svJnsvCer68zu+ebgGNRmSswQs=,J6y0nn/Z9gLySiluDvsQQRTny40=
-170,-252,4svJnsvCer68zu+ebgGNRmSswQs=,J6y0nn/Z9gLySiluDvsQQRTny40=
-171,-252,4svJnsvCer68zu+ebgGNRmSswQs=,J6y0nn/Z9gLySiluDvsQQRTny40=
-172,-252,4svJnsvCer68zu+ebgGNRmSswQs=,J6y0nn/Z9gLySiluDvsQQRTny40=
-176,-250,4svJnsvCer68zu+ebgGNRmSswQs=,J6y0nn/Z9gLySiluDvsQQRTny40=
-163,-251,4svJnsvCer68zu+ebgGNRmSswQs=,J6y0nn/Z9gLySiluDvsQQRTny40=
-173,-252,4svJnsvCer68zu+ebgGNRmSswQs=,J6y0nn/Z9gLySiluDvsQQRTny40=
-176,-245,4svJnsvCer68zu+ebgGNRmSswQs=,J6y0nn/Z9gLySiluDvsQQRTny40=
-175,-241,4svJnsvCer68zu+ebgGNRmSswQs=,J6y0nn/Z9gLySiluDvsQQRTny40=
-191,-240,4svJnsvCer68zu+ebgGNRmSswQs=,J6y0nn/Z9gLySiluDvsQQRTny40=
-190,-239,4svJnsvCer68zu+ebgGNRmSswQs=,J6y0nn/Z9gLySiluDvsQQRTny40=
-191,-239,4svJnsvCer68zu+ebgGNRmSswQs=,J6y0nn/Z9gLySiluDvsQQRTny40=
-177,-225,4svJnsvCer68zu+ebgGNRmSswQs=,J6y0nn/Z9gLySiluDvsQQRTny40=
-179,-225,4svJnsvCer68zu+ebgGNRmSswQs=,J6y0nn/Z9gLySiluDvsQQRTny40=
-180,-225,4svJnsvCer68zu+ebgGNRmSswQs=,J6y0nn/Z9gLySiluDvsQQRTny40=
-178,-225,4svJnsvCer68zu+ebgGNRmSswQs=,J6y0nn/Z9gLySiluDvsQQRTny40=
-189,-239,4svJnsvCer68zu+ebgGNRmSswQs=,J6y0nn/Z9gLySiluDvsQQRTny40=
-181,-225,4svJnsvCer68zu+ebgGNRmSswQs=,J6y0nn/Z9gLySiluDvsQQRTny40=
-188,-239,4svJnsvCer68zu+ebgGNRmSswQs=,J6y0nn/Z9gLySiluDvsQQRTny40=
-182,-225,4svJnsvCer68zu+ebgGNRmSswQs=,J6y0nn/Z9gLySiluDvsQQRTny40=
-187,-239,4svJnsvCer68zu+ebgGNRmSswQs=,J6y0nn/Z9gLySiluDvsQQRTny40=
-183,-225,4svJnsvCer68zu+ebgGNRmSswQs=,J6y0nn/Z9gLySiluDvsQQRTny40=
-186,-239,4svJnsvCer68zu+ebgGNRmSswQs=,J6y0nn/Z9gLySiluDvsQQRTny40=
-184,-225,4svJnsvCer68zu+ebgGNRmSswQs=,J6y0nn/Z9gLySiluDvsQQRTny40=
-185,-239,4svJnsvCer68zu+ebgGNRmSswQs=,J6y0nn/Z9gLySiluDvsQQRTny40=
-185,-225,4svJnsvCer68zu+ebgGNRmSswQs=,J6y0nn/Z9gLySiluDvsQQRTny40=
-183,-239,4svJnsvCer68zu+ebgGNRmSswQs=,J6y0nn/Z9gLySiluDvsQQRTny40=
-182,-239,4svJnsvCer68zu+ebgGNRmSswQs=,J6y0nn/Z9gLySiluDvsQQRTny40=
-187,-225,4svJnsvCer68zu+ebgGNRmSswQs=,J6y0nn/Z9gLySiluDvsQQRTny40=
-184,-239,4svJnsvCer68zu+ebgGNRmSswQs=,J6y0nn/Z9gLySiluDvsQQRTny40=
-181,-239,4svJnsvCer68zu+ebgGNRmSswQs=,J6y0nn/Z9gLySiluDvsQQRTny40=
-186,-225,4svJnsvCer68zu+ebgGNRmSswQs=,J6y0nn/Z9gLySiluDvsQQRTny40=
-180,-239,4svJnsvCer68zu+ebgGNRmSswQs=,J6y0nn/Z9gLySiluDvsQQRTny40=
-189,-225,4svJnsvCer68zu+ebgGNRmSswQs=,J6y0nn/Z9gLySiluDvsQQRTny40=
-191,-225,4svJnsvCer68zu+ebgGNRmSswQs=,J6y0nn/Z9gLySiluDvsQQRTny40=
-188,-225,4svJnsvCer68zu+ebgGNRmSswQs=,J6y0nn/Z9gLySiluDvsQQRTny40=
-179,-239,4svJnsvCer68zu+ebgGNRmSswQs=,J6y0nn/Z9gLySiluDvsQQRTny40=
-178,-239,4svJnsvCer68zu+ebgGNRmSswQs=,J6y0nn/Z9gLySiluDvsQQRTny40=
-190,-225,4svJnsvCer68zu+ebgGNRmSswQs=,J6y0nn/Z9gLySiluDvsQQRTny40=
-192,-239,4svJnsvCer68zu+ebgGNRmSswQs=,J6y0nn/Z9gLySiluDvsQQRTny40=
-177,-239,4svJnsvCer68zu+ebgGNRmSswQs=,J6y0nn/Z9gLySiluDvsQQRTny40=
-177,-240,4svJnsvCer68zu+ebgGNRmSswQs=,J6y0nn/Z9gLySiluDvsQQRTny40=
-192,-225,4svJnsvCer68zu+ebgGNRmSswQs=,J6y0nn/Z9gLySiluDvsQQRTny40=
-177,-226,4svJnsvCer68zu+ebgGNRmSswQs=,J6y0nn/Z9gLySiluDvsQQRTny40=
-192,-238,4svJnsvCer68zu+ebgGNRmSswQs=,J6y0nn/Z9gLySiluDvsQQRTny40=
-178,-226,4svJnsvCer68zu+ebgGNRmSswQs=,J6y0nn/Z9gLySiluDvsQQRTny40=
-179,-226,4svJnsvCer68zu+ebgGNRmSswQs=,J6y0nn/Z9gLySiluDvsQQRTny40=
-180,-226,4svJnsvCer68zu+ebgGNRmSswQs=,J6y0nn/Z9gLySiluDvsQQRTny40=
-190,-240,4svJnsvCer68zu+ebgGNRmSswQs=,J6y0nn/Z9gLySiluDvsQQRTny40=
-181,-226,4svJnsvCer68zu+ebgGNRmSswQs=,J6y0nn/Z9gLySiluDvsQQRTny40=
-183,-226,4svJnsvCer68zu+ebgGNRmSswQs=,J6y0nn/Z9gLySiluDvsQQRTny40=
-182,-226,4svJnsvCer68zu+ebgGNRmSswQs=,J6y0nn/Z9gLySiluDvsQQRTny40=
-191,-238,4svJnsvCer68zu+ebgGNRmSswQs=,J6y0nn/Z9gLySiluDvsQQRTny40=
-184,-226,4svJnsvCer68zu+ebgGNRmSswQs=,J6y0nn/Z9gLySiluDvsQQRTny40=
-186,-226,4svJnsvCer68zu+ebgGNRmSswQs=,J6y0nn/Z9gLySiluDvsQQRTny40=
-185,-226,4svJnsvCer68zu+ebgGNRmSswQs=,J6y0nn/Z9gLySiluDvsQQRTny40=
-187,-226,4svJnsvCer68zu+ebgGNRmSswQs=,J6y0nn/Z9gLySiluDvsQQRTny40=
-189,-238,4svJnsvCer68zu+ebgGNRmSswQs=,J6y0nn/Z9gLySiluDvsQQRTny40=
-188,-226,4svJnsvCer68zu+ebgGNRmSswQs=,J6y0nn/Z9gLySiluDvsQQRTny40=
-189,-226,4svJnsvCer68zu+ebgGNRmSswQs=,J6y0nn/Z9gLySiluDvsQQRTny40=
-192,-240,4svJnsvCer68zu+ebgGNRmSswQs=,J6y0nn/Z9gLySiluDvsQQRTny40=
-190,-226,4svJnsvCer68zu+ebgGNRmSswQs=,J6y0nn/Z9gLySiluDvsQQRTny40=
-191,-226,4svJnsvCer68zu+ebgGNRmSswQs=,J6y0nn/Z9gLySiluDvsQQRTny40=
-187,-238,4svJnsvCer68zu+ebgGNRmSswQs=,J6y0nn/Z9gLySiluDvsQQRTny40=
-188,-238,4svJnsvCer68zu+ebgGNRmSswQs=,J6y0nn/Z9gLySiluDvsQQRTny40=
-190,-238,4svJnsvCer68zu+ebgGNRmSswQs=,J6y0nn/Z9gLySiluDvsQQRTny40=
-178,-227,4svJnsvCer68zu+ebgGNRmSswQs=,J6y0nn/Z9gLySiluDvsQQRTny40=
-177,-227,4svJnsvCer68zu+ebgGNRmSswQs=,J6y0nn/Z9gLySiluDvsQQRTny40=
-179,-227,4svJnsvCer68zu+ebgGNRmSswQs=,J6y0nn/Z9gLySiluDvsQQRTny40=
-192,-226,4svJnsvCer68zu+ebgGNRmSswQs=,J6y0nn/Z9gLySiluDvsQQRTny40=
-186,-238,4svJnsvCer68zu+ebgGNRmSswQs=,J6y0nn/Z9gLySiluDvsQQRTny40=
-181,-227,4svJnsvCer68zu+ebgGNRmSswQs=,J6y0nn/Z9gLySiluDvsQQRTny40=
-180,-227,4svJnsvCer68zu+ebgGNRmSswQs=,J6y0nn/Z9gLySiluDvsQQRTny40=
-185,-238,4svJnsvCer68zu+ebgGNRmSswQs=,J6y0nn/Z9gLySiluDvsQQRTny40=
-182,-227,4svJnsvCer68zu+ebgGNRmSswQs=,J6y0nn/Z9gLySiluDvsQQRTny40=
-183,-227,4svJnsvCer68zu+ebgGNRmSswQs=,J6y0nn/Z9gLySiluDvsQQRTny40=
-184,-238,4svJnsvCer68zu+ebgGNRmSswQs=,J6y0nn/Z9gLySiluDvsQQRTny40=
-184,-227,4svJnsvCer68zu+ebgGNRmSswQs=,J6y0nn/Z9gLySiluDvsQQRTny40=
-185,-227,4svJnsvCer68zu+ebgGNRmSswQs=,J6y0nn/Z9gLySiluDvsQQRTny40=
-178,-240,4svJnsvCer68zu+ebgGNRmSswQs=,J6y0nn/Z9gLySiluDvsQQRTny40=
-187,-227,4svJnsvCer68zu+ebgGNRmSswQs=,J6y0nn/Z9gLySiluDvsQQRTny40=
-183,-238,4svJnsvCer68zu+ebgGNRmSswQs=,J6y0nn/Z9gLySiluDvsQQRTny40=
-188,-227,4svJnsvCer68zu+ebgGNRmSswQs=,J6y0nn/Z9gLySiluDvsQQRTny40=
-186,-227,4svJnsvCer68zu+ebgGNRmSswQs=,J6y0nn/Z9gLySiluDvsQQRTny40=
-182,-238,4svJnsvCer68zu+ebgGNRmSswQs=,J6y0nn/Z9gLySiluDvsQQRTny40=
-190,-227,4svJnsvCer68zu+ebgGNRmSswQs=,J6y0nn/Z9gLySiluDvsQQRTny40=
-191,-227,4svJnsvCer68zu+ebgGNRmSswQs=,J6y0nn/Z9gLySiluDvsQQRTny40=
-181,-238,4svJnsvCer68zu+ebgGNRmSswQs=,J6y0nn/Z9gLySiluDvsQQRTny40=
-178,-228,4svJnsvCer68zu+ebgGNRmSswQs=,J6y0nn/Z9gLySiluDvsQQRTny40=
-179,-228,4svJnsvCer68zu+ebgGNRmSswQs=,J6y0nn/Z9gLySiluDvsQQRTny40=
-180,-238,4svJnsvCer68zu+ebgGNRmSswQs=,J6y0nn/Z9gLySiluDvsQQRTny40=
-189,-227,4svJnsvCer68zu+ebgGNRmSswQs=,J6y0nn/Z9gLySiluDvsQQRTny40=
-192,-227,4svJnsvCer68zu+ebgGNRmSswQs=,J6y0nn/Z9gLySiluDvsQQRTny40=
-180,-228,4svJnsvCer68zu+ebgGNRmSswQs=,J6y0nn/Z9gLySiluDvsQQRTny40=
-177,-228,4svJnsvCer68zu+ebgGNRmSswQs=,J6y0nn/Z9gLySiluDvsQQRTny40=
-182,-228,4svJnsvCer68zu+ebgGNRmSswQs=,J6y0nn/Z9gLySiluDvsQQRTny40=
-183,-228,4svJnsvCer68zu+ebgGNRmSswQs=,J6y0nn/Z9gLySiluDvsQQRTny40=
-186,-228,4svJnsvCer68zu+ebgGNRmSswQs=,J6y0nn/Z9gLySiluDvsQQRTny40=
-185,-228,4svJnsvCer68zu+ebgGNRmSswQs=,J6y0nn/Z9gLySiluDvsQQRTny40=
-179,-238,4svJnsvCer68zu+ebgGNRmSswQs=,J6y0nn/Z9gLySiluDvsQQRTny40=
-181,-228,4svJnsvCer68zu+ebgGNRmSswQs=,J6y0nn/Z9gLySiluDvsQQRTny40=
-188,-228,4svJnsvCer68zu+ebgGNRmSswQs=,J6y0nn/Z9gLySiluDvsQQRTny40=
-178,-238,4svJnsvCer68zu+ebgGNRmSswQs=,J6y0nn/Z9gLySiluDvsQQRTny40=
-187,-228,4svJnsvCer68zu+ebgGNRmSswQs=,J6y0nn/Z9gLySiluDvsQQRTny40=
-190,-228,4svJnsvCer68zu+ebgGNRmSswQs=,J6y0nn/Z9gLySiluDvsQQRTny40=
-184,-228,4svJnsvCer68zu+ebgGNRmSswQs=,J6y0nn/Z9gLySiluDvsQQRTny40=
-189,-228,4svJnsvCer68zu+ebgGNRmSswQs=,J6y0nn/Z9gLySiluDvsQQRTny40=
-192,-228,4svJnsvCer68zu+ebgGNRmSswQs=,J6y0nn/Z9gLySiluDvsQQRTny40=
-179,-240,4svJnsvCer68zu+ebgGNRmSswQs=,J6y0nn/Z9gLySiluDvsQQRTny40=
-177,-229,4svJnsvCer68zu+ebgGNRmSswQs=,J6y0nn/Z9gLySiluDvsQQRTny40=
-177,-238,4svJnsvCer68zu+ebgGNRmSswQs=,J6y0nn/Z9gLySiluDvsQQRTny40=
-178,-229,4svJnsvCer68zu+ebgGNRmSswQs=,J6y0nn/Z9gLySiluDvsQQRTny40=
-180,-229,4svJnsvCer68zu+ebgGNRmSswQs=,J6y0nn/Z9gLySiluDvsQQRTny40=
-191,-228,4svJnsvCer68zu+ebgGNRmSswQs=,J6y0nn/Z9gLySiluDvsQQRTny40=
-179,-229,4svJnsvCer68zu+ebgGNRmSswQs=,J6y0nn/Z9gLySiluDvsQQRTny40=
-181,-229,4svJnsvCer68zu+ebgGNRmSswQs=,J6y0nn/Z9gLySiluDvsQQRTny40=
-180,-240,4svJnsvCer68zu+ebgGNRmSswQs=,J6y0nn/Z9gLySiluDvsQQRTny40=
-185,-229,4svJnsvCer68zu+ebgGNRmSswQs=,J6y0nn/Z9gLySiluDvsQQRTny40=
-182,-229,4svJnsvCer68zu+ebgGNRmSswQs=,J6y0nn/Z9gLySiluDvsQQRTny40=
-189,-240,4svJnsvCer68zu+ebgGNRmSswQs=,J6y0nn/Z9gLySiluDvsQQRTny40=
-186,-229,4svJnsvCer68zu+ebgGNRmSswQs=,J6y0nn/Z9gLySiluDvsQQRTny40=
-184,-229,4svJnsvCer68zu+ebgGNRmSswQs=,J6y0nn/Z9gLySiluDvsQQRTny40=
-183,-229,4svJnsvCer68zu+ebgGNRmSswQs=,J6y0nn/Z9gLySiluDvsQQRTny40=
-188,-229,4svJnsvCer68zu+ebgGNRmSswQs=,J6y0nn/Z9gLySiluDvsQQRTny40=
-187,-229,4svJnsvCer68zu+ebgGNRmSswQs=,J6y0nn/Z9gLySiluDvsQQRTny40=
-190,-229,4svJnsvCer68zu+ebgGNRmSswQs=,J6y0nn/Z9gLySiluDvsQQRTny40=
-191,-229,4svJnsvCer68zu+ebgGNRmSswQs=,J6y0nn/Z9gLySiluDvsQQRTny40=
-189,-229,4svJnsvCer68zu+ebgGNRmSswQs=,J6y0nn/Z9gLySiluDvsQQRTny40=
-178,-230,4svJnsvCer68zu+ebgGNRmSswQs=,J6y0nn/Z9gLySiluDvsQQRTny40=
-192,-237,4svJnsvCer68zu+ebgGNRmSswQs=,J6y0nn/Z9gLySiluDvsQQRTny40=
-192,-229,4svJnsvCer68zu+ebgGNRmSswQs=,J6y0nn/Z9gLySiluDvsQQRTny40=
-177,-230,4svJnsvCer68zu+ebgGNRmSswQs=,J6y0nn/Z9gLySiluDvsQQRTny40=
-179,-230,4svJnsvCer68zu+ebgGNRmSswQs=,J6y0nn/Z9gLySiluDvsQQRTny40=
-180,-230,4svJnsvCer68zu+ebgGNRmSswQs=,J6y0nn/Z9gLySiluDvsQQRTny40=
-181,-230,4svJnsvCer68zu+ebgGNRmSswQs=,J6y0nn/Z9gLySiluDvsQQRTny40=
-182,-230,4svJnsvCer68zu+ebgGNRmSswQs=,J6y0nn/Z9gLySiluDvsQQRTny40=
-183,-230,4svJnsvCer68zu+ebgGNRmSswQs=,J6y0nn/Z9gLySiluDvsQQRTny40=
-191,-237,4svJnsvCer68zu+ebgGNRmSswQs=,J6y0nn/Z9gLySiluDvsQQRTny40=
-181,-240,4svJnsvCer68zu+ebgGNRmSswQs=,J6y0nn/Z9gLySiluDvsQQRTny40=
-187,-230,4svJnsvCer68zu+ebgGNRmSswQs=,J6y0nn/Z9gLySiluDvsQQRTny40=
-184,-230,4svJnsvCer68zu+ebgGNRmSswQs=,J6y0nn/Z9gLySiluDvsQQRTny40=
-188,-230,4svJnsvCer68zu+ebgGNRmSswQs=,J6y0nn/Z9gLySiluDvsQQRTny40=
-185,-230,4svJnsvCer68zu+ebgGNRmSswQs=,J6y0nn/Z9gLySiluDvsQQRTny40=
-186,-230,4svJnsvCer68zu+ebgGNRmSswQs=,J6y0nn/Z9gLySiluDvsQQRTny40=
-191,-230,4svJnsvCer68zu+ebgGNRmSswQs=,J6y0nn/Z9gLySiluDvsQQRTny40=
-189,-230,4svJnsvCer68zu+ebgGNRmSswQs=,J6y0nn/Z9gLySiluDvsQQRTny40=
-190,-237,4svJnsvCer68zu+ebgGNRmSswQs=,J6y0nn/Z9gLySiluDvsQQRTny40=
-190,-230,4svJnsvCer68zu+ebgGNRmSswQs=,J6y0nn/Z9gLySiluDvsQQRTny40=
-180,-231,4svJnsvCer68zu+ebgGNRmSswQs=,J6y0nn/Z9gLySiluDvsQQRTny40=
-192,-230,4svJnsvCer68zu+ebgGNRmSswQs=,J6y0nn/Z9gLySiluDvsQQRTny40=
-177,-231,4svJnsvCer68zu+ebgGNRmSswQs=,J6y0nn/Z9gLySiluDvsQQRTny40=
-181,-231,4svJnsvCer68zu+ebgGNRmSswQs=,J6y0nn/Z9gLySiluDvsQQRTny40=
-178,-231,4svJnsvCer68zu+ebgGNRmSswQs=,J6y0nn/Z9gLySiluDvsQQRTny40=
-189,-237,4svJnsvCer68zu+ebgGNRmSswQs=,J6y0nn/Z9gLySiluDvsQQRTny40=
-186,-231,4svJnsvCer68zu+ebgGNRmSswQs=,J6y0nn/Z9gLySiluDvsQQRTny40=
-183,-231,4svJnsvCer68zu+ebgGNRmSswQs=,J6y0nn/Z9gLySiluDvsQQRTny40=
-182,-231,4svJnsvCer68zu+ebgGNRmSswQs=,J6y0nn/Z9gLySiluDvsQQRTny40=
-185,-231,4svJnsvCer68zu+ebgGNRmSswQs=,J6y0nn/Z9gLySiluDvsQQRTny40=
-187,-231,4svJnsvCer68zu+ebgGNRmSswQs=,J6y0nn/Z9gLySiluDvsQQRTny40=
-179,-231,4svJnsvCer68zu+ebgGNRmSswQs=,J6y0nn/Z9gLySiluDvsQQRTny40=
-188,-237,4svJnsvCer68zu+ebgGNRmSswQs=,J6y0nn/Z9gLySiluDvsQQRTny40=
-188,-231,4svJnsvCer68zu+ebgGNRmSswQs=,J6y0nn/Z9gLySiluDvsQQRTny40=
-184,-231,4svJnsvCer68zu+ebgGNRmSswQs=,J6y0nn/Z9gLySiluDvsQQRTny40=
-189,-231,4svJnsvCer68zu+ebgGNRmSswQs=,J6y0nn/Z9gLySiluDvsQQRTny40=
-182,-240,4svJnsvCer68zu+ebgGNRmSswQs=,J6y0nn/Z9gLySiluDvsQQRTny40=
-190,-231,4svJnsvCer68zu+ebgGNRmSswQs=,J6y0nn/Z9gLySiluDvsQQRTny40=
-191,-231,4svJnsvCer68zu+ebgGNRmSswQs=,J6y0nn/Z9gLySiluDvsQQRTny40=
-187,-237,4svJnsvCer68zu+ebgGNRmSswQs=,J6y0nn/Z9gLySiluDvsQQRTny40=
-178,-232,4svJnsvCer68zu+ebgGNRmSswQs=,J6y0nn/Z9gLySiluDvsQQRTny40=
-192,-231,4svJnsvCer68zu+ebgGNRmSswQs=,J6y0nn/Z9gLySiluDvsQQRTny40=
-183,-240,4svJnsvCer68zu+ebgGNRmSswQs=,J6y0nn/Z9gLySiluDvsQQRTny40=
-183,-232,4svJnsvCer68zu+ebgGNRmSswQs=,J6y0nn/Z9gLySiluDvsQQRTny40=
-180,-232,4svJnsvCer68zu+ebgGNRmSswQs=,J6y0nn/Z9gLySiluDvsQQRTny40=
-177,-232,4svJnsvCer68zu+ebgGNRmSswQs=,J6y0nn/Z9gLySiluDvsQQRTny40=
-179,-232,4svJnsvCer68zu+ebgGNRmSswQs=,J6y0nn/Z9gLySiluDvsQQRTny40=
-181,-232,4svJnsvCer68zu+ebgGNRmSswQs=,J6y0nn/Z9gLySiluDvsQQRTny40=
-184,-232,4svJnsvCer68zu+ebgGNRmSswQs=,J6y0nn/Z9gLySiluDvsQQRTny40=
-182,-232,4svJnsvCer68zu+ebgGNRmSswQs=,J6y0nn/Z9gLySiluDvsQQRTny40=
-185,-232,4svJnsvCer68zu+ebgGNRmSswQs=,J6y0nn/Z9gLySiluDvsQQRTny40=
-186,-237,4svJnsvCer68zu+ebgGNRmSswQs=,J6y0nn/Z9gLySiluDvsQQRTny40=
-188,-232,4svJnsvCer68zu+ebgGNRmSswQs=,J6y0nn/Z9gLySiluDvsQQRTny40=
-186,-232,4svJnsvCer68zu+ebgGNRmSswQs=,J6y0nn/Z9gLySiluDvsQQRTny40=
-190,-232,4svJnsvCer68zu+ebgGNRmSswQs=,J6y0nn/Z9gLySiluDvsQQRTny40=
-187,-232,4svJnsvCer68zu+ebgGNRmSswQs=,J6y0nn/Z9gLySiluDvsQQRTny40=
-192,-232,4svJnsvCer68zu+ebgGNRmSswQs=,J6y0nn/Z9gLySiluDvsQQRTny40=
-185,-237,4svJnsvCer68zu+ebgGNRmSswQs=,J6y0nn/Z9gLySiluDvsQQRTny40=
-178,-233,4svJnsvCer68zu+ebgGNRmSswQs=,J6y0nn/Z9gLySiluDvsQQRTny40=
-179,-233,4svJnsvCer68zu+ebgGNRmSswQs=,J6y0nn/Z9gLySiluDvsQQRTny40=
-189,-232,4svJnsvCer68zu+ebgGNRmSswQs=,J6y0nn/Z9gLySiluDvsQQRTny40=
-180,-233,4svJnsvCer68zu+ebgGNRmSswQs=,J6y0nn/Z9gLySiluDvsQQRTny40=
-177,-233,4svJnsvCer68zu+ebgGNRmSswQs=,J6y0nn/Z9gLySiluDvsQQRTny40=
-191,-232,4svJnsvCer68zu+ebgGNRmSswQs=,J6y0nn/Z9gLySiluDvsQQRTny40=
-181,-233,4svJnsvCer68zu+ebgGNRmSswQs=,J6y0nn/Z9gLySiluDvsQQRTny40=
-182,-233,4svJnsvCer68zu+ebgGNRmSswQs=,J6y0nn/Z9gLySiluDvsQQRTny40=
-184,-240,4svJnsvCer68zu+ebgGNRmSswQs=,J6y0nn/Z9gLySiluDvsQQRTny40=
-183,-233,4svJnsvCer68zu+ebgGNRmSswQs=,J6y0nn/Z9gLySiluDvsQQRTny40=
-184,-233,4svJnsvCer68zu+ebgGNRmSswQs=,J6y0nn/Z9gLySiluDvsQQRTny40=
-185,-233,4svJnsvCer68zu+ebgGNRmSswQs=,J6y0nn/Z9gLySiluDvsQQRTny40=
-184,-237,4svJnsvCer68zu+ebgGNRmSswQs=,J6y0nn/Z9gLySiluDvsQQRTny40=
-187,-233,4svJnsvCer68zu+ebgGNRmSswQs=,J6y0nn/Z9gLySiluDvsQQRTny40=
-186,-233,4svJnsvCer68zu+ebgGNRmSswQs=,J6y0nn/Z9gLySiluDvsQQRTny40=
-188,-233,4svJnsvCer68zu+ebgGNRmSswQs=,J6y0nn/Z9gLySiluDvsQQRTny40=
-191,-233,4svJnsvCer68zu+ebgGNRmSswQs=,J6y0nn/Z9gLySiluDvsQQRTny40=
-189,-233,4svJnsvCer68zu+ebgGNRmSswQs=,J6y0nn/Z9gLySiluDvsQQRTny40=
-190,-233,4svJnsvCer68zu+ebgGNRmSswQs=,J6y0nn/Z9gLySiluDvsQQRTny40=
-192,-233,4svJnsvCer68zu+ebgGNRmSswQs=,J6y0nn/Z9gLySiluDvsQQRTny40=
-183,-237,4svJnsvCer68zu+ebgGNRmSswQs=,J6y0nn/Z9gLySiluDvsQQRTny40=
-179,-234,4svJnsvCer68zu+ebgGNRmSswQs=,J6y0nn/Z9gLySiluDvsQQRTny40=
-178,-234,4svJnsvCer68zu+ebgGNRmSswQs=,J6y0nn/Z9gLySiluDvsQQRTny40=
-177,-234,4svJnsvCer68zu+ebgGNRmSswQs=,J6y0nn/Z9gLySiluDvsQQRTny40=
-180,-234,4svJnsvCer68zu+ebgGNRmSswQs=,J6y0nn/Z9gLySiluDvsQQRTny40=
-181,-234,4svJnsvCer68zu+ebgGNRmSswQs=,J6y0nn/Z9gLySiluDvsQQRTny40=
-185,-240,4svJnsvCer68zu+ebgGNRmSswQs=,J6y0nn/Z9gLySiluDvsQQRTny40=
-182,-234,4svJnsvCer68zu+ebgGNRmSswQs=,J6y0nn/Z9gLySiluDvsQQRTny40=
-183,-234,4svJnsvCer68zu+ebgGNRmSswQs=,J6y0nn/Z9gLySiluDvsQQRTny40=
-184,-234,4svJnsvCer68zu+ebgGNRmSswQs=,J6y0nn/Z9gLySiluDvsQQRTny40=
-186,-234,4svJnsvCer68zu+ebgGNRmSswQs=,J6y0nn/Z9gLySiluDvsQQRTny40=
-185,-234,4svJnsvCer68zu+ebgGNRmSswQs=,J6y0nn/Z9gLySiluDvsQQRTny40=
-182,-237,4svJnsvCer68zu+ebgGNRmSswQs=,J6y0nn/Z9gLySiluDvsQQRTny40=
-189,-234,4svJnsvCer68zu+ebgGNRmSswQs=,J6y0nn/Z9gLySiluDvsQQRTny40=
-190,-234,4svJnsvCer68zu+ebgGNRmSswQs=,J6y0nn/Z9gLySiluDvsQQRTny40=
-188,-234,4svJnsvCer68zu+ebgGNRmSswQs=,J6y0nn/Z9gLySiluDvsQQRTny40=
-187,-234,4svJnsvCer68zu+ebgGNRmSswQs=,J6y0nn/Z9gLySiluDvsQQRTny40=
-192,-234,4svJnsvCer68zu+ebgGNRmSswQs=,J6y0nn/Z9gLySiluDvsQQRTny40=
-177,-235,4svJnsvCer68zu+ebgGNRmSswQs=,J6y0nn/Z9gLySiluDvsQQRTny40=
-178,-235,4svJnsvCer68zu+ebgGNRmSswQs=,J6y0nn/Z9gLySiluDvsQQRTny40=
-191,-234,4svJnsvCer68zu+ebgGNRmSswQs=,J6y0nn/Z9gLySiluDvsQQRTny40=
-179,-235,4svJnsvCer68zu+ebgGNRmSswQs=,J6y0nn/Z9gLySiluDvsQQRTny40=
-181,-237,4svJnsvCer68zu+ebgGNRmSswQs=,J6y0nn/Z9gLySiluDvsQQRTny40=
-180,-235,4svJnsvCer68zu+ebgGNRmSswQs=,J6y0nn/Z9gLySiluDvsQQRTny40=
-186,-240,4svJnsvCer68zu+ebgGNRmSswQs=,J6y0nn/Z9gLySiluDvsQQRTny40=
-181,-235,4svJnsvCer68zu+ebgGNRmSswQs=,J6y0nn/Z9gLySiluDvsQQRTny40=
-184,-235,4svJnsvCer68zu+ebgGNRmSswQs=,J6y0nn/Z9gLySiluDvsQQRTny40=
-183,-235,4svJnsvCer68zu+ebgGNRmSswQs=,J6y0nn/Z9gLySiluDvsQQRTny40=
-182,-235,4svJnsvCer68zu+ebgGNRmSswQs=,J6y0nn/Z9gLySiluDvsQQRTny40=
-185,-235,4svJnsvCer68zu+ebgGNRmSswQs=,J6y0nn/Z9gLySiluDvsQQRTny40=
-186,-235,4svJnsvCer68zu+ebgGNRmSswQs=,J6y0nn/Z9gLySiluDvsQQRTny40=
-187,-235,4svJnsvCer68zu+ebgGNRmSswQs=,J6y0nn/Z9gLySiluDvsQQRTny40=
-180,-237,4svJnsvCer68zu+ebgGNRmSswQs=,J6y0nn/Z9gLySiluDvsQQRTny40=
-188,-235,4svJnsvCer68zu+ebgGNRmSswQs=,J6y0nn/Z9gLySiluDvsQQRTny40=
-189,-235,4svJnsvCer68zu+ebgGNRmSswQs=,J6y0nn/Z9gLySiluDvsQQRTny40=
-190,-235,4svJnsvCer68zu+ebgGNRmSswQs=,J6y0nn/Z9gLySiluDvsQQRTny40=
-192,-235,4svJnsvCer68zu+ebgGNRmSswQs=,J6y0nn/Z9gLySiluDvsQQRTny40=
-191,-235,4svJnsvCer68zu+ebgGNRmSswQs=,J6y0nn/Z9gLySiluDvsQQRTny40=
-177,-236,4svJnsvCer68zu+ebgGNRmSswQs=,J6y0nn/Z9gLySiluDvsQQRTny40=
-178,-236,4svJnsvCer68zu+ebgGNRmSswQs=,J6y0nn/Z9gLySiluDvsQQRTny40=
-187,-240,4svJnsvCer68zu+ebgGNRmSswQs=,J6y0nn/Z9gLySiluDvsQQRTny40=
-180,-236,4svJnsvCer68zu+ebgGNRmSswQs=,J6y0nn/Z9gLySiluDvsQQRTny40=
-179,-237,4svJnsvCer68zu+ebgGNRmSswQs=,J6y0nn/Z9gLySiluDvsQQRTny40=
-181,-236,4svJnsvCer68zu+ebgGNRmSswQs=,J6y0nn/Z9gLySiluDvsQQRTny40=
-179,-236,4svJnsvCer68zu+ebgGNRmSswQs=,J6y0nn/Z9gLySiluDvsQQRTny40=
-182,-236,4svJnsvCer68zu+ebgGNRmSswQs=,J6y0nn/Z9gLySiluDvsQQRTny40=
-184,-236,4svJnsvCer68zu+ebgGNRmSswQs=,J6y0nn/Z9gLySiluDvsQQRTny40=
-178,-237,4svJnsvCer68zu+ebgGNRmSswQs=,J6y0nn/Z9gLySiluDvsQQRTny40=
-185,-236,4svJnsvCer68zu+ebgGNRmSswQs=,J6y0nn/Z9gLySiluDvsQQRTny40=
-187,-236,4svJnsvCer68zu+ebgGNRmSswQs=,J6y0nn/Z9gLySiluDvsQQRTny40=
-186,-236,4svJnsvCer68zu+ebgGNRmSswQs=,J6y0nn/Z9gLySiluDvsQQRTny40=
-183,-236,4svJnsvCer68zu+ebgGNRmSswQs=,J6y0nn/Z9gLySiluDvsQQRTny40=
-188,-236,4svJnsvCer68zu+ebgGNRmSswQs=,J6y0nn/Z9gLySiluDvsQQRTny40=
-191,-236,4svJnsvCer68zu+ebgGNRmSswQs=,J6y0nn/Z9gLySiluDvsQQRTny40=
-189,-236,4svJnsvCer68zu+ebgGNRmSswQs=,J6y0nn/Z9gLySiluDvsQQRTny40=
-188,-240,4svJnsvCer68zu+ebgGNRmSswQs=,J6y0nn/Z9gLySiluDvsQQRTny40=
-190,-236,4svJnsvCer68zu+ebgGNRmSswQs=,J6y0nn/Z9gLySiluDvsQQRTny40=
-192,-236,4svJnsvCer68zu+ebgGNRmSswQs=,J6y0nn/Z9gLySiluDvsQQRTny40=
-177,-237,4svJnsvCer68zu+ebgGNRmSswQs=,J6y0nn/Z9gLySiluDvsQQRTny40=
-175,-240,4svJnsvCer68zu+ebgGNRmSswQs=,J6y0nn/Z9gLySiluDvsQQRTny40=
-174,-239,4svJnsvCer68zu+ebgGNRmSswQs=,J6y0nn/Z9gLySiluDvsQQRTny40=
-161,-225,4svJnsvCer68zu+ebgGNRmSswQs=,J6y0nn/Z9gLySiluDvsQQRTny40=
-163,-225,4svJnsvCer68zu+ebgGNRmSswQs=,J6y0nn/Z9gLySiluDvsQQRTny40=
-164,-225,4svJnsvCer68zu+ebgGNRmSswQs=,J6y0nn/Z9gLySiluDvsQQRTny40=
-175,-239,4svJnsvCer68zu+ebgGNRmSswQs=,J6y0nn/Z9gLySiluDvsQQRTny40=
-162,-225,4svJnsvCer68zu+ebgGNRmSswQs=,J6y0nn/Z9gLySiluDvsQQRTny40=
-165,-225,4svJnsvCer68zu+ebgGNRmSswQs=,J6y0nn/Z9gLySiluDvsQQRTny40=
-167,-225,4svJnsvCer68zu+ebgGNRmSswQs=,J6y0nn/Z9gLySiluDvsQQRTny40=
-173,-239,4svJnsvCer68zu+ebgGNRmSswQs=,J6y0nn/Z9gLySiluDvsQQRTny40=
-168,-225,4svJnsvCer68zu+ebgGNRmSswQs=,J6y0nn/Z9gLySiluDvsQQRTny40=
-170,-225,4svJnsvCer68zu+ebgGNRmSswQs=,J6y0nn/Z9gLySiluDvsQQRTny40=
-171,-225,4svJnsvCer68zu+ebgGNRmSswQs=,J6y0nn/Z9gLySiluDvsQQRTny40=
-172,-239,4svJnsvCer68zu+ebgGNRmSswQs=,J6y0nn/Z9gLySiluDvsQQRTny40=
-172,-225,4svJnsvCer68zu+ebgGNRmSswQs=,J6y0nn/Z9gLySiluDvsQQRTny40=
-166,-225,4svJnsvCer68zu+ebgGNRmSswQs=,J6y0nn/Z9gLySiluDvsQQRTny40=
-171,-239,4svJnsvCer68zu+ebgGNRmSswQs=,J6y0nn/Z9gLySiluDvsQQRTny40=
-169,-225,4svJnsvCer68zu+ebgGNRmSswQs=,J6y0nn/Z9gLySiluDvsQQRTny40=
-170,-239,4svJnsvCer68zu+ebgGNRmSswQs=,J6y0nn/Z9gLySiluDvsQQRTny40=
-173,-225,4svJnsvCer68zu+ebgGNRmSswQs=,J6y0nn/Z9gLySiluDvsQQRTny40=
-169,-239,4svJnsvCer68zu+ebgGNRmSswQs=,J6y0nn/Z9gLySiluDvsQQRTny40=
-174,-225,4svJnsvCer68zu+ebgGNRmSswQs=,J6y0nn/Z9gLySiluDvsQQRTny40=
-176,-240,4svJnsvCer68zu+ebgGNRmSswQs=,J6y0nn/Z9gLySiluDvsQQRTny40=
-175,-225,4svJnsvCer68zu+ebgGNRmSswQs=,J6y0nn/Z9gLySiluDvsQQRTny40=
-168,-239,4svJnsvCer68zu+ebgGNRmSswQs=,J6y0nn/Z9gLySiluDvsQQRTny40=
-176,-239,4svJnsvCer68zu+ebgGNRmSswQs=,J6y0nn/Z9gLySiluDvsQQRTny40=
-167,-239,4svJnsvCer68zu+ebgGNRmSswQs=,J6y0nn/Z9gLySiluDvsQQRTny40=
-176,-225,4svJnsvCer68zu+ebgGNRmSswQs=,J6y0nn/Z9gLySiluDvsQQRTny40=
-166,-239,4svJnsvCer68zu+ebgGNRmSswQs=,J6y0nn/Z9gLySiluDvsQQRTny40=
-164,-239,4svJnsvCer68zu+ebgGNRmSswQs=,J6y0nn/Z9gLySiluDvsQQRTny40=
-163,-239,4svJnsvCer68zu+ebgGNRmSswQs=,J6y0nn/Z9gLySiluDvsQQRTny40=
-165,-239,4svJnsvCer68zu+ebgGNRmSswQs=,J6y0nn/Z9gLySiluDvsQQRTny40=
-162,-239,4svJnsvCer68zu+ebgGNRmSswQs=,J6y0nn/Z9gLySiluDvsQQRTny40=
-161,-239,4svJnsvCer68zu+ebgGNRmSswQs=,J6y0nn/Z9gLySiluDvsQQRTny40=
-174,-240,4svJnsvCer68zu+ebgGNRmSswQs=,J6y0nn/Z9gLySiluDvsQQRTny40=
-176,-238,4svJnsvCer68zu+ebgGNRmSswQs=,J6y0nn/Z9gLySiluDvsQQRTny40=
-175,-238,4svJnsvCer68zu+ebgGNRmSswQs=,J6y0nn/Z9gLySiluDvsQQRTny40=
-174,-238,4svJnsvCer68zu+ebgGNRmSswQs=,J6y0nn/Z9gLySiluDvsQQRTny40=
-173,-238,4svJnsvCer68zu+ebgGNRmSswQs=,J6y0nn/Z9gLySiluDvsQQRTny40=
-172,-238,4svJnsvCer68zu+ebgGNRmSswQs=,J6y0nn/Z9gLySiluDvsQQRTny40=
-171,-238,4svJnsvCer68zu+ebgGNRmSswQs=,J6y0nn/Z9gLySiluDvsQQRTny40=
-170,-238,4svJnsvCer68zu+ebgGNRmSswQs=,J6y0nn/Z9gLySiluDvsQQRTny40=
-168,-238,4svJnsvCer68zu+ebgGNRmSswQs=,J6y0nn/Z9gLySiluDvsQQRTny40=
-169,-238,4svJnsvCer68zu+ebgGNRmSswQs=,J6y0nn/Z9gLySiluDvsQQRTny40=
-167,-238,4svJnsvCer68zu+ebgGNRmSswQs=,J6y0nn/Z9gLySiluDvsQQRTny40=
-166,-238,4svJnsvCer68zu+ebgGNRmSswQs=,J6y0nn/Z9gLySiluDvsQQRTny40=
-165,-238,4svJnsvCer68zu+ebgGNRmSswQs=,J6y0nn/Z9gLySiluDvsQQRTny40=
-164,-238,4svJnsvCer68zu+ebgGNRmSswQs=,J6y0nn/Z9gLySiluDvsQQRTny40=
-163,-238,4svJnsvCer68zu+ebgGNRmSswQs=,J6y0nn/Z9gLySiluDvsQQRTny40=
-165,-226,4svJnsvCer68zu+ebgGNRmSswQs=,J6y0nn/Z9gLySiluDvsQQRTny40=
-167,-226,4svJnsvCer68zu+ebgGNRmSswQs=,J6y0nn/Z9gLySiluDvsQQRTny40=
-166,-226,4svJnsvCer68zu+ebgGNRmSswQs=,J6y0nn/Z9gLySiluDvsQQRTny40=
-164,-226,4svJnsvCer68zu+ebgGNRmSswQs=,J6y0nn/Z9gLySiluDvsQQRTny40=
-168,-226,4svJnsvCer68zu+ebgGNRmSswQs=,J6y0nn/Z9gLySiluDvsQQRTny40=
-172,-226,4svJnsvCer68zu+ebgGNRmSswQs=,J6y0nn/Z9gLySiluDvsQQRTny40=
-169,-226,4svJnsvCer68zu+ebgGNRmSswQs=,J6y0nn/Z9gLySiluDvsQQRTny40=
-161,-240,4svJnsvCer68zu+ebgGNRmSswQs=,J6y0nn/Z9gLySiluDvsQQRTny40=
-171,-226,4svJnsvCer68zu+ebgGNRmSswQs=,J6y0nn/Z9gLySiluDvsQQRTny40=
-174,-226,4svJnsvCer68zu+ebgGNRmSswQs=,J6y0nn/Z9gLySiluDvsQQRTny40=
-170,-226,4svJnsvCer68zu+ebgGNRmSswQs=,J6y0nn/Z9gLySiluDvsQQRTny40=
-175,-226,4svJnsvCer68zu+ebgGNRmSswQs=,J6y0nn/Z9gLySiluDvsQQRTny40=
-162,-240,4svJnsvCer68zu+ebgGNRmSswQs=,J6y0nn/Z9gLySiluDvsQQRTny40=
-176,-226,4svJnsvCer68zu+ebgGNRmSswQs=,J6y0nn/Z9gLySiluDvsQQRTny40=
-173,-226,4svJnsvCer68zu+ebgGNRmSswQs=,J6y0nn/Z9gLySiluDvsQQRTny40=
-162,-227,4svJnsvCer68zu+ebgGNRmSswQs=,J6y0nn/Z9gLySiluDvsQQRTny40=
-164,-227,4svJnsvCer68zu+ebgGNRmSswQs=,J6y0nn/Z9gLySiluDvsQQRTny40=
-165,-227,4svJnsvCer68zu+ebgGNRmSswQs=,J6y0nn/Z9gLySiluDvsQQRTny40=
-167,-227,4svJnsvCer68zu+ebgGNRmSswQs=,J6y0nn/Z9gLySiluDvsQQRTny40=
-166,-227,4svJnsvCer68zu+ebgGNRmSswQs=,J6y0nn/Z9gLySiluDvsQQRTny40=
-168,-227,4svJnsvCer68zu+ebgGNRmSswQs=,J6y0nn/Z9gLySiluDvsQQRTny40=
-171,-227,4svJnsvCer68zu+ebgGNRmSswQs=,J6y0nn/Z9gLySiluDvsQQRTny40=
-169,-227,4svJnsvCer68zu+ebgGNRmSswQs=,J6y0nn/Z9gLySiluDvsQQRTny40=
-170,-227,4svJnsvCer68zu+ebgGNRmSswQs=,J6y0nn/Z9gLySiluDvsQQRTny40=
-173,-227,4svJnsvCer68zu+ebgGNRmSswQs=,J6y0nn/Z9gLySiluDvsQQRTny40=
-172,-227,4svJnsvCer68zu+ebgGNRmSswQs=,J6y0nn/Z9gLySiluDvsQQRTny40=
-174,-227,4svJnsvCer68zu+ebgGNRmSswQs=,J6y0nn/Z9gLySiluDvsQQRTny40=
-163,-240,4svJnsvCer68zu+ebgGNRmSswQs=,J6y0nn/Z9gLySiluDvsQQRTny40=
-175,-227,4svJnsvCer68zu+ebgGNRmSswQs=,J6y0nn/Z9gLySiluDvsQQRTny40=
-176,-227,4svJnsvCer68zu+ebgGNRmSswQs=,J6y0nn/Z9gLySiluDvsQQRTny40=
-162,-228,4svJnsvCer68zu+ebgGNRmSswQs=,J6y0nn/Z9gLySiluDvsQQRTny40=
-161,-228,4svJnsvCer68zu+ebgGNRmSswQs=,J6y0nn/Z9gLySiluDvsQQRTny40=
-165,-228,4svJnsvCer68zu+ebgGNRmSswQs=,J6y0nn/Z9gLySiluDvsQQRTny40=
-166,-228,4svJnsvCer68zu+ebgGNRmSswQs=,J6y0nn/Z9gLySiluDvsQQRTny40=
-167,-228,4svJnsvCer68zu+ebgGNRmSswQs=,J6y0nn/Z9gLySiluDvsQQRTny40=
-168,-228,4svJnsvCer68zu+ebgGNRmSswQs=,J6y0nn/Z9gLySiluDvsQQRTny40=
-169,-228,4svJnsvCer68zu+ebgGNRmSswQs=,J6y0nn/Z9gLySiluDvsQQRTny40=
-170,-228,4svJnsvCer68zu+ebgGNRmSswQs=,J6y0nn/Z9gLySiluDvsQQRTny40=
-171,-228,4svJnsvCer68zu+ebgGNRmSswQs=,J6y0nn/Z9gLySiluDvsQQRTny40=
-172,-228,4svJnsvCer68zu+ebgGNRmSswQs=,J6y0nn/Z9gLySiluDvsQQRTny40=
-173,-228,4svJnsvCer68zu+ebgGNRmSswQs=,J6y0nn/Z9gLySiluDvsQQRTny40=
-175,-228,4svJnsvCer68zu+ebgGNRmSswQs=,J6y0nn/Z9gLySiluDvsQQRTny40=
-176,-228,4svJnsvCer68zu+ebgGNRmSswQs=,J6y0nn/Z9gLySiluDvsQQRTny40=
-164,-240,4svJnsvCer68zu+ebgGNRmSswQs=,J6y0nn/Z9gLySiluDvsQQRTny40=
-174,-228,4svJnsvCer68zu+ebgGNRmSswQs=,J6y0nn/Z9gLySiluDvsQQRTny40=
-162,-238,4svJnsvCer68zu+ebgGNRmSswQs=,J6y0nn/Z9gLySiluDvsQQRTny40=
-161,-229,4svJnsvCer68zu+ebgGNRmSswQs=,J6y0nn/Z9gLySiluDvsQQRTny40=
-164,-228,4svJnsvCer68zu+ebgGNRmSswQs=,J6y0nn/Z9gLySiluDvsQQRTny40=
-164,-229,4svJnsvCer68zu+ebgGNRmSswQs=,J6y0nn/Z9gLySiluDvsQQRTny40=
-165,-229,4svJnsvCer68zu+ebgGNRmSswQs=,J6y0nn/Z9gLySiluDvsQQRTny40=
-166,-229,4svJnsvCer68zu+ebgGNRmSswQs=,J6y0nn/Z9gLySiluDvsQQRTny40=
-167,-229,4svJnsvCer68zu+ebgGNRmSswQs=,J6y0nn/Z9gLySiluDvsQQRTny40=
-168,-229,4svJnsvCer68zu+ebgGNRmSswQs=,J6y0nn/Z9gLySiluDvsQQRTny40=
-169,-229,4svJnsvCer68zu+ebgGNRmSswQs=,J6y0nn/Z9gLySiluDvsQQRTny40=
-170,-229,4svJnsvCer68zu+ebgGNRmSswQs=,J6y0nn/Z9gLySiluDvsQQRTny40=
-171,-229,4svJnsvCer68zu+ebgGNRmSswQs=,J6y0nn/Z9gLySiluDvsQQRTny40=
-172,-229,4svJnsvCer68zu+ebgGNRmSswQs=,J6y0nn/Z9gLySiluDvsQQRTny40=
-175,-229,4svJnsvCer68zu+ebgGNRmSswQs=,J6y0nn/Z9gLySiluDvsQQRTny40=
-173,-229,4svJnsvCer68zu+ebgGNRmSswQs=,J6y0nn/Z9gLySiluDvsQQRTny40=
-174,-229,4svJnsvCer68zu+ebgGNRmSswQs=,J6y0nn/Z9gLySiluDvsQQRTny40=
-165,-240,4svJnsvCer68zu+ebgGNRmSswQs=,J6y0nn/Z9gLySiluDvsQQRTny40=
-176,-229,4svJnsvCer68zu+ebgGNRmSswQs=,J6y0nn/Z9gLySiluDvsQQRTny40=
-161,-230,4svJnsvCer68zu+ebgGNRmSswQs=,J6y0nn/Z9gLySiluDvsQQRTny40=
-162,-230,4svJnsvCer68zu+ebgGNRmSswQs=,J6y0nn/Z9gLySiluDvsQQRTny40=
-163,-230,4svJnsvCer68zu+ebgGNRmSswQs=,J6y0nn/Z9gLySiluDvsQQRTny40=
-161,-238,4svJnsvCer68zu+ebgGNRmSswQs=,J6y0nn/Z9gLySiluDvsQQRTny40=
-176,-237,4svJnsvCer68zu+ebgGNRmSswQs=,J6y0nn/Z9gLySiluDvsQQRTny40=
-173,-240,4svJnsvCer68zu+ebgGNRmSswQs=,J6y0nn/Z9gLySiluDvsQQRTny40=
-175,-237,4svJnsvCer68zu+ebgGNRmSswQs=,J6y0nn/Z9gLySiluDvsQQRTny40=
-174,-237,4svJnsvCer68zu+ebgGNRmSswQs=,J6y0nn/Z9gLySiluDvsQQRTny40=
-173,-237,4svJnsvCer68zu+ebgGNRmSswQs=,J6y0nn/Z9gLySiluDvsQQRTny40=
-172,-237,4svJnsvCer68zu+ebgGNRmSswQs=,J6y0nn/Z9gLySiluDvsQQRTny40=
-171,-237,4svJnsvCer68zu+ebgGNRmSswQs=,J6y0nn/Z9gLySiluDvsQQRTny40=
-170,-237,4svJnsvCer68zu+ebgGNRmSswQs=,J6y0nn/Z9gLySiluDvsQQRTny40=
-169,-237,4svJnsvCer68zu+ebgGNRmSswQs=,J6y0nn/Z9gLySiluDvsQQRTny40=
-168,-237,4svJnsvCer68zu+ebgGNRmSswQs=,J6y0nn/Z9gLySiluDvsQQRTny40=
-167,-237,4svJnsvCer68zu+ebgGNRmSswQs=,J6y0nn/Z9gLySiluDvsQQRTny40=
-166,-237,4svJnsvCer68zu+ebgGNRmSswQs=,J6y0nn/Z9gLySiluDvsQQRTny40=
-165,-237,4svJnsvCer68zu+ebgGNRmSswQs=,J6y0nn/Z9gLySiluDvsQQRTny40=
-164,-237,4svJnsvCer68zu+ebgGNRmSswQs=,J6y0nn/Z9gLySiluDvsQQRTny40=
-163,-237,4svJnsvCer68zu+ebgGNRmSswQs=,J6y0nn/Z9gLySiluDvsQQRTny40=
-162,-229,4svJnsvCer68zu+ebgGNRmSswQs=,J6y0nn/Z9gLySiluDvsQQRTny40=
-162,-237,4svJnsvCer68zu+ebgGNRmSswQs=,J6y0nn/Z9gLySiluDvsQQRTny40=
-161,-227,4svJnsvCer68zu+ebgGNRmSswQs=,J6y0nn/Z9gLySiluDvsQQRTny40=
-166,-230,4svJnsvCer68zu+ebgGNRmSswQs=,J6y0nn/Z9gLySiluDvsQQRTny40=
-167,-230,4svJnsvCer68zu+ebgGNRmSswQs=,J6y0nn/Z9gLySiluDvsQQRTny40=
-168,-230,4svJnsvCer68zu+ebgGNRmSswQs=,J6y0nn/Z9gLySiluDvsQQRTny40=
-169,-230,4svJnsvCer68zu+ebgGNRmSswQs=,J6y0nn/Z9gLySiluDvsQQRTny40=
-170,-230,4svJnsvCer68zu+ebgGNRmSswQs=,J6y0nn/Z9gLySiluDvsQQRTny40=
-171,-230,4svJnsvCer68zu+ebgGNRmSswQs=,J6y0nn/Z9gLySiluDvsQQRTny40=
-172,-230,4svJnsvCer68zu+ebgGNRmSswQs=,J6y0nn/Z9gLySiluDvsQQRTny40=
-173,-230,4svJnsvCer68zu+ebgGNRmSswQs=,J6y0nn/Z9gLySiluDvsQQRTny40=
-174,-230,4svJnsvCer68zu+ebgGNRmSswQs=,J6y0nn/Z9gLySiluDvsQQRTny40=
-175,-230,4svJnsvCer68zu+ebgGNRmSswQs=,J6y0nn/Z9gLySiluDvsQQRTny40=
-166,-240,4svJnsvCer68zu+ebgGNRmSswQs=,J6y0nn/Z9gLySiluDvsQQRTny40=
-176,-230,4svJnsvCer68zu+ebgGNRmSswQs=,J6y0nn/Z9gLySiluDvsQQRTny40=
-161,-231,4svJnsvCer68zu+ebgGNRmSswQs=,J6y0nn/Z9gLySiluDvsQQRTny40=
-163,-231,4svJnsvCer68zu+ebgGNRmSswQs=,J6y0nn/Z9gLySiluDvsQQRTny40=
-164,-231,4svJnsvCer68zu+ebgGNRmSswQs=,J6y0nn/Z9gLySiluDvsQQRTny40=
-165,-231,4svJnsvCer68zu+ebgGNRmSswQs=,J6y0nn/Z9gLySiluDvsQQRTny40=
-166,-231,4svJnsvCer68zu+ebgGNRmSswQs=,J6y0nn/Z9gLySiluDvsQQRTny40=
-167,-231,4svJnsvCer68zu+ebgGNRmSswQs=,J6y0nn/Z9gLySiluDvsQQRTny40=
-168,-231,4svJnsvCer68zu+ebgGNRmSswQs=,J6y0nn/Z9gLySiluDvsQQRTny40=
-170,-231,4svJnsvCer68zu+ebgGNRmSswQs=,J6y0nn/Z9gLySiluDvsQQRTny40=
-169,-231,4svJnsvCer68zu+ebgGNRmSswQs=,J6y0nn/Z9gLySiluDvsQQRTny40=
-172,-231,4svJnsvCer68zu+ebgGNRmSswQs=,J6y0nn/Z9gLySiluDvsQQRTny40=
-173,-231,4svJnsvCer68zu+ebgGNRmSswQs=,J6y0nn/Z9gLySiluDvsQQRTny40=
-171,-231,4svJnsvCer68zu+ebgGNRmSswQs=,J6y0nn/Z9gLySiluDvsQQRTny40=
-174,-231,4svJnsvCer68zu+ebgGNRmSswQs=,J6y0nn/Z9gLySiluDvsQQRTny40=
-175,-231,4svJnsvCer68zu+ebgGNRmSswQs=,J6y0nn/Z9gLySiluDvsQQRTny40=
-167,-240,4svJnsvCer68zu+ebgGNRmSswQs=,J6y0nn/Z9gLySiluDvsQQRTny40=
-176,-231,4svJnsvCer68zu+ebgGNRmSswQs=,J6y0nn/Z9gLySiluDvsQQRTny40=
-161,-232,4svJnsvCer68zu+ebgGNRmSswQs=,J6y0nn/Z9gLySiluDvsQQRTny40=
-164,-230,4svJnsvCer68zu+ebgGNRmSswQs=,J6y0nn/Z9gLySiluDvsQQRTny40=
-163,-232,4svJnsvCer68zu+ebgGNRmSswQs=,J6y0nn/Z9gLySiluDvsQQRTny40=
-164,-232,4svJnsvCer68zu+ebgGNRmSswQs=,J6y0nn/Z9gLySiluDvsQQRTny40=
-165,-232,4svJnsvCer68zu+ebgGNRmSswQs=,J6y0nn/Z9gLySiluDvsQQRTny40=
-166,-232,4svJnsvCer68zu+ebgGNRmSswQs=,J6y0nn/Z9gLySiluDvsQQRTny40=
-167,-232,4svJnsvCer68zu+ebgGNRmSswQs=,J6y0nn/Z9gLySiluDvsQQRTny40=
-168,-232,4svJnsvCer68zu+ebgGNRmSswQs=,J6y0nn/Z9gLySiluDvsQQRTny40=
-169,-232,4svJnsvCer68zu+ebgGNRmSswQs=,J6y0nn/Z9gLySiluDvsQQRTny40=
-170,-232,4svJnsvCer68zu+ebgGNRmSswQs=,J6y0nn/Z9gLySiluDvsQQRTny40=
-171,-232,4svJnsvCer68zu+ebgGNRmSswQs=,J6y0nn/Z9gLySiluDvsQQRTny40=
-172,-232,4svJnsvCer68zu+ebgGNRmSswQs=,J6y0nn/Z9gLySiluDvsQQRTny40=
-173,-232,4svJnsvCer68zu+ebgGNRmSswQs=,J6y0nn/Z9gLySiluDvsQQRTny40=
-174,-232,4svJnsvCer68zu+ebgGNRmSswQs=,J6y0nn/Z9gLySiluDvsQQRTny40=
-161,-237,4svJnsvCer68zu+ebgGNRmSswQs=,J6y0nn/Z9gLySiluDvsQQRTny40=
-175,-232,4svJnsvCer68zu+ebgGNRmSswQs=,J6y0nn/Z9gLySiluDvsQQRTny40=
-176,-236,4svJnsvCer68zu+ebgGNRmSswQs=,J6y0nn/Z9gLySiluDvsQQRTny40=
-168,-240,4svJnsvCer68zu+ebgGNRmSswQs=,J6y0nn/Z9gLySiluDvsQQRTny40=
-176,-232,4svJnsvCer68zu+ebgGNRmSswQs=,J6y0nn/Z9gLySiluDvsQQRTny40=
-172,-240,4svJnsvCer68zu+ebgGNRmSswQs=,J6y0nn/Z9gLySiluDvsQQRTny40=
-161,-233,4svJnsvCer68zu+ebgGNRmSswQs=,J6y0nn/Z9gLySiluDvsQQRTny40=
-175,-236,4svJnsvCer68zu+ebgGNRmSswQs=,J6y0nn/Z9gLySiluDvsQQRTny40=
-162,-233,4svJnsvCer68zu+ebgGNRmSswQs=,J6y0nn/Z9gLySiluDvsQQRTny40=
-174,-236,4svJnsvCer68zu+ebgGNRmSswQs=,J6y0nn/Z9gLySiluDvsQQRTny40=
-163,-233,4svJnsvCer68zu+ebgGNRmSswQs=,J6y0nn/Z9gLySiluDvsQQRTny40=
-173,-236,4svJnsvCer68zu+ebgGNRmSswQs=,J6y0nn/Z9gLySiluDvsQQRTny40=
-164,-233,4svJnsvCer68zu+ebgGNRmSswQs=,J6y0nn/Z9gLySiluDvsQQRTny40=
-172,-236,4svJnsvCer68zu+ebgGNRmSswQs=,J6y0nn/Z9gLySiluDvsQQRTny40=
-171,-236,4svJnsvCer68zu+ebgGNRmSswQs=,J6y0nn/Z9gLySiluDvsQQRTny40=
-165,-233,4svJnsvCer68zu+ebgGNRmSswQs=,J6y0nn/Z9gLySiluDvsQQRTny40=
-170,-236,4svJnsvCer68zu+ebgGNRmSswQs=,J6y0nn/Z9gLySiluDvsQQRTny40=
-166,-233,4svJnsvCer68zu+ebgGNRmSswQs=,J6y0nn/Z9gLySiluDvsQQRTny40=
-169,-236,4svJnsvCer68zu+ebgGNRmSswQs=,J6y0nn/Z9gLySiluDvsQQRTny40=
-167,-233,4svJnsvCer68zu+ebgGNRmSswQs=,J6y0nn/Z9gLySiluDvsQQRTny40=
-168,-233,4svJnsvCer68zu+ebgGNRmSswQs=,J6y0nn/Z9gLySiluDvsQQRTny40=
-168,-236,4svJnsvCer68zu+ebgGNRmSswQs=,J6y0nn/Z9gLySiluDvsQQRTny40=
-169,-233,4svJnsvCer68zu+ebgGNRmSswQs=,J6y0nn/Z9gLySiluDvsQQRTny40=
-167,-236,4svJnsvCer68zu+ebgGNRmSswQs=,J6y0nn/Z9gLySiluDvsQQRTny40=
-166,-236,4svJnsvCer68zu+ebgGNRmSswQs=,J6y0nn/Z9gLySiluDvsQQRTny40=
-170,-233,4svJnsvCer68zu+ebgGNRmSswQs=,J6y0nn/Z9gLySiluDvsQQRTny40=
-165,-236,4svJnsvCer68zu+ebgGNRmSswQs=,J6y0nn/Z9gLySiluDvsQQRTny40=
-171,-233,4svJnsvCer68zu+ebgGNRmSswQs=,J6y0nn/Z9gLySiluDvsQQRTny40=
-164,-236,4svJnsvCer68zu+ebgGNRmSswQs=,J6y0nn/Z9gLySiluDvsQQRTny40=
-172,-233,4svJnsvCer68zu+ebgGNRmSswQs=,J6y0nn/Z9gLySiluDvsQQRTny40=
-163,-236,4svJnsvCer68zu+ebgGNRmSswQs=,J6y0nn/Z9gLySiluDvsQQRTny40=
-173,-233,4svJnsvCer68zu+ebgGNRmSswQs=,J6y0nn/Z9gLySiluDvsQQRTny40=
-162,-236,4svJnsvCer68zu+ebgGNRmSswQs=,J6y0nn/Z9gLySiluDvsQQRTny40=
-174,-233,4svJnsvCer68zu+ebgGNRmSswQs=,J6y0nn/Z9gLySiluDvsQQRTny40=
-175,-233,4svJnsvCer68zu+ebgGNRmSswQs=,J6y0nn/Z9gLySiluDvsQQRTny40=
-169,-240,4svJnsvCer68zu+ebgGNRmSswQs=,J6y0nn/Z9gLySiluDvsQQRTny40=
-161,-234,4svJnsvCer68zu+ebgGNRmSswQs=,J6y0nn/Z9gLySiluDvsQQRTny40=
-176,-233,4svJnsvCer68zu+ebgGNRmSswQs=,J6y0nn/Z9gLySiluDvsQQRTny40=
-162,-234,4svJnsvCer68zu+ebgGNRmSswQs=,J6y0nn/Z9gLySiluDvsQQRTny40=
-163,-234,4svJnsvCer68zu+ebgGNRmSswQs=,J6y0nn/Z9gLySiluDvsQQRTny40=
-165,-230,4svJnsvCer68zu+ebgGNRmSswQs=,J6y0nn/Z9gLySiluDvsQQRTny40=
-164,-234,4svJnsvCer68zu+ebgGNRmSswQs=,J6y0nn/Z9gLySiluDvsQQRTny40=
-165,-234,4svJnsvCer68zu+ebgGNRmSswQs=,J6y0nn/Z9gLySiluDvsQQRTny40=
-166,-234,4svJnsvCer68zu+ebgGNRmSswQs=,J6y0nn/Z9gLySiluDvsQQRTny40=
-167,-234,4svJnsvCer68zu+ebgGNRmSswQs=,J6y0nn/Z9gLySiluDvsQQRTny40=
-168,-234,4svJnsvCer68zu+ebgGNRmSswQs=,J6y0nn/Z9gLySiluDvsQQRTny40=
-169,-234,4svJnsvCer68zu+ebgGNRmSswQs=,J6y0nn/Z9gLySiluDvsQQRTny40=
-170,-234,4svJnsvCer68zu+ebgGNRmSswQs=,J6y0nn/Z9gLySiluDvsQQRTny40=
-171,-234,4svJnsvCer68zu+ebgGNRmSswQs=,J6y0nn/Z9gLySiluDvsQQRTny40=
-172,-234,4svJnsvCer68zu+ebgGNRmSswQs=,J6y0nn/Z9gLySiluDvsQQRTny40=
-173,-234,4svJnsvCer68zu+ebgGNRmSswQs=,J6y0nn/Z9gLySiluDvsQQRTny40=
-174,-234,4svJnsvCer68zu+ebgGNRmSswQs=,J6y0nn/Z9gLySiluDvsQQRTny40=
-175,-234,4svJnsvCer68zu+ebgGNRmSswQs=,J6y0nn/Z9gLySiluDvsQQRTny40=
-170,-240,4svJnsvCer68zu+ebgGNRmSswQs=,J6y0nn/Z9gLySiluDvsQQRTny40=
-176,-234,4svJnsvCer68zu+ebgGNRmSswQs=,J6y0nn/Z9gLySiluDvsQQRTny40=
-161,-235,4svJnsvCer68zu+ebgGNRmSswQs=,J6y0nn/Z9gLySiluDvsQQRTny40=
-162,-235,4svJnsvCer68zu+ebgGNRmSswQs=,J6y0nn/Z9gLySiluDvsQQRTny40=
-163,-235,4svJnsvCer68zu+ebgGNRmSswQs=,J6y0nn/Z9gLySiluDvsQQRTny40=
-164,-235,4svJnsvCer68zu+ebgGNRmSswQs=,J6y0nn/Z9gLySiluDvsQQRTny40=
-165,-235,4svJnsvCer68zu+ebgGNRmSswQs=,J6y0nn/Z9gLySiluDvsQQRTny40=
-166,-235,4svJnsvCer68zu+ebgGNRmSswQs=,J6y0nn/Z9gLySiluDvsQQRTny40=
-167,-235,4svJnsvCer68zu+ebgGNRmSswQs=,J6y0nn/Z9gLySiluDvsQQRTny40=
-168,-235,4svJnsvCer68zu+ebgGNRmSswQs=,J6y0nn/Z9gLySiluDvsQQRTny40=
-169,-235,4svJnsvCer68zu+ebgGNRmSswQs=,J6y0nn/Z9gLySiluDvsQQRTny40=
-170,-235,4svJnsvCer68zu+ebgGNRmSswQs=,J6y0nn/Z9gLySiluDvsQQRTny40=
-171,-235,4svJnsvCer68zu+ebgGNRmSswQs=,J6y0nn/Z9gLySiluDvsQQRTny40=
-172,-235,4svJnsvCer68zu+ebgGNRmSswQs=,J6y0nn/Z9gLySiluDvsQQRTny40=
-173,-235,4svJnsvCer68zu+ebgGNRmSswQs=,J6y0nn/Z9gLySiluDvsQQRTny40=
-174,-235,4svJnsvCer68zu+ebgGNRmSswQs=,J6y0nn/Z9gLySiluDvsQQRTny40=
-175,-235,4svJnsvCer68zu+ebgGNRmSswQs=,J6y0nn/Z9gLySiluDvsQQRTny40=
-163,-229,4svJnsvCer68zu+ebgGNRmSswQs=,J6y0nn/Z9gLySiluDvsQQRTny40=
-171,-240,4svJnsvCer68zu+ebgGNRmSswQs=,J6y0nn/Z9gLySiluDvsQQRTny40=
-162,-231,4svJnsvCer68zu+ebgGNRmSswQs=,J6y0nn/Z9gLySiluDvsQQRTny40=
-176,-235,4svJnsvCer68zu+ebgGNRmSswQs=,J6y0nn/Z9gLySiluDvsQQRTny40=
-162,-226,4svJnsvCer68zu+ebgGNRmSswQs=,J6y0nn/Z9gLySiluDvsQQRTny40=
-161,-236,4svJnsvCer68zu+ebgGNRmSswQs=,J6y0nn/Z9gLySiluDvsQQRTny40=
-162,-232,4svJnsvCer68zu+ebgGNRmSswQs=,J6y0nn/Z9gLySiluDvsQQRTny40=
-163,-228,4svJnsvCer68zu+ebgGNRmSswQs=,J6y0nn/Z9gLySiluDvsQQRTny40=
-163,-226,4svJnsvCer68zu+ebgGNRmSswQs=,J6y0nn/Z9gLySiluDvsQQRTny40=
-163,-227,4svJnsvCer68zu+ebgGNRmSswQs=,J6y0nn/Z9gLySiluDvsQQRTny40=
-161,-226,4svJnsvCer68zu+ebgGNRmSswQs=,J6y0nn/Z9gLySiluDvsQQRTny40=
