897,769,iYiuDNtmHPJHb5IBRaIVefC7jRg=,8tkb/f9SPRNiVJLGcFvxBxBNKcQ=
896,769,iYiuDNtmHPJHb5IBRaIVefC7jRg=,8tkb/f9SPRNiVJLGcFvxBxBNKcQ=
911,783,iYiuDNtmHPJHb5IBRaIVefC7jRg=,8tkb/f9SPRNiVJLGcFvxBxBNKcQ=
909,768,iYiuDNtmHPJHb5IBRaIVefC7jRg=,8tkb/f9SPRNiVJLGcFvxBxBNKcQ=
910,768,iYiuDNtmHPJHb5IBRaIVefC7jRg=,8tkb/f9SPRNiVJLGcFvxBxBNKcQ=
911,768,iYiuDNtmHPJHb5IBRaIVefC7jRg=,8tkb/f9SPRNiVJLGcFvxBxBNKcQ=
907,768,iYiuDNtmHPJHb5IBRaIVefC7jRg=,8tkb/f9SPRNiVJLGcFvxBxBNKcQ=
906,768,iYiuDNtmHPJHb5IBRaIVefC7jRg=,8tkb/f9SPRNiVJLGcFvxBxBNKcQ=
905,768,iYiuDNtmHPJHb5IBRaIVefC7jRg=,8tkb/f9SPRNiVJLGcFvxBxBNKcQ=
908,768,iYiuDNtmHPJHb5IBRaIVefC7jRg=,8tkb/f9SPRNiVJLGcFvxBxBNKcQ=
904,768,iYiuDNtmHPJHb5IBRaIVefC7jRg=,8tkb/f9SPRNiVJLGcFvxBxBNKcQ=
902,768,iYiuDNtmHPJHb5IBRaIVefC7jRg=,8tkb/f9SPRNiVJLGcFvxBxBNKcQ=
901,768,iYiuDNtmHPJHb5IBRaIVefC7jRg=,8tkb/f9SPRNiVJLGcFvxBxBNKcQ=
899,768,iYiuDNtmHPJHb5IBRaIVefC7jRg=,8tkb/f9SPRNiVJLGcFvxBxBNKcQ=
903,768,iYiuDNtmHPJHb5IBRaIVefC7jRg=,8tkb/f9SPRNiVJLGcFvxBxBNKcQ=
898,768,iYiuDNtmHPJHb5IBRaIVefC7jRg=,8tkb/f9SPRNiVJLGcFvxBxBNKcQ=
897,768,iYiuDNtmHPJHb5IBRaIVefC7jRg=,8tkb/f9SPRNiVJLGcFvxBxBNKcQ=
910,783,iYiuDNtmHPJHb5IBRaIVefC7jRg=,8tkb/f9SPRNiVJLGcFvxBxBNKcQ=
900,768,iYiuDNtmHPJHb5IBRaIVefC7jRg=,8tkb/f9SPRNiVJLGcFvxBxBNKcQ=
896,768,iYiuDNtmHPJHb5IBRaIVefC7jRg=,8tkb/f9SPRNiVJLGcFvxBxBNKcQ=
909,783,iYiuDNtmHPJHb5IBRaIVefC7jRg=,8tkb/f9SPRNiVJLGcFvxBxBNKcQ=
907,783,iYiuDNtmHPJHb5IBRaIVefC7jRg=,8tkb/f9SPRNiVJLGcFvxBxBNKcQ=
906,783,iYiuDNtmHPJHb5IBRaIVefC7jRg=,8tkb/f9SPRNiVJLGcFvxBxBNKcQ=
904,783,iYiuDNtmHPJHb5IBRaIVefC7jRg=,8tkb/f9SPRNiVJLGcFvxBxBNKcQ=
905,783,iYiuDNtmHPJHb5IBRaIVefC7jRg=,8tkb/f9SPRNiVJLGcFvxBxBNKcQ=
903,783,iYiuDNtmHPJHb5IBRaIVefC7jRg=,8tkb/f9SPRNiVJLGcFvxBxBNKcQ=
908,783,iYiuDNtmHPJHb5IBRaIVefC7jRg=,8tkb/f9SPRNiVJLGcFvxBxBNKcQ=
902,783,iYiuDNtmHPJHb5IBRaIVefC7jRg=,8tkb/f9SPRNiVJLGcFvxBxBNKcQ=
901,783,iYiuDNtmHPJHb5IBRaIVefC7jRg=,8tkb/f9SPRNiVJLGcFvxBxBNKcQ=
900,783,iYiuDNtmHPJHb5IBRaIVefC7jRg=,8tkb/f9SPRNiVJLGcFvxBxBNKcQ=
899,783,iYiuDNtmHPJHb5IBRaIVefC7jRg=,8tkb/f9SPRNiVJLGcFvxBxBNKcQ=
898,783,iYiuDNtmHPJHb5IBRaIVefC7jRg=,8tkb/f9SPRNiVJLGcFvxBxBNKcQ=
897,783,iYiuDNtmHPJHb5IBRaIVefC7jRg=,8tkb/f9SPRNiVJLGcFvxBxBNKcQ=
896,783,iYiuDNtmHPJHb5IBRaIVefC7jRg=,8tkb/f9SPRNiVJLGcFvxBxBNKcQ=
909,782,iYiuDNtmHPJHb5IBRaIVefC7jRg=,8tkb/f9SPRNiVJLGcFvxBxBNKcQ=
907,782,iYiuDNtmHPJHb5IBRaIVefC7jRg=,8tkb/f9SPRNiVJLGcFvxBxBNKcQ=
908,782,iYiuDNtmHPJHb5IBRaIVefC7jRg=,8tkb/f9SPRNiVJLGcFvxBxBNKcQ=
911,782,iYiuDNtmHPJHb5IBRaIVefC7jRg=,8tkb/f9SPRNiVJLGcFvxBxBNKcQ=
906,782,iYiuDNtmHPJHb5IBRaIVefC7jRg=,8tkb/f9SPRNiVJLGcFvxBxBNKcQ=
910,782,iYiuDNtmHPJHb5IBRaIVefC7jRg=,8tkb/f9SPRNiVJLGcFvxBxBNKcQ=
903,782,iYiuDNtmHPJHb5IBRaIVefC7jRg=,8tkb/f9SPRNiVJLGcFvxBxBNKcQ=
902,782,iYiuDNtmHPJHb5IBRaIVefC7jRg=,8tkb/f9SPRNiVJLGcFvxBxBNKcQ=
905,782,iYiuDNtmHPJHb5IBRaIVefC7jRg=,8tkb/f9SPRNiVJLGcFvxBxBNKcQ=
904,782,iYiuDNtmHPJHb5IBRaIVefC7jRg=,8tkb/f9SPRNiVJLGcFvxBxBNKcQ=
898,769,iYiuDNtmHPJHb5IBRaIVefC7jRg=,8tkb/f9SPRNiVJLGcFvxBxBNKcQ=
901,782,iYiuDNtmHPJHb5IBRaIVefC7jRg=,8tkb/f9SPRNiVJLGcFvxBxBNKcQ=
898,782,iYiuDNtmHPJHb5IBRaIVefC7jRg=,8tkb/f9SPRNiVJLGcFvxBxBNKcQ=
897,782,iYiuDNtmHPJHb5IBRaIVefC7jRg=,8tkb/f9SPRNiVJLGcFvxBxBNKcQ=
899,782,iYiuDNtmHPJHb5IBRaIVefC7jRg=,8tkb/f9SPRNiVJLGcFvxBxBNKcQ=
900,782,iYiuDNtmHPJHb5IBRaIVefC7jRg=,8tkb/f9SPRNiVJLGcFvxBxBNKcQ=
899,769,iYiuDNtmHPJHb5IBRaIVefC7jRg=,8tkb/f9SPRNiVJLGcFvxBxBNKcQ=
896,782,iYiuDNtmHPJHb5IBRaIVefC7jRg=,8tkb/f9SPRNiVJLGcFvxBxBNKcQ=
910,781,iYiuDNtmHPJHb5IBRaIVefC7jRg=,8tkb/f9SPRNiVJLGcFvxBxBNKcQ=
900,769,iYiuDNtmHPJHb5IBRaIVefC7jRg=,8tkb/f9SPRNiVJLGcFvxBxBNKcQ=
909,781,iYiuDNtmHPJHb5IBRaIVefC7jRg=,8tkb/f9SPRNiVJLGcFvxBxBNKcQ=
907,781,iYiuDNtmHPJHb5IBRaIVefC7jRg=,8tkb/f9SPRNiVJLGcFvxBxBNKcQ=
908,781,iYiuDNtmHPJHb5IBRaIVefC7jRg=,8tkb/f9SPRNiVJLGcFvxBxBNKcQ=
906,781,iYiuDNtmHPJHb5IBRaIVefC7jRg=,8tkb/f9SPRNiVJLGcFvxBxBNKcQ=
911,781,iYiuDNtmHPJHb5IBRaIVefC7jRg=,8tkb/f9SPRNiVJLGcFvxBxBNKcQ=
901,769,iYiuDNtmHPJHb5IBRaIVefC7jRg=,8tkb/f9SPRNiVJLGcFvxBxBNKcQ=
904,781,iYiuDNtmHPJHb5IBRaIVefC7jRg=,8tkb/f9SPRNiVJLGcFvxBxBNKcQ=
903,781,iYiuDNtmHPJHb5IBRaIVefC7jRg=,8tkb/f9SPRNiVJLGcFvxBxBNKcQ=
901,781,iYiuDNtmHPJHb5IBRaIVefC7jRg=,8tkb/f9SPRNiVJLGcFvxBxBNKcQ=
902,769,iYiuDNtmHPJHb5IBRaIVefC7jRg=,8tkb/f9SPRNiVJLGcFvxBxBNKcQ=
900,781,iYiuDNtmHPJHb5IBRaIVefC7jRg=,8tkb/f9SPRNiVJLGcFvxBxBNKcQ=
902,781,iYiuDNtmHPJHb5IBRaIVefC7jRg=,8tkb/f9SPRNiVJLGcFvxBxBNKcQ=
899,781,iYiuDNtmHPJHb5IBRaIVefC7jRg=,8tkb/f9SPRNiVJLGcFvxBxBNKcQ=
905,781,iYiuDNtmHPJHb5IBRaIVefC7jRg=,8tkb/f9SPRNiVJLGcFvxBxBNKcQ=
896,781,iYiuDNtmHPJHb5IBRaIVefC7jRg=,8tkb/f9SPRNiVJLGcFvxBxBNKcQ=
897,781,iYiuDNtmHPJHb5IBRaIVefC7jRg=,8tkb/f9SPRNiVJLGcFvxBxBNKcQ=
903,769,iYiuDNtmHPJHb5IBRaIVefC7jRg=,8tkb/f9SPRNiVJLGcFvxBxBNKcQ=
911,780,iYiuDNtmHPJHb5IBRaIVefC7jRg=,8tkb/f9SPRNiVJLGcFvxBxBNKcQ=
898,781,iYiuDNtmHPJHb5IBRaIVefC7jRg=,8tkb/f9SPRNiVJLGcFvxBxBNKcQ=
910,780,iYiuDNtmHPJHb5IBRaIVefC7jRg=,8tkb/f9SPRNiVJLGcFvxBxBNKcQ=
908,780,iYiuDNtmHPJHb5IBRaIVefC7jRg=,8tkb/f9SPRNiVJLGcFvxBxBNKcQ=
904,769,iYiuDNtmHPJHb5IBRaIVefC7jRg=,8tkb/f9SPRNiVJLGcFvxBxBNKcQ=
909,780,iYiuDNtmHPJHb5IBRaIVefC7jRg=,8tkb/f9SPRNiVJLGcFvxBxBNKcQ=
907,780,iYiuDNtmHPJHb5IBRaIVefC7jRg=,8tkb/f9SPRNiVJLGcFvxBxBNKcQ=
905,780,iYiuDNtmHPJHb5IBRaIVefC7jRg=,8tkb/f9SPRNiVJLGcFvxBxBNKcQ=
905,769,iYiuDNtmHPJHb5IBRaIVefC7jRg=,8tkb/f9SPRNiVJLGcFvxBxBNKcQ=
904,780,iYiuDNtmHPJHb5IBRaIVefC7jRg=,8tkb/f9SPRNiVJLGcFvxBxBNKcQ=
906,780,iYiuDNtmHPJHb5IBRaIVefC7jRg=,8tkb/f9SPRNiVJLGcFvxBxBNKcQ=
903,780,iYiuDNtmHPJHb5IBRaIVefC7jRg=,8tkb/f9SPRNiVJLGcFvxBxBNKcQ=
902,780,iYiuDNtmHPJHb5IBRaIVefC7jRg=,8tkb/f9SPRNiVJLGcFvxBxBNKcQ=
901,780,iYiuDNtmHPJHb5IBRaIVefC7jRg=,8tkb/f9SPRNiVJLGcFvxBxBNKcQ=
900,780,iYiuDNtmHPJHb5IBRaIVefC7jRg=,8tkb/f9SPRNiVJLGcFvxBxBNKcQ=
897,780,iYiuDNtmHPJHb5IBRaIVefC7jRg=,8tkb/f9SPRNiVJLGcFvxBxBNKcQ=
910,779,iYiuDNtmHPJHb5IBRaIVefC7jRg=,8tkb/f9SPRNiVJLGcFvxBxBNKcQ=
896,780,iYiuDNtmHPJHb5IBRaIVefC7jRg=,8tkb/f9SPRNiVJLGcFvxBxBNKcQ=
911,779,iYiuDNtmHPJHb5IBRaIVefC7jRg=,8tkb/f9SPRNiVJLGcFvxBxBNKcQ=
906,769,iYiuDNtmHPJHb5IBRaIVefC7jRg=,8tkb/f9SPRNiVJLGcFvxBxBNKcQ=
909,779,iYiuDNtmHPJHb5IBRaIVefC7jRg=,8tkb/f9SPRNiVJLGcFvxBxBNKcQ=
908,779,iYiuDNtmHPJHb5IBRaIVefC7jRg=,8tkb/f9SPRNiVJLGcFvxBxBNKcQ=
906,779,iYiuDNtmHPJHb5IBRaIVefC7jRg=,8tkb/f9SPRNiVJLGcFvxBxBNKcQ=
907,779,iYiuDNtmHPJHb5IBRaIVefC7jRg=,8tkb/f9SPRNiVJLGcFvxBxBNKcQ=
905,779,iYiuDNtmHPJHb5IBRaIVefC7jRg=,8tkb/f9SPRNiVJLGcFvxBxBNKcQ=
907,769,iYiuDNtmHPJHb5IBRaIVefC7jRg=,8tkb/f9SPRNiVJLGcFvxBxBNKcQ=
904,779,iYiuDNtmHPJHb5IBRaIVefC7jRg=,8tkb/f9SPRNiVJLGcFvxBxBNKcQ=
903,779,iYiuDNtmHPJHb5IBRaIVefC7jRg=,8tkb/f9SPRNiVJLGcFvxBxBNKcQ=
902,779,iYiuDNtmHPJHb5IBRaIVefC7jRg=,8tkb/f9SPRNiVJLGcFvxBxBNKcQ=
901,779,iYiuDNtmHPJHb5IBRaIVefC7jRg=,8tkb/f9SPRNiVJLGcFvxBxBNKcQ=
908,769,iYiuDNtmHPJHb5IBRaIVefC7jRg=,8tkb/f9SPRNiVJLGcFvxBxBNKcQ=
900,779,iYiuDNtmHPJHb5IBRaIVefC7jRg=,8tkb/f9SPRNiVJLGcFvxBxBNKcQ=
899,779,iYiuDNtmHPJHb5IBRaIVefC7jRg=,8tkb/f9SPRNiVJLGcFvxBxBNKcQ=
909,769,iYiuDNtmHPJHb5IBRaIVefC7jRg=,8tkb/f9SPRNiVJLGcFvxBxBNKcQ=
898,779,iYiuDNtmHPJHb5IBRaIVefC7jRg=,8tkb/f9SPRNiVJLGcFvxBxBNKcQ=
911,778,iYiuDNtmHPJHb5IBRaIVefC7jRg=,8tkb/f9SPRNiVJLGcFvxBxBNKcQ=
896,779,iYiuDNtmHPJHb5IBRaIVefC7jRg=,8tkb/f9SPRNiVJLGcFvxBxBNKcQ=
910,769,iYiuDNtmHPJHb5IBRaIVefC7jRg=,8tkb/f9SPRNiVJLGcFvxBxBNKcQ=
909,778,iYiuDNtmHPJHb5IBRaIVefC7jRg=,8tkb/f9SPRNiVJLGcFvxBxBNKcQ=
910,778,iYiuDNtmHPJHb5IBRaIVefC7jRg=,8tkb/f9SPRNiVJLGcFvxBxBNKcQ=
911,769,iYiuDNtmHPJHb5IBRaIVefC7jRg=,8tkb/f9SPRNiVJLGcFvxBxBNKcQ=
908,778,iYiuDNtmHPJHb5IBRaIVefC7jRg=,8tkb/f9SPRNiVJLGcFvxBxBNKcQ=
907,778,iYiuDNtmHPJHb5IBRaIVefC7jRg=,8tkb/f9SPRNiVJLGcFvxBxBNKcQ=
906,778,iYiuDNtmHPJHb5IBRaIVefC7jRg=,8tkb/f9SPRNiVJLGcFvxBxBNKcQ=
896,770,iYiuDNtmHPJHb5IBRaIVefC7jRg=,8tkb/f9SPRNiVJLGcFvxBxBNKcQ=
905,778,iYiuDNtmHPJHb5IBRaIVefC7jRg=,8tkb/f9SPRNiVJLGcFvxBxBNKcQ=
904,778,iYiuDNtmHPJHb5IBRaIVefC7jRg=,8tkb/f9SPRNiVJLGcFvxBxBNKcQ=
903,778,iYiuDNtmHPJHb5IBRaIVefC7jRg=,8tkb/f9SPRNiVJLGcFvxBxBNKcQ=
897,770,iYiuDNtmHPJHb5IBRaIVefC7jRg=,8tkb/f9SPRNiVJLGcFvxBxBNKcQ=
902,778,iYiuDNtmHPJHb5IBRaIVefC7jRg=,8tkb/f9SPRNiVJLGcFvxBxBNKcQ=
901,778,iYiuDNtmHPJHb5IBRaIVefC7jRg=,8tkb/f9SPRNiVJLGcFvxBxBNKcQ=
898,770,iYiuDNtmHPJHb5IBRaIVefC7jRg=,8tkb/f9SPRNiVJLGcFvxBxBNKcQ=
899,778,iYiuDNtmHPJHb5IBRaIVefC7jRg=,8tkb/f9SPRNiVJLGcFvxBxBNKcQ=
898,778,iYiuDNtmHPJHb5IBRaIVefC7jRg=,8tkb/f9SPRNiVJLGcFvxBxBNKcQ=
899,770,iYiuDNtmHPJHb5IBRaIVefC7jRg=,8tkb/f9SPRNiVJLGcFvxBxBNKcQ=
900,778,iYiuDNtmHPJHb5IBRaIVefC7jRg=,8tkb/f9SPRNiVJLGcFvxBxBNKcQ=
897,778,iYiuDNtmHPJHb5IBRaIVefC7jRg=,8tkb/f9SPRNiVJLGcFvxBxBNKcQ=
900,770,iYiuDNtmHPJHb5IBRaIVefC7jRg=,8tkb/f9SPRNiVJLGcFvxBxBNKcQ=
896,778,iYiuDNtmHPJHb5IBRaIVefC7jRg=,8tkb/f9SPRNiVJLGcFvxBxBNKcQ=
911,777,iYiuDNtmHPJHb5IBRaIVefC7jRg=,8tkb/f9SPRNiVJLGcFvxBxBNKcQ=
910,777,iYiuDNtmHPJHb5IBRaIVefC7jRg=,8tkb/f9SPRNiVJLGcFvxBxBNKcQ=
901,770,iYiuDNtmHPJHb5IBRaIVefC7jRg=,8tkb/f9SPRNiVJLGcFvxBxBNKcQ=
909,777,iYiuDNtmHPJHb5IBRaIVefC7jRg=,8tkb/f9SPRNiVJLGcFvxBxBNKcQ=
908,777,iYiuDNtmHPJHb5IBRaIVefC7jRg=,8tkb/f9SPRNiVJLGcFvxBxBNKcQ=
907,777,iYiuDNtmHPJHb5IBRaIVefC7jRg=,8tkb/f9SPRNiVJLGcFvxBxBNKcQ=
906,777,iYiuDNtmHPJHb5IBRaIVefC7jRg=,8tkb/f9SPRNiVJLGcFvxBxBNKcQ=
902,770,iYiuDNtmHPJHb5IBRaIVefC7jRg=,8tkb/f9SPRNiVJLGcFvxBxBNKcQ=
905,777,iYiuDNtmHPJHb5IBRaIVefC7jRg=,8tkb/f9SPRNiVJLGcFvxBxBNKcQ=
904,777,iYiuDNtmHPJHb5IBRaIVefC7jRg=,8tkb/f9SPRNiVJLGcFvxBxBNKcQ=
903,777,iYiuDNtmHPJHb5IBRaIVefC7jRg=,8tkb/f9SPRNiVJLGcFvxBxBNKcQ=
903,770,iYiuDNtmHPJHb5IBRaIVefC7jRg=,8tkb/f9SPRNiVJLGcFvxBxBNKcQ=
902,777,iYiuDNtmHPJHb5IBRaIVefC7jRg=,8tkb/f9SPRNiVJLGcFvxBxBNKcQ=
901,777,iYiuDNtmHPJHb5IBRaIVefC7jRg=,8tkb/f9SPRNiVJLGcFvxBxBNKcQ=
900,777,iYiuDNtmHPJHb5IBRaIVefC7jRg=,8tkb/f9SPRNiVJLGcFvxBxBNKcQ=
904,770,iYiuDNtmHPJHb5IBRaIVefC7jRg=,8tkb/f9SPRNiVJLGcFvxBxBNKcQ=
899,777,iYiuDNtmHPJHb5IBRaIVefC7jRg=,8tkb/f9SPRNiVJLGcFvxBxBNKcQ=
898,777,iYiuDNtmHPJHb5IBRaIVefC7jRg=,8tkb/f9SPRNiVJLGcFvxBxBNKcQ=
897,777,iYiuDNtmHPJHb5IBRaIVefC7jRg=,8tkb/f9SPRNiVJLGcFvxBxBNKcQ=
905,770,iYiuDNtmHPJHb5IBRaIVefC7jRg=,8tkb/f9SPRNiVJLGcFvxBxBNKcQ=
896,777,iYiuDNtmHPJHb5IBRaIVefC7jRg=,8tkb/f9SPRNiVJLGcFvxBxBNKcQ=
911,776,iYiuDNtmHPJHb5IBRaIVefC7jRg=,8tkb/f9SPRNiVJLGcFvxBxBNKcQ=
910,776,iYiuDNtmHPJHb5IBRaIVefC7jRg=,8tkb/f9SPRNiVJLGcFvxBxBNKcQ=
906,770,iYiuDNtmHPJHb5IBRaIVefC7jRg=,8tkb/f9SPRNiVJLGcFvxBxBNKcQ=
909,776,iYiuDNtmHPJHb5IBRaIVefC7jRg=,8tkb/f9SPRNiVJLGcFvxBxBNKcQ=
908,776,iYiuDNtmHPJHb5IBRaIVefC7jRg=,8tkb/f9SPRNiVJLGcFvxBxBNKcQ=
907,776,iYiuDNtmHPJHb5IBRaIVefC7jRg=,8tkb/f9SPRNiVJLGcFvxBxBNKcQ=
907,770,iYiuDNtmHPJHb5IBRaIVefC7jRg=,8tkb/f9SPRNiVJLGcFvxBxBNKcQ=
906,776,iYiuDNtmHPJHb5IBRaIVefC7jRg=,8tkb/f9SPRNiVJLGcFvxBxBNKcQ=
904,776,iYiuDNtmHPJHb5IBRaIVefC7jRg=,8tkb/f9SPRNiVJLGcFvxBxBNKcQ=
905,776,iYiuDNtmHPJHb5IBRaIVefC7jRg=,8tkb/f9SPRNiVJLGcFvxBxBNKcQ=
903,776,iYiuDNtmHPJHb5IBRaIVefC7jRg=,8tkb/f9SPRNiVJLGcFvxBxBNKcQ=
908,770,iYiuDNtmHPJHb5IBRaIVefC7jRg=,8tkb/f9SPRNiVJLGcFvxBxBNKcQ=
902,776,iYiuDNtmHPJHb5IBRaIVefC7jRg=,8tkb/f9SPRNiVJLGcFvxBxBNKcQ=
901,776,iYiuDNtmHPJHb5IBRaIVefC7jRg=,8tkb/f9SPRNiVJLGcFvxBxBNKcQ=
909,770,iYiuDNtmHPJHb5IBRaIVefC7jRg=,8tkb/f9SPRNiVJLGcFvxBxBNKcQ=
900,776,iYiuDNtmHPJHb5IBRaIVefC7jRg=,8tkb/f9SPRNiVJLGcFvxBxBNKcQ=
899,776,iYiuDNtmHPJHb5IBRaIVefC7jRg=,8tkb/f9SPRNiVJLGcFvxBxBNKcQ=
898,776,iYiuDNtmHPJHb5IBRaIVefC7jRg=,8tkb/f9SPRNiVJLGcFvxBxBNKcQ=
910,770,iYiuDNtmHPJHb5IBRaIVefC7jRg=,8tkb/f9SPRNiVJLGcFvxBxBNKcQ=
897,776,iYiuDNtmHPJHb5IBRaIVefC7jRg=,8tkb/f9SPRNiVJLGcFvxBxBNKcQ=
896,776,iYiuDNtmHPJHb5IBRaIVefC7jRg=,8tkb/f9SPRNiVJLGcFvxBxBNKcQ=
911,770,iYiuDNtmHPJHb5IBRaIVefC7jRg=,8tkb/f9SPRNiVJLGcFvxBxBNKcQ=
911,775,iYiuDNtmHPJHb5IBRaIVefC7jRg=,8tkb/f9SPRNiVJLGcFvxBxBNKcQ=
910,775,iYiuDNtmHPJHb5IBRaIVefC7jRg=,8tkb/f9SPRNiVJLGcFvxBxBNKcQ=
909,775,iYiuDNtmHPJHb5IBRaIVefC7jRg=,8tkb/f9SPRNiVJLGcFvxBxBNKcQ=
896,771,iYiuDNtmHPJHb5IBRaIVefC7jRg=,8tkb/f9SPRNiVJLGcFvxBxBNKcQ=
908,775,iYiuDNtmHPJHb5IBRaIVefC7jRg=,8tkb/f9SPRNiVJLGcFvxBxBNKcQ=
907,775,iYiuDNtmHPJHb5IBRaIVefC7jRg=,8tkb/f9SPRNiVJLGcFvxBxBNKcQ=
906,775,iYiuDNtmHPJHb5IBRaIVefC7jRg=,8tkb/f9SPRNiVJLGcFvxBxBNKcQ=
897,771,iYiuDNtmHPJHb5IBRaIVefC7jRg=,8tkb/f9SPRNiVJLGcFvxBxBNKcQ=
905,775,iYiuDNtmHPJHb5IBRaIVefC7jRg=,8tkb/f9SPRNiVJLGcFvxBxBNKcQ=
904,775,iYiuDNtmHPJHb5IBRaIVefC7jRg=,8tkb/f9SPRNiVJLGcFvxBxBNKcQ=
903,775,iYiuDNtmHPJHb5IBRaIVefC7jRg=,8tkb/f9SPRNiVJLGcFvxBxBNKcQ=
902,775,iYiuDNtmHPJHb5IBRaIVefC7jRg=,8tkb/f9SPRNiVJLGcFvxBxBNKcQ=
898,771,iYiuDNtmHPJHb5IBRaIVefC7jRg=,8tkb/f9SPRNiVJLGcFvxBxBNKcQ=
901,775,iYiuDNtmHPJHb5IBRaIVefC7jRg=,8tkb/f9SPRNiVJLGcFvxBxBNKcQ=
900,775,iYiuDNtmHPJHb5IBRaIVefC7jRg=,8tkb/f9SPRNiVJLGcFvxBxBNKcQ=
899,771,iYiuDNtmHPJHb5IBRaIVefC7jRg=,8tkb/f9SPRNiVJLGcFvxBxBNKcQ=
899,775,iYiuDNtmHPJHb5IBRaIVefC7jRg=,8tkb/f9SPRNiVJLGcFvxBxBNKcQ=
897,775,iYiuDNtmHPJHb5IBRaIVefC7jRg=,8tkb/f9SPRNiVJLGcFvxBxBNKcQ=
898,775,iYiuDNtmHPJHb5IBRaIVefC7jRg=,8tkb/f9SPRNiVJLGcFvxBxBNKcQ=
900,771,iYiuDNtmHPJHb5IBRaIVefC7jRg=,8tkb/f9SPRNiVJLGcFvxBxBNKcQ=
911,774,iYiuDNtmHPJHb5IBRaIVefC7jRg=,8tkb/f9SPRNiVJLGcFvxBxBNKcQ=
896,775,iYiuDNtmHPJHb5IBRaIVefC7jRg=,8tkb/f9SPRNiVJLGcFvxBxBNKcQ=
901,771,iYiuDNtmHPJHb5IBRaIVefC7jRg=,8tkb/f9SPRNiVJLGcFvxBxBNKcQ=
910,774,iYiuDNtmHPJHb5IBRaIVefC7jRg=,8tkb/f9SPRNiVJLGcFvxBxBNKcQ=
908,774,iYiuDNtmHPJHb5IBRaIVefC7jRg=,8tkb/f9SPRNiVJLGcFvxBxBNKcQ=
909,774,iYiuDNtmHPJHb5IBRaIVefC7jRg=,8tkb/f9SPRNiVJLGcFvxBxBNKcQ=
902,771,iYiuDNtmHPJHb5IBRaIVefC7jRg=,8tkb/f9SPRNiVJLGcFvxBxBNKcQ=
907,774,iYiuDNtmHPJHb5IBRaIVefC7jRg=,8tkb/f9SPRNiVJLGcFvxBxBNKcQ=
906,774,iYiuDNtmHPJHb5IBRaIVefC7jRg=,8tkb/f9SPRNiVJLGcFvxBxBNKcQ=
903,771,iYiuDNtmHPJHb5IBRaIVefC7jRg=,8tkb/f9SPRNiVJLGcFvxBxBNKcQ=
903,774,iYiuDNtmHPJHb5IBRaIVefC7jRg=,8tkb/f9SPRNiVJLGcFvxBxBNKcQ=
905,774,iYiuDNtmHPJHb5IBRaIVefC7jRg=,8tkb/f9SPRNiVJLGcFvxBxBNKcQ=
904,774,iYiuDNtmHPJHb5IBRaIVefC7jRg=,8tkb/f9SPRNiVJLGcFvxBxBNKcQ=
904,771,iYiuDNtmHPJHb5IBRaIVefC7jRg=,8tkb/f9SPRNiVJLGcFvxBxBNKcQ=
901,774,iYiuDNtmHPJHb5IBRaIVefC7jRg=,8tkb/f9SPRNiVJLGcFvxBxBNKcQ=
900,774,iYiuDNtmHPJHb5IBRaIVefC7jRg=,8tkb/f9SPRNiVJLGcFvxBxBNKcQ=
902,774,iYiuDNtmHPJHb5IBRaIVefC7jRg=,8tkb/f9SPRNiVJLGcFvxBxBNKcQ=
905,771,iYiuDNtmHPJHb5IBRaIVefC7jRg=,8tkb/f9SPRNiVJLGcFvxBxBNKcQ=
898,774,iYiuDNtmHPJHb5IBRaIVefC7jRg=,8tkb/f9SPRNiVJLGcFvxBxBNKcQ=
899,774,iYiuDNtmHPJHb5IBRaIVefC7jRg=,8tkb/f9SPRNiVJLGcFvxBxBNKcQ=
897,774,iYiuDNtmHPJHb5IBRaIVefC7jRg=,8tkb/f9SPRNiVJLGcFvxBxBNKcQ=
906,771,iYiuDNtmHPJHb5IBRaIVefC7jRg=,8tkb/f9SPRNiVJLGcFvxBxBNKcQ=
896,774,iYiuDNtmHPJHb5IBRaIVefC7jRg=,8tkb/f9SPRNiVJLGcFvxBxBNKcQ=
911,773,iYiuDNtmHPJHb5IBRaIVefC7jRg=,8tkb/f9SPRNiVJLGcFvxBxBNKcQ=
910,773,iYiuDNtmHPJHb5IBRaIVefC7jRg=,8tkb/f9SPRNiVJLGcFvxBxBNKcQ=
907,771,iYiuDNtmHPJHb5IBRaIVefC7jRg=,8tkb/f9SPRNiVJLGcFvxBxBNKcQ=
909,773,iYiuDNtmHPJHb5IBRaIVefC7jRg=,8tkb/f9SPRNiVJLGcFvxBxBNKcQ=
908,773,iYiuDNtmHPJHb5IBRaIVefC7jRg=,8tkb/f9SPRNiVJLGcFvxBxBNKcQ=
908,771,iYiuDNtmHPJHb5IBRaIVefC7jRg=,8tkb/f9SPRNiVJLGcFvxBxBNKcQ=
906,773,iYiuDNtmHPJHb5IBRaIVefC7jRg=,8tkb/f9SPRNiVJLGcFvxBxBNKcQ=
905,773,iYiuDNtmHPJHb5IBRaIVefC7jRg=,8tkb/f9SPRNiVJLGcFvxBxBNKcQ=
909,771,iYiuDNtmHPJHb5IBRaIVefC7jRg=,8tkb/f9SPRNiVJLGcFvxBxBNKcQ=
904,773,iYiuDNtmHPJHb5IBRaIVefC7jRg=,8tkb/f9SPRNiVJLGcFvxBxBNKcQ=
907,773,iYiuDNtmHPJHb5IBRaIVefC7jRg=,8tkb/f9SPRNiVJLGcFvxBxBNKcQ=
903,773,iYiuDNtmHPJHb5IBRaIVefC7jRg=,8tkb/f9SPRNiVJLGcFvxBxBNKcQ=
910,771,iYiuDNtmHPJHb5IBRaIVefC7jRg=,8tkb/f9SPRNiVJLGcFvxBxBNKcQ=
902,773,iYiuDNtmHPJHb5IBRaIVefC7jRg=,8tkb/f9SPRNiVJLGcFvxBxBNKcQ=
901,773,iYiuDNtmHPJHb5IBRaIVefC7jRg=,8tkb/f9SPRNiVJLGcFvxBxBNKcQ=
900,773,iYiuDNtmHPJHb5IBRaIVefC7jRg=,8tkb/f9SPRNiVJLGcFvxBxBNKcQ=
911,771,iYiuDNtmHPJHb5IBRaIVefC7jRg=,8tkb/f9SPRNiVJLGcFvxBxBNKcQ=
899,773,iYiuDNtmHPJHb5IBRaIVefC7jRg=,8tkb/f9SPRNiVJLGcFvxBxBNKcQ=
897,773,iYiuDNtmHPJHb5IBRaIVefC7jRg=,8tkb/f9SPRNiVJLGcFvxBxBNKcQ=
898,773,iYiuDNtmHPJHb5IBRaIVefC7jRg=,8tkb/f9SPRNiVJLGcFvxBxBNKcQ=
896,772,iYiuDNtmHPJHb5IBRaIVefC7jRg=,8tkb/f9SPRNiVJLGcFvxBxBNKcQ=
896,773,iYiuDNtmHPJHb5IBRaIVefC7jRg=,8tkb/f9SPRNiVJLGcFvxBxBNKcQ=
911,772,iYiuDNtmHPJHb5IBRaIVefC7jRg=,8tkb/f9SPRNiVJLGcFvxBxBNKcQ=
897,772,iYiuDNtmHPJHb5IBRaIVefC7jRg=,8tkb/f9SPRNiVJLGcFvxBxBNKcQ=
910,772,iYiuDNtmHPJHb5IBRaIVefC7jRg=,8tkb/f9SPRNiVJLGcFvxBxBNKcQ=
909,772,iYiuDNtmHPJHb5IBRaIVefC7jRg=,8tkb/f9SPRNiVJLGcFvxBxBNKcQ=
898,772,iYiuDNtmHPJHb5IBRaIVefC7jRg=,8tkb/f9SPRNiVJLGcFvxBxBNKcQ=
908,772,iYiuDNtmHPJHb5IBRaIVefC7jRg=,8tkb/f9SPRNiVJLGcFvxBxBNKcQ=
907,772,iYiuDNtmHPJHb5IBRaIVefC7jRg=,8tkb/f9SPRNiVJLGcFvxBxBNKcQ=
906,772,iYiuDNtmHPJHb5IBRaIVefC7jRg=,8tkb/f9SPRNiVJLGcFvxBxBNKcQ=
905,772,iYiuDNtmHPJHb5IBRaIVefC7jRg=,8tkb/f9SPRNiVJLGcFvxBxBNKcQ=
904,772,iYiuDNtmHPJHb5IBRaIVefC7jRg=,8tkb/f9SPRNiVJLGcFvxBxBNKcQ=
899,772,iYiuDNtmHPJHb5IBRaIVefC7jRg=,8tkb/f9SPRNiVJLGcFvxBxBNKcQ=
903,772,iYiuDNtmHPJHb5IBRaIVefC7jRg=,8tkb/f9SPRNiVJLGcFvxBxBNKcQ=
900,772,iYiuDNtmHPJHb5IBRaIVefC7jRg=,8tkb/f9SPRNiVJLGcFvxBxBNKcQ=
901,772,iYiuDNtmHPJHb5IBRaIVefC7jRg=,8tkb/f9SPRNiVJLGcFvxBxBNKcQ=
897,779,iYiuDNtmHPJHb5IBRaIVefC7jRg=,8tkb/f9SPRNiVJLGcFvxBxBNKcQ=
898,780,iYiuDNtmHPJHb5IBRaIVefC7jRg=,8tkb/f9SPRNiVJLGcFvxBxBNKcQ=
902,772,iYiuDNtmHPJHb5IBRaIVefC7jRg=,8tkb/f9SPRNiVJLGcFvxBxBNKcQ=
899,780,iYiuDNtmHPJHb5IBRaIVefC7jRg=,8tkb/f9SPRNiVJLGcFvxBxBNKcQ=
914,769,iYiuDNtmHPJHb5IBRaIVefC7jRg=,8tkb/f9SPRNiVJLGcFvxBxBNKcQ=
914,770,iYiuDNtmHPJHb5IBRaIVefC7jRg=,8tkb/f9SPRNiVJLGcFvxBxBNKcQ=
912,769,iYiuDNtmHPJHb5IBRaIVefC7jRg=,8tkb/f9SPRNiVJLGcFvxBxBNKcQ=
915,770,iYiuDNtmHPJHb5IBRaIVefC7jRg=,8tkb/f9SPRNiVJLGcFvxBxBNKcQ=
913,769,iYiuDNtmHPJHb5IBRaIVefC7jRg=,8tkb/f9SPRNiVJLGcFvxBxBNKcQ=
913,770,iYiuDNtmHPJHb5IBRaIVefC7jRg=,8tkb/f9SPRNiVJLGcFvxBxBNKcQ=
912,770,iYiuDNtmHPJHb5IBRaIVefC7jRg=,8tkb/f9SPRNiVJLGcFvxBxBNKcQ=
913,768,iYiuDNtmHPJHb5IBRaIVefC7jRg=,8tkb/f9SPRNiVJLGcFvxBxBNKcQ=
926,769,iYiuDNtmHPJHb5IBRaIVefC7jRg=,8tkb/f9SPRNiVJLGcFvxBxBNKcQ=
927,769,iYiuDNtmHPJHb5IBRaIVefC7jRg=,8tkb/f9SPRNiVJLGcFvxBxBNKcQ=
924,769,iYiuDNtmHPJHb5IBRaIVefC7jRg=,8tkb/f9SPRNiVJLGcFvxBxBNKcQ=
925,769,iYiuDNtmHPJHb5IBRaIVefC7jRg=,8tkb/f9SPRNiVJLGcFvxBxBNKcQ=
923,769,iYiuDNtmHPJHb5IBRaIVefC7jRg=,8tkb/f9SPRNiVJLGcFvxBxBNKcQ=
922,769,iYiuDNtmHPJHb5IBRaIVefC7jRg=,8tkb/f9SPRNiVJLGcFvxBxBNKcQ=
920,769,iYiuDNtmHPJHb5IBRaIVefC7jRg=,8tkb/f9SPRNiVJLGcFvxBxBNKcQ=
921,769,iYiuDNtmHPJHb5IBRaIVefC7jRg=,8tkb/f9SPRNiVJLGcFvxBxBNKcQ=
919,769,iYiuDNtmHPJHb5IBRaIVefC7jRg=,8tkb/f9SPRNiVJLGcFvxBxBNKcQ=
918,769,iYiuDNtmHPJHb5IBRaIVefC7jRg=,8tkb/f9SPRNiVJLGcFvxBxBNKcQ=
917,769,iYiuDNtmHPJHb5IBRaIVefC7jRg=,8tkb/f9SPRNiVJLGcFvxBxBNKcQ=
915,769,iYiuDNtmHPJHb5IBRaIVefC7jRg=,8tkb/f9SPRNiVJLGcFvxBxBNKcQ=
916,769,iYiuDNtmHPJHb5IBRaIVefC7jRg=,8tkb/f9SPRNiVJLGcFvxBxBNKcQ=
912,768,iYiuDNtmHPJHb5IBRaIVefC7jRg=,8tkb/f9SPRNiVJLGcFvxBxBNKcQ=
916,770,iYiuDNtmHPJHb5IBRaIVefC7jRg=,8tkb/f9SPRNiVJLGcFvxBxBNKcQ=
927,783,iYiuDNtmHPJHb5IBRaIVefC7jRg=,8tkb/f9SPRNiVJLGcFvxBxBNKcQ=
925,783,iYiuDNtmHPJHb5IBRaIVefC7jRg=,8tkb/f9SPRNiVJLGcFvxBxBNKcQ=
926,783,iYiuDNtmHPJHb5IBRaIVefC7jRg=,8tkb/f9SPRNiVJLGcFvxBxBNKcQ=
917,770,iYiuDNtmHPJHb5IBRaIVefC7jRg=,8tkb/f9SPRNiVJLGcFvxBxBNKcQ=
923,783,iYiuDNtmHPJHb5IBRaIVefC7jRg=,8tkb/f9SPRNiVJLGcFvxBxBNKcQ=
924,783,iYiuDNtmHPJHb5IBRaIVefC7jRg=,8tkb/f9SPRNiVJLGcFvxBxBNKcQ=
922,783,iYiuDNtmHPJHb5IBRaIVefC7jRg=,8tkb/f9SPRNiVJLGcFvxBxBNKcQ=
921,783,iYiuDNtmHPJHb5IBRaIVefC7jRg=,8tkb/f9SPRNiVJLGcFvxBxBNKcQ=
920,783,iYiuDNtmHPJHb5IBRaIVefC7jRg=,8tkb/f9SPRNiVJLGcFvxBxBNKcQ=
919,783,iYiuDNtmHPJHb5IBRaIVefC7jRg=,8tkb/f9SPRNiVJLGcFvxBxBNKcQ=
918,770,iYiuDNtmHPJHb5IBRaIVefC7jRg=,8tkb/f9SPRNiVJLGcFvxBxBNKcQ=
918,783,iYiuDNtmHPJHb5IBRaIVefC7jRg=,8tkb/f9SPRNiVJLGcFvxBxBNKcQ=
917,783,iYiuDNtmHPJHb5IBRaIVefC7jRg=,8tkb/f9SPRNiVJLGcFvxBxBNKcQ=
919,770,iYiuDNtmHPJHb5IBRaIVefC7jRg=,8tkb/f9SPRNiVJLGcFvxBxBNKcQ=
920,770,iYiuDNtmHPJHb5IBRaIVefC7jRg=,8tkb/f9SPRNiVJLGcFvxBxBNKcQ=
927,768,iYiuDNtmHPJHb5IBRaIVefC7jRg=,8tkb/f9SPRNiVJLGcFvxBxBNKcQ=
915,783,iYiuDNtmHPJHb5IBRaIVefC7jRg=,8tkb/f9SPRNiVJLGcFvxBxBNKcQ=
916,783,iYiuDNtmHPJHb5IBRaIVefC7jRg=,8tkb/f9SPRNiVJLGcFvxBxBNKcQ=
913,783,iYiuDNtmHPJHb5IBRaIVefC7jRg=,8tkb/f9SPRNiVJLGcFvxBxBNKcQ=
914,783,iYiuDNtmHPJHb5IBRaIVefC7jRg=,8tkb/f9SPRNiVJLGcFvxBxBNKcQ=
921,770,iYiuDNtmHPJHb5IBRaIVefC7jRg=,8tkb/f9SPRNiVJLGcFvxBxBNKcQ=
912,783,iYiuDNtmHPJHb5IBRaIVefC7jRg=,8tkb/f9SPRNiVJLGcFvxBxBNKcQ=
927,782,iYiuDNtmHPJHb5IBRaIVefC7jRg=,8tkb/f9SPRNiVJLGcFvxBxBNKcQ=
925,782,iYiuDNtmHPJHb5IBRaIVefC7jRg=,8tkb/f9SPRNiVJLGcFvxBxBNKcQ=
922,770,iYiuDNtmHPJHb5IBRaIVefC7jRg=,8tkb/f9SPRNiVJLGcFvxBxBNKcQ=
926,782,iYiuDNtmHPJHb5IBRaIVefC7jRg=,8tkb/f9SPRNiVJLGcFvxBxBNKcQ=
924,782,iYiuDNtmHPJHb5IBRaIVefC7jRg=,8tkb/f9SPRNiVJLGcFvxBxBNKcQ=
923,770,iYiuDNtmHPJHb5IBRaIVefC7jRg=,8tkb/f9SPRNiVJLGcFvxBxBNKcQ=
923,782,iYiuDNtmHPJHb5IBRaIVefC7jRg=,8tkb/f9SPRNiVJLGcFvxBxBNKcQ=
924,770,iYiuDNtmHPJHb5IBRaIVefC7jRg=,8tkb/f9SPRNiVJLGcFvxBxBNKcQ=
922,782,iYiuDNtmHPJHb5IBRaIVefC7jRg=,8tkb/f9SPRNiVJLGcFvxBxBNKcQ=
920,782,iYiuDNtmHPJHb5IBRaIVefC7jRg=,8tkb/f9SPRNiVJLGcFvxBxBNKcQ=
919,782,iYiuDNtmHPJHb5IBRaIVefC7jRg=,8tkb/f9SPRNiVJLGcFvxBxBNKcQ=
921,782,iYiuDNtmHPJHb5IBRaIVefC7jRg=,8tkb/f9SPRNiVJLGcFvxBxBNKcQ=
925,770,iYiuDNtmHPJHb5IBRaIVefC7jRg=,8tkb/f9SPRNiVJLGcFvxBxBNKcQ=
918,782,iYiuDNtmHPJHb5IBRaIVefC7jRg=,8tkb/f9SPRNiVJLGcFvxBxBNKcQ=
926,768,iYiuDNtmHPJHb5IBRaIVefC7jRg=,8tkb/f9SPRNiVJLGcFvxBxBNKcQ=
917,782,iYiuDNtmHPJHb5IBRaIVefC7jRg=,8tkb/f9SPRNiVJLGcFvxBxBNKcQ=
926,770,iYiuDNtmHPJHb5IBRaIVefC7jRg=,8tkb/f9SPRNiVJLGcFvxBxBNKcQ=
916,782,iYiuDNtmHPJHb5IBRaIVefC7jRg=,8tkb/f9SPRNiVJLGcFvxBxBNKcQ=
915,782,iYiuDNtmHPJHb5IBRaIVefC7jRg=,8tkb/f9SPRNiVJLGcFvxBxBNKcQ=
927,770,iYiuDNtmHPJHb5IBRaIVefC7jRg=,8tkb/f9SPRNiVJLGcFvxBxBNKcQ=
913,782,iYiuDNtmHPJHb5IBRaIVefC7jRg=,8tkb/f9SPRNiVJLGcFvxBxBNKcQ=
914,782,iYiuDNtmHPJHb5IBRaIVefC7jRg=,8tkb/f9SPRNiVJLGcFvxBxBNKcQ=
912,782,iYiuDNtmHPJHb5IBRaIVefC7jRg=,8tkb/f9SPRNiVJLGcFvxBxBNKcQ=
927,781,iYiuDNtmHPJHb5IBRaIVefC7jRg=,8tkb/f9SPRNiVJLGcFvxBxBNKcQ=
912,771,iYiuDNtmHPJHb5IBRaIVefC7jRg=,8tkb/f9SPRNiVJLGcFvxBxBNKcQ=
925,781,iYiuDNtmHPJHb5IBRaIVefC7jRg=,8tkb/f9SPRNiVJLGcFvxBxBNKcQ=
926,781,iYiuDNtmHPJHb5IBRaIVefC7jRg=,8tkb/f9SPRNiVJLGcFvxBxBNKcQ=
924,781,iYiuDNtmHPJHb5IBRaIVefC7jRg=,8tkb/f9SPRNiVJLGcFvxBxBNKcQ=
913,771,iYiuDNtmHPJHb5IBRaIVefC7jRg=,8tkb/f9SPRNiVJLGcFvxBxBNKcQ=
923,781,iYiuDNtmHPJHb5IBRaIVefC7jRg=,8tkb/f9SPRNiVJLGcFvxBxBNKcQ=
921,781,iYiuDNtmHPJHb5IBRaIVefC7jRg=,8tkb/f9SPRNiVJLGcFvxBxBNKcQ=
920,781,iYiuDNtmHPJHb5IBRaIVefC7jRg=,8tkb/f9SPRNiVJLGcFvxBxBNKcQ=
914,768,iYiuDNtmHPJHb5IBRaIVefC7jRg=,8tkb/f9SPRNiVJLGcFvxBxBNKcQ=
919,781,iYiuDNtmHPJHb5IBRaIVefC7jRg=,8tkb/f9SPRNiVJLGcFvxBxBNKcQ=
922,781,iYiuDNtmHPJHb5IBRaIVefC7jRg=,8tkb/f9SPRNiVJLGcFvxBxBNKcQ=
914,771,iYiuDNtmHPJHb5IBRaIVefC7jRg=,8tkb/f9SPRNiVJLGcFvxBxBNKcQ=
925,768,iYiuDNtmHPJHb5IBRaIVefC7jRg=,8tkb/f9SPRNiVJLGcFvxBxBNKcQ=
916,781,iYiuDNtmHPJHb5IBRaIVefC7jRg=,8tkb/f9SPRNiVJLGcFvxBxBNKcQ=
917,781,iYiuDNtmHPJHb5IBRaIVefC7jRg=,8tkb/f9SPRNiVJLGcFvxBxBNKcQ=
915,771,iYiuDNtmHPJHb5IBRaIVefC7jRg=,8tkb/f9SPRNiVJLGcFvxBxBNKcQ=
918,781,iYiuDNtmHPJHb5IBRaIVefC7jRg=,8tkb/f9SPRNiVJLGcFvxBxBNKcQ=
915,781,iYiuDNtmHPJHb5IBRaIVefC7jRg=,8tkb/f9SPRNiVJLGcFvxBxBNKcQ=
914,781,iYiuDNtmHPJHb5IBRaIVefC7jRg=,8tkb/f9SPRNiVJLGcFvxBxBNKcQ=
913,781,iYiuDNtmHPJHb5IBRaIVefC7jRg=,8tkb/f9SPRNiVJLGcFvxBxBNKcQ=
912,781,iYiuDNtmHPJHb5IBRaIVefC7jRg=,8tkb/f9SPRNiVJLGcFvxBxBNKcQ=
916,771,iYiuDNtmHPJHb5IBRaIVefC7jRg=,8tkb/f9SPRNiVJLGcFvxBxBNKcQ=
927,780,iYiuDNtmHPJHb5IBRaIVefC7jRg=,8tkb/f9SPRNiVJLGcFvxBxBNKcQ=
926,780,iYiuDNtmHPJHb5IBRaIVefC7jRg=,8tkb/f9SPRNiVJLGcFvxBxBNKcQ=
925,780,iYiuDNtmHPJHb5IBRaIVefC7jRg=,8tkb/f9SPRNiVJLGcFvxBxBNKcQ=
924,780,iYiuDNtmHPJHb5IBRaIVefC7jRg=,8tkb/f9SPRNiVJLGcFvxBxBNKcQ=
917,771,iYiuDNtmHPJHb5IBRaIVefC7jRg=,8tkb/f9SPRNiVJLGcFvxBxBNKcQ=
923,780,iYiuDNtmHPJHb5IBRaIVefC7jRg=,8tkb/f9SPRNiVJLGcFvxBxBNKcQ=
922,780,iYiuDNtmHPJHb5IBRaIVefC7jRg=,8tkb/f9SPRNiVJLGcFvxBxBNKcQ=
921,780,iYiuDNtmHPJHb5IBRaIVefC7jRg=,8tkb/f9SPRNiVJLGcFvxBxBNKcQ=
918,771,iYiuDNtmHPJHb5IBRaIVefC7jRg=,8tkb/f9SPRNiVJLGcFvxBxBNKcQ=
920,780,iYiuDNtmHPJHb5IBRaIVefC7jRg=,8tkb/f9SPRNiVJLGcFvxBxBNKcQ=
924,768,iYiuDNtmHPJHb5IBRaIVefC7jRg=,8tkb/f9SPRNiVJLGcFvxBxBNKcQ=
919,780,iYiuDNtmHPJHb5IBRaIVefC7jRg=,8tkb/f9SPRNiVJLGcFvxBxBNKcQ=
919,771,iYiuDNtmHPJHb5IBRaIVefC7jRg=,8tkb/f9SPRNiVJLGcFvxBxBNKcQ=
917,780,iYiuDNtmHPJHb5IBRaIVefC7jRg=,8tkb/f9SPRNiVJLGcFvxBxBNKcQ=
918,780,iYiuDNtmHPJHb5IBRaIVefC7jRg=,8tkb/f9SPRNiVJLGcFvxBxBNKcQ=
916,780,iYiuDNtmHPJHb5IBRaIVefC7jRg=,8tkb/f9SPRNiVJLGcFvxBxBNKcQ=
920,771,iYiuDNtmHPJHb5IBRaIVefC7jRg=,8tkb/f9SPRNiVJLGcFvxBxBNKcQ=
915,780,iYiuDNtmHPJHb5IBRaIVefC7jRg=,8tkb/f9SPRNiVJLGcFvxBxBNKcQ=
921,771,iYiuDNtmHPJHb5IBRaIVefC7jRg=,8tkb/f9SPRNiVJLGcFvxBxBNKcQ=
912,780,iYiuDNtmHPJHb5IBRaIVefC7jRg=,8tkb/f9SPRNiVJLGcFvxBxBNKcQ=
922,771,iYiuDNtmHPJHb5IBRaIVefC7jRg=,8tkb/f9SPRNiVJLGcFvxBxBNKcQ=
913,780,iYiuDNtmHPJHb5IBRaIVefC7jRg=,8tkb/f9SPRNiVJLGcFvxBxBNKcQ=
923,771,iYiuDNtmHPJHb5IBRaIVefC7jRg=,8tkb/f9SPRNiVJLGcFvxBxBNKcQ=
927,779,iYiuDNtmHPJHb5IBRaIVefC7jRg=,8tkb/f9SPRNiVJLGcFvxBxBNKcQ=
926,779,iYiuDNtmHPJHb5IBRaIVefC7jRg=,8tkb/f9SPRNiVJLGcFvxBxBNKcQ=
923,779,iYiuDNtmHPJHb5IBRaIVefC7jRg=,8tkb/f9SPRNiVJLGcFvxBxBNKcQ=
924,771,iYiuDNtmHPJHb5IBRaIVefC7jRg=,8tkb/f9SPRNiVJLGcFvxBxBNKcQ=
922,779,iYiuDNtmHPJHb5IBRaIVefC7jRg=,8tkb/f9SPRNiVJLGcFvxBxBNKcQ=
921,779,iYiuDNtmHPJHb5IBRaIVefC7jRg=,8tkb/f9SPRNiVJLGcFvxBxBNKcQ=
925,771,iYiuDNtmHPJHb5IBRaIVefC7jRg=,8tkb/f9SPRNiVJLGcFvxBxBNKcQ=
923,768,iYiuDNtmHPJHb5IBRaIVefC7jRg=,8tkb/f9SPRNiVJLGcFvxBxBNKcQ=
920,779,iYiuDNtmHPJHb5IBRaIVefC7jRg=,8tkb/f9SPRNiVJLGcFvxBxBNKcQ=
919,779,iYiuDNtmHPJHb5IBRaIVefC7jRg=,8tkb/f9SPRNiVJLGcFvxBxBNKcQ=
918,779,iYiuDNtmHPJHb5IBRaIVefC7jRg=,8tkb/f9SPRNiVJLGcFvxBxBNKcQ=
917,779,iYiuDNtmHPJHb5IBRaIVefC7jRg=,8tkb/f9SPRNiVJLGcFvxBxBNKcQ=
926,771,iYiuDNtmHPJHb5IBRaIVefC7jRg=,8tkb/f9SPRNiVJLGcFvxBxBNKcQ=
916,779,iYiuDNtmHPJHb5IBRaIVefC7jRg=,8tkb/f9SPRNiVJLGcFvxBxBNKcQ=
927,771,iYiuDNtmHPJHb5IBRaIVefC7jRg=,8tkb/f9SPRNiVJLGcFvxBxBNKcQ=
915,779,iYiuDNtmHPJHb5IBRaIVefC7jRg=,8tkb/f9SPRNiVJLGcFvxBxBNKcQ=
914,779,iYiuDNtmHPJHb5IBRaIVefC7jRg=,8tkb/f9SPRNiVJLGcFvxBxBNKcQ=
913,779,iYiuDNtmHPJHb5IBRaIVefC7jRg=,8tkb/f9SPRNiVJLGcFvxBxBNKcQ=
927,778,iYiuDNtmHPJHb5IBRaIVefC7jRg=,8tkb/f9SPRNiVJLGcFvxBxBNKcQ=
912,779,iYiuDNtmHPJHb5IBRaIVefC7jRg=,8tkb/f9SPRNiVJLGcFvxBxBNKcQ=
912,772,iYiuDNtmHPJHb5IBRaIVefC7jRg=,8tkb/f9SPRNiVJLGcFvxBxBNKcQ=
926,778,iYiuDNtmHPJHb5IBRaIVefC7jRg=,8tkb/f9SPRNiVJLGcFvxBxBNKcQ=
915,768,iYiuDNtmHPJHb5IBRaIVefC7jRg=,8tkb/f9SPRNiVJLGcFvxBxBNKcQ=
925,778,iYiuDNtmHPJHb5IBRaIVefC7jRg=,8tkb/f9SPRNiVJLGcFvxBxBNKcQ=
924,778,iYiuDNtmHPJHb5IBRaIVefC7jRg=,8tkb/f9SPRNiVJLGcFvxBxBNKcQ=
923,778,iYiuDNtmHPJHb5IBRaIVefC7jRg=,8tkb/f9SPRNiVJLGcFvxBxBNKcQ=
913,772,iYiuDNtmHPJHb5IBRaIVefC7jRg=,8tkb/f9SPRNiVJLGcFvxBxBNKcQ=
922,778,iYiuDNtmHPJHb5IBRaIVefC7jRg=,8tkb/f9SPRNiVJLGcFvxBxBNKcQ=
922,768,iYiuDNtmHPJHb5IBRaIVefC7jRg=,8tkb/f9SPRNiVJLGcFvxBxBNKcQ=
921,778,iYiuDNtmHPJHb5IBRaIVefC7jRg=,8tkb/f9SPRNiVJLGcFvxBxBNKcQ=
914,772,iYiuDNtmHPJHb5IBRaIVefC7jRg=,8tkb/f9SPRNiVJLGcFvxBxBNKcQ=
920,778,iYiuDNtmHPJHb5IBRaIVefC7jRg=,8tkb/f9SPRNiVJLGcFvxBxBNKcQ=
919,778,iYiuDNtmHPJHb5IBRaIVefC7jRg=,8tkb/f9SPRNiVJLGcFvxBxBNKcQ=
918,778,iYiuDNtmHPJHb5IBRaIVefC7jRg=,8tkb/f9SPRNiVJLGcFvxBxBNKcQ=
915,772,iYiuDNtmHPJHb5IBRaIVefC7jRg=,8tkb/f9SPRNiVJLGcFvxBxBNKcQ=
917,778,iYiuDNtmHPJHb5IBRaIVefC7jRg=,8tkb/f9SPRNiVJLGcFvxBxBNKcQ=
916,778,iYiuDNtmHPJHb5IBRaIVefC7jRg=,8tkb/f9SPRNiVJLGcFvxBxBNKcQ=
915,778,iYiuDNtmHPJHb5IBRaIVefC7jRg=,8tkb/f9SPRNiVJLGcFvxBxBNKcQ=
924,779,iYiuDNtmHPJHb5IBRaIVefC7jRg=,8tkb/f9SPRNiVJLGcFvxBxBNKcQ=
916,772,iYiuDNtmHPJHb5IBRaIVefC7jRg=,8tkb/f9SPRNiVJLGcFvxBxBNKcQ=
914,778,iYiuDNtmHPJHb5IBRaIVefC7jRg=,8tkb/f9SPRNiVJLGcFvxBxBNKcQ=
913,778,iYiuDNtmHPJHb5IBRaIVefC7jRg=,8tkb/f9SPRNiVJLGcFvxBxBNKcQ=
912,778,iYiuDNtmHPJHb5IBRaIVefC7jRg=,8tkb/f9SPRNiVJLGcFvxBxBNKcQ=
924,777,iYiuDNtmHPJHb5IBRaIVefC7jRg=,8tkb/f9SPRNiVJLGcFvxBxBNKcQ=
925,779,iYiuDNtmHPJHb5IBRaIVefC7jRg=,8tkb/f9SPRNiVJLGcFvxBxBNKcQ=
925,777,iYiuDNtmHPJHb5IBRaIVefC7jRg=,8tkb/f9SPRNiVJLGcFvxBxBNKcQ=
921,768,iYiuDNtmHPJHb5IBRaIVefC7jRg=,8tkb/f9SPRNiVJLGcFvxBxBNKcQ=
922,777,iYiuDNtmHPJHb5IBRaIVefC7jRg=,8tkb/f9SPRNiVJLGcFvxBxBNKcQ=
921,777,iYiuDNtmHPJHb5IBRaIVefC7jRg=,8tkb/f9SPRNiVJLGcFvxBxBNKcQ=
920,777,iYiuDNtmHPJHb5IBRaIVefC7jRg=,8tkb/f9SPRNiVJLGcFvxBxBNKcQ=
919,777,iYiuDNtmHPJHb5IBRaIVefC7jRg=,8tkb/f9SPRNiVJLGcFvxBxBNKcQ=
918,777,iYiuDNtmHPJHb5IBRaIVefC7jRg=,8tkb/f9SPRNiVJLGcFvxBxBNKcQ=
917,777,iYiuDNtmHPJHb5IBRaIVefC7jRg=,8tkb/f9SPRNiVJLGcFvxBxBNKcQ=
916,777,iYiuDNtmHPJHb5IBRaIVefC7jRg=,8tkb/f9SPRNiVJLGcFvxBxBNKcQ=
915,777,iYiuDNtmHPJHb5IBRaIVefC7jRg=,8tkb/f9SPRNiVJLGcFvxBxBNKcQ=
913,777,iYiuDNtmHPJHb5IBRaIVefC7jRg=,8tkb/f9SPRNiVJLGcFvxBxBNKcQ=
923,777,iYiuDNtmHPJHb5IBRaIVefC7jRg=,8tkb/f9SPRNiVJLGcFvxBxBNKcQ=
914,777,iYiuDNtmHPJHb5IBRaIVefC7jRg=,8tkb/f9SPRNiVJLGcFvxBxBNKcQ=
912,777,iYiuDNtmHPJHb5IBRaIVefC7jRg=,8tkb/f9SPRNiVJLGcFvxBxBNKcQ=
927,776,iYiuDNtmHPJHb5IBRaIVefC7jRg=,8tkb/f9SPRNiVJLGcFvxBxBNKcQ=
926,776,iYiuDNtmHPJHb5IBRaIVefC7jRg=,8tkb/f9SPRNiVJLGcFvxBxBNKcQ=
924,776,iYiuDNtmHPJHb5IBRaIVefC7jRg=,8tkb/f9SPRNiVJLGcFvxBxBNKcQ=
925,776,iYiuDNtmHPJHb5IBRaIVefC7jRg=,8tkb/f9SPRNiVJLGcFvxBxBNKcQ=
920,768,iYiuDNtmHPJHb5IBRaIVefC7jRg=,8tkb/f9SPRNiVJLGcFvxBxBNKcQ=
922,776,iYiuDNtmHPJHb5IBRaIVefC7jRg=,8tkb/f9SPRNiVJLGcFvxBxBNKcQ=
920,776,iYiuDNtmHPJHb5IBRaIVefC7jRg=,8tkb/f9SPRNiVJLGcFvxBxBNKcQ=
923,776,iYiuDNtmHPJHb5IBRaIVefC7jRg=,8tkb/f9SPRNiVJLGcFvxBxBNKcQ=
921,776,iYiuDNtmHPJHb5IBRaIVefC7jRg=,8tkb/f9SPRNiVJLGcFvxBxBNKcQ=
919,776,iYiuDNtmHPJHb5IBRaIVefC7jRg=,8tkb/f9SPRNiVJLGcFvxBxBNKcQ=
918,776,iYiuDNtmHPJHb5IBRaIVefC7jRg=,8tkb/f9SPRNiVJLGcFvxBxBNKcQ=
917,776,iYiuDNtmHPJHb5IBRaIVefC7jRg=,8tkb/f9SPRNiVJLGcFvxBxBNKcQ=
915,776,iYiuDNtmHPJHb5IBRaIVefC7jRg=,8tkb/f9SPRNiVJLGcFvxBxBNKcQ=
914,776,iYiuDNtmHPJHb5IBRaIVefC7jRg=,8tkb/f9SPRNiVJLGcFvxBxBNKcQ=
913,776,iYiuDNtmHPJHb5IBRaIVefC7jRg=,8tkb/f9SPRNiVJLGcFvxBxBNKcQ=
912,776,iYiuDNtmHPJHb5IBRaIVefC7jRg=,8tkb/f9SPRNiVJLGcFvxBxBNKcQ=
916,776,iYiuDNtmHPJHb5IBRaIVefC7jRg=,8tkb/f9SPRNiVJLGcFvxBxBNKcQ=
926,775,iYiuDNtmHPJHb5IBRaIVefC7jRg=,8tkb/f9SPRNiVJLGcFvxBxBNKcQ=
927,775,iYiuDNtmHPJHb5IBRaIVefC7jRg=,8tkb/f9SPRNiVJLGcFvxBxBNKcQ=
925,775,iYiuDNtmHPJHb5IBRaIVefC7jRg=,8tkb/f9SPRNiVJLGcFvxBxBNKcQ=
919,768,iYiuDNtmHPJHb5IBRaIVefC7jRg=,8tkb/f9SPRNiVJLGcFvxBxBNKcQ=
924,775,iYiuDNtmHPJHb5IBRaIVefC7jRg=,8tkb/f9SPRNiVJLGcFvxBxBNKcQ=
923,775,iYiuDNtmHPJHb5IBRaIVefC7jRg=,8tkb/f9SPRNiVJLGcFvxBxBNKcQ=
922,775,iYiuDNtmHPJHb5IBRaIVefC7jRg=,8tkb/f9SPRNiVJLGcFvxBxBNKcQ=
921,775,iYiuDNtmHPJHb5IBRaIVefC7jRg=,8tkb/f9SPRNiVJLGcFvxBxBNKcQ=
920,775,iYiuDNtmHPJHb5IBRaIVefC7jRg=,8tkb/f9SPRNiVJLGcFvxBxBNKcQ=
918,775,iYiuDNtmHPJHb5IBRaIVefC7jRg=,8tkb/f9SPRNiVJLGcFvxBxBNKcQ=
919,775,iYiuDNtmHPJHb5IBRaIVefC7jRg=,8tkb/f9SPRNiVJLGcFvxBxBNKcQ=
916,775,iYiuDNtmHPJHb5IBRaIVefC7jRg=,8tkb/f9SPRNiVJLGcFvxBxBNKcQ=
917,775,iYiuDNtmHPJHb5IBRaIVefC7jRg=,8tkb/f9SPRNiVJLGcFvxBxBNKcQ=
914,775,iYiuDNtmHPJHb5IBRaIVefC7jRg=,8tkb/f9SPRNiVJLGcFvxBxBNKcQ=
913,775,iYiuDNtmHPJHb5IBRaIVefC7jRg=,8tkb/f9SPRNiVJLGcFvxBxBNKcQ=
915,775,iYiuDNtmHPJHb5IBRaIVefC7jRg=,8tkb/f9SPRNiVJLGcFvxBxBNKcQ=
927,774,iYiuDNtmHPJHb5IBRaIVefC7jRg=,8tkb/f9SPRNiVJLGcFvxBxBNKcQ=
912,775,iYiuDNtmHPJHb5IBRaIVefC7jRg=,8tkb/f9SPRNiVJLGcFvxBxBNKcQ=
926,774,iYiuDNtmHPJHb5IBRaIVefC7jRg=,8tkb/f9SPRNiVJLGcFvxBxBNKcQ=
918,768,iYiuDNtmHPJHb5IBRaIVefC7jRg=,8tkb/f9SPRNiVJLGcFvxBxBNKcQ=
925,774,iYiuDNtmHPJHb5IBRaIVefC7jRg=,8tkb/f9SPRNiVJLGcFvxBxBNKcQ=
923,774,iYiuDNtmHPJHb5IBRaIVefC7jRg=,8tkb/f9SPRNiVJLGcFvxBxBNKcQ=
924,774,iYiuDNtmHPJHb5IBRaIVefC7jRg=,8tkb/f9SPRNiVJLGcFvxBxBNKcQ=
922,774,iYiuDNtmHPJHb5IBRaIVefC7jRg=,8tkb/f9SPRNiVJLGcFvxBxBNKcQ=
921,774,iYiuDNtmHPJHb5IBRaIVefC7jRg=,8tkb/f9SPRNiVJLGcFvxBxBNKcQ=
920,774,iYiuDNtmHPJHb5IBRaIVefC7jRg=,8tkb/f9SPRNiVJLGcFvxBxBNKcQ=
919,774,iYiuDNtmHPJHb5IBRaIVefC7jRg=,8tkb/f9SPRNiVJLGcFvxBxBNKcQ=
918,774,iYiuDNtmHPJHb5IBRaIVefC7jRg=,8tkb/f9SPRNiVJLGcFvxBxBNKcQ=
916,774,iYiuDNtmHPJHb5IBRaIVefC7jRg=,8tkb/f9SPRNiVJLGcFvxBxBNKcQ=
917,774,iYiuDNtmHPJHb5IBRaIVefC7jRg=,8tkb/f9SPRNiVJLGcFvxBxBNKcQ=
915,774,iYiuDNtmHPJHb5IBRaIVefC7jRg=,8tkb/f9SPRNiVJLGcFvxBxBNKcQ=
913,774,iYiuDNtmHPJHb5IBRaIVefC7jRg=,8tkb/f9SPRNiVJLGcFvxBxBNKcQ=
914,774,iYiuDNtmHPJHb5IBRaIVefC7jRg=,8tkb/f9SPRNiVJLGcFvxBxBNKcQ=
927,773,iYiuDNtmHPJHb5IBRaIVefC7jRg=,8tkb/f9SPRNiVJLGcFvxBxBNKcQ=
912,774,iYiuDNtmHPJHb5IBRaIVefC7jRg=,8tkb/f9SPRNiVJLGcFvxBxBNKcQ=
917,768,iYiuDNtmHPJHb5IBRaIVefC7jRg=,8tkb/f9SPRNiVJLGcFvxBxBNKcQ=
925,773,iYiuDNtmHPJHb5IBRaIVefC7jRg=,8tkb/f9SPRNiVJLGcFvxBxBNKcQ=
926,773,iYiuDNtmHPJHb5IBRaIVefC7jRg=,8tkb/f9SPRNiVJLGcFvxBxBNKcQ=
923,773,iYiuDNtmHPJHb5IBRaIVefC7jRg=,8tkb/f9SPRNiVJLGcFvxBxBNKcQ=
922,773,iYiuDNtmHPJHb5IBRaIVefC7jRg=,8tkb/f9SPRNiVJLGcFvxBxBNKcQ=
926,777,iYiuDNtmHPJHb5IBRaIVefC7jRg=,8tkb/f9SPRNiVJLGcFvxBxBNKcQ=
921,773,iYiuDNtmHPJHb5IBRaIVefC7jRg=,8tkb/f9SPRNiVJLGcFvxBxBNKcQ=
924,773,iYiuDNtmHPJHb5IBRaIVefC7jRg=,8tkb/f9SPRNiVJLGcFvxBxBNKcQ=
920,773,iYiuDNtmHPJHb5IBRaIVefC7jRg=,8tkb/f9SPRNiVJLGcFvxBxBNKcQ=
919,773,iYiuDNtmHPJHb5IBRaIVefC7jRg=,8tkb/f9SPRNiVJLGcFvxBxBNKcQ=
918,773,iYiuDNtmHPJHb5IBRaIVefC7jRg=,8tkb/f9SPRNiVJLGcFvxBxBNKcQ=
917,773,iYiuDNtmHPJHb5IBRaIVefC7jRg=,8tkb/f9SPRNiVJLGcFvxBxBNKcQ=
916,773,iYiuDNtmHPJHb5IBRaIVefC7jRg=,8tkb/f9SPRNiVJLGcFvxBxBNKcQ=
914,773,iYiuDNtmHPJHb5IBRaIVefC7jRg=,8tkb/f9SPRNiVJLGcFvxBxBNKcQ=
915,773,iYiuDNtmHPJHb5IBRaIVefC7jRg=,8tkb/f9SPRNiVJLGcFvxBxBNKcQ=
913,773,iYiuDNtmHPJHb5IBRaIVefC7jRg=,8tkb/f9SPRNiVJLGcFvxBxBNKcQ=
912,773,iYiuDNtmHPJHb5IBRaIVefC7jRg=,8tkb/f9SPRNiVJLGcFvxBxBNKcQ=
916,768,iYiuDNtmHPJHb5IBRaIVefC7jRg=,8tkb/f9SPRNiVJLGcFvxBxBNKcQ=
927,772,iYiuDNtmHPJHb5IBRaIVefC7jRg=,8tkb/f9SPRNiVJLGcFvxBxBNKcQ=
925,772,iYiuDNtmHPJHb5IBRaIVefC7jRg=,8tkb/f9SPRNiVJLGcFvxBxBNKcQ=
926,772,iYiuDNtmHPJHb5IBRaIVefC7jRg=,8tkb/f9SPRNiVJLGcFvxBxBNKcQ=
923,772,iYiuDNtmHPJHb5IBRaIVefC7jRg=,8tkb/f9SPRNiVJLGcFvxBxBNKcQ=
922,772,iYiuDNtmHPJHb5IBRaIVefC7jRg=,8tkb/f9SPRNiVJLGcFvxBxBNKcQ=
921,772,iYiuDNtmHPJHb5IBRaIVefC7jRg=,8tkb/f9SPRNiVJLGcFvxBxBNKcQ=
924,772,iYiuDNtmHPJHb5IBRaIVefC7jRg=,8tkb/f9SPRNiVJLGcFvxBxBNKcQ=
920,772,iYiuDNtmHPJHb5IBRaIVefC7jRg=,8tkb/f9SPRNiVJLGcFvxBxBNKcQ=
919,772,iYiuDNtmHPJHb5IBRaIVefC7jRg=,8tkb/f9SPRNiVJLGcFvxBxBNKcQ=
918,772,iYiuDNtmHPJHb5IBRaIVefC7jRg=,8tkb/f9SPRNiVJLGcFvxBxBNKcQ=
917,772,iYiuDNtmHPJHb5IBRaIVefC7jRg=,8tkb/f9SPRNiVJLGcFvxBxBNKcQ=
927,777,iYiuDNtmHPJHb5IBRaIVefC7jRg=,8tkb/f9SPRNiVJLGcFvxBxBNKcQ=
914,780,iYiuDNtmHPJHb5IBRaIVefC7jRg=,8tkb/f9SPRNiVJLGcFvxBxBNKcQ=
897,784,iYiuDNtmHPJHb5IBRaIVefC7jRg=,8tkb/f9SPRNiVJLGcFvxBxBNKcQ=
898,785,iYiuDNtmHPJHb5IBRaIVefC7jRg=,8tkb/f9SPRNiVJLGcFvxBxBNKcQ=
909,799,iYiuDNtmHPJHb5IBRaIVefC7jRg=,8tkb/f9SPRNiVJLGcFvxBxBNKcQ=
897,785,iYiuDNtmHPJHb5IBRaIVefC7jRg=,8tkb/f9SPRNiVJLGcFvxBxBNKcQ=
911,799,iYiuDNtmHPJHb5IBRaIVefC7jRg=,8tkb/f9SPRNiVJLGcFvxBxBNKcQ=
907,799,iYiuDNtmHPJHb5IBRaIVefC7jRg=,8tkb/f9SPRNiVJLGcFvxBxBNKcQ=
908,799,iYiuDNtmHPJHb5IBRaIVefC7jRg=,8tkb/f9SPRNiVJLGcFvxBxBNKcQ=
910,799,iYiuDNtmHPJHb5IBRaIVefC7jRg=,8tkb/f9SPRNiVJLGcFvxBxBNKcQ=
906,799,iYiuDNtmHPJHb5IBRaIVefC7jRg=,8tkb/f9SPRNiVJLGcFvxBxBNKcQ=
905,799,iYiuDNtmHPJHb5IBRaIVefC7jRg=,8tkb/f9SPRNiVJLGcFvxBxBNKcQ=
904,799,iYiuDNtmHPJHb5IBRaIVefC7jRg=,8tkb/f9SPRNiVJLGcFvxBxBNKcQ=
902,799,iYiuDNtmHPJHb5IBRaIVefC7jRg=,8tkb/f9SPRNiVJLGcFvxBxBNKcQ=
903,799,iYiuDNtmHPJHb5IBRaIVefC7jRg=,8tkb/f9SPRNiVJLGcFvxBxBNKcQ=
901,799,iYiuDNtmHPJHb5IBRaIVefC7jRg=,8tkb/f9SPRNiVJLGcFvxBxBNKcQ=
900,799,iYiuDNtmHPJHb5IBRaIVefC7jRg=,8tkb/f9SPRNiVJLGcFvxBxBNKcQ=
899,799,iYiuDNtmHPJHb5IBRaIVefC7jRg=,8tkb/f9SPRNiVJLGcFvxBxBNKcQ=
899,785,iYiuDNtmHPJHb5IBRaIVefC7jRg=,8tkb/f9SPRNiVJLGcFvxBxBNKcQ=
898,799,iYiuDNtmHPJHb5IBRaIVefC7jRg=,8tkb/f9SPRNiVJLGcFvxBxBNKcQ=
896,799,iYiuDNtmHPJHb5IBRaIVefC7jRg=,8tkb/f9SPRNiVJLGcFvxBxBNKcQ=
897,799,iYiuDNtmHPJHb5IBRaIVefC7jRg=,8tkb/f9SPRNiVJLGcFvxBxBNKcQ=
900,785,iYiuDNtmHPJHb5IBRaIVefC7jRg=,8tkb/f9SPRNiVJLGcFvxBxBNKcQ=
911,784,iYiuDNtmHPJHb5IBRaIVefC7jRg=,8tkb/f9SPRNiVJLGcFvxBxBNKcQ=
896,785,iYiuDNtmHPJHb5IBRaIVefC7jRg=,8tkb/f9SPRNiVJLGcFvxBxBNKcQ=
901,785,iYiuDNtmHPJHb5IBRaIVefC7jRg=,8tkb/f9SPRNiVJLGcFvxBxBNKcQ=
910,798,iYiuDNtmHPJHb5IBRaIVefC7jRg=,8tkb/f9SPRNiVJLGcFvxBxBNKcQ=
911,798,iYiuDNtmHPJHb5IBRaIVefC7jRg=,8tkb/f9SPRNiVJLGcFvxBxBNKcQ=
909,798,iYiuDNtmHPJHb5IBRaIVefC7jRg=,8tkb/f9SPRNiVJLGcFvxBxBNKcQ=
908,798,iYiuDNtmHPJHb5IBRaIVefC7jRg=,8tkb/f9SPRNiVJLGcFvxBxBNKcQ=
902,785,iYiuDNtmHPJHb5IBRaIVefC7jRg=,8tkb/f9SPRNiVJLGcFvxBxBNKcQ=
907,798,iYiuDNtmHPJHb5IBRaIVefC7jRg=,8tkb/f9SPRNiVJLGcFvxBxBNKcQ=
906,798,iYiuDNtmHPJHb5IBRaIVefC7jRg=,8tkb/f9SPRNiVJLGcFvxBxBNKcQ=
905,798,iYiuDNtmHPJHb5IBRaIVefC7jRg=,8tkb/f9SPRNiVJLGcFvxBxBNKcQ=
904,798,iYiuDNtmHPJHb5IBRaIVefC7jRg=,8tkb/f9SPRNiVJLGcFvxBxBNKcQ=
903,798,iYiuDNtmHPJHb5IBRaIVefC7jRg=,8tkb/f9SPRNiVJLGcFvxBxBNKcQ=
903,785,iYiuDNtmHPJHb5IBRaIVefC7jRg=,8tkb/f9SPRNiVJLGcFvxBxBNKcQ=
902,798,iYiuDNtmHPJHb5IBRaIVefC7jRg=,8tkb/f9SPRNiVJLGcFvxBxBNKcQ=
901,798,iYiuDNtmHPJHb5IBRaIVefC7jRg=,8tkb/f9SPRNiVJLGcFvxBxBNKcQ=
904,785,iYiuDNtmHPJHb5IBRaIVefC7jRg=,8tkb/f9SPRNiVJLGcFvxBxBNKcQ=
899,798,iYiuDNtmHPJHb5IBRaIVefC7jRg=,8tkb/f9SPRNiVJLGcFvxBxBNKcQ=
896,784,iYiuDNtmHPJHb5IBRaIVefC7jRg=,8tkb/f9SPRNiVJLGcFvxBxBNKcQ=
900,798,iYiuDNtmHPJHb5IBRaIVefC7jRg=,8tkb/f9SPRNiVJLGcFvxBxBNKcQ=
898,798,iYiuDNtmHPJHb5IBRaIVefC7jRg=,8tkb/f9SPRNiVJLGcFvxBxBNKcQ=
905,785,iYiuDNtmHPJHb5IBRaIVefC7jRg=,8tkb/f9SPRNiVJLGcFvxBxBNKcQ=
897,798,iYiuDNtmHPJHb5IBRaIVefC7jRg=,8tkb/f9SPRNiVJLGcFvxBxBNKcQ=
896,798,iYiuDNtmHPJHb5IBRaIVefC7jRg=,8tkb/f9SPRNiVJLGcFvxBxBNKcQ=
906,785,iYiuDNtmHPJHb5IBRaIVefC7jRg=,8tkb/f9SPRNiVJLGcFvxBxBNKcQ=
910,797,iYiuDNtmHPJHb5IBRaIVefC7jRg=,8tkb/f9SPRNiVJLGcFvxBxBNKcQ=
911,797,iYiuDNtmHPJHb5IBRaIVefC7jRg=,8tkb/f9SPRNiVJLGcFvxBxBNKcQ=
908,797,iYiuDNtmHPJHb5IBRaIVefC7jRg=,8tkb/f9SPRNiVJLGcFvxBxBNKcQ=
907,797,iYiuDNtmHPJHb5IBRaIVefC7jRg=,8tkb/f9SPRNiVJLGcFvxBxBNKcQ=
909,797,iYiuDNtmHPJHb5IBRaIVefC7jRg=,8tkb/f9SPRNiVJLGcFvxBxBNKcQ=
907,785,iYiuDNtmHPJHb5IBRaIVefC7jRg=,8tkb/f9SPRNiVJLGcFvxBxBNKcQ=
906,797,iYiuDNtmHPJHb5IBRaIVefC7jRg=,8tkb/f9SPRNiVJLGcFvxBxBNKcQ=
905,797,iYiuDNtmHPJHb5IBRaIVefC7jRg=,8tkb/f9SPRNiVJLGcFvxBxBNKcQ=
908,785,iYiuDNtmHPJHb5IBRaIVefC7jRg=,8tkb/f9SPRNiVJLGcFvxBxBNKcQ=
903,797,iYiuDNtmHPJHb5IBRaIVefC7jRg=,8tkb/f9SPRNiVJLGcFvxBxBNKcQ=
904,797,iYiuDNtmHPJHb5IBRaIVefC7jRg=,8tkb/f9SPRNiVJLGcFvxBxBNKcQ=
909,785,iYiuDNtmHPJHb5IBRaIVefC7jRg=,8tkb/f9SPRNiVJLGcFvxBxBNKcQ=
902,797,iYiuDNtmHPJHb5IBRaIVefC7jRg=,8tkb/f9SPRNiVJLGcFvxBxBNKcQ=
901,797,iYiuDNtmHPJHb5IBRaIVefC7jRg=,8tkb/f9SPRNiVJLGcFvxBxBNKcQ=
899,797,iYiuDNtmHPJHb5IBRaIVefC7jRg=,8tkb/f9SPRNiVJLGcFvxBxBNKcQ=
910,784,iYiuDNtmHPJHb5IBRaIVefC7jRg=,8tkb/f9SPRNiVJLGcFvxBxBNKcQ=
900,797,iYiuDNtmHPJHb5IBRaIVefC7jRg=,8tkb/f9SPRNiVJLGcFvxBxBNKcQ=
897,797,iYiuDNtmHPJHb5IBRaIVefC7jRg=,8tkb/f9SPRNiVJLGcFvxBxBNKcQ=
910,785,iYiuDNtmHPJHb5IBRaIVefC7jRg=,8tkb/f9SPRNiVJLGcFvxBxBNKcQ=
898,797,iYiuDNtmHPJHb5IBRaIVefC7jRg=,8tkb/f9SPRNiVJLGcFvxBxBNKcQ=
896,797,iYiuDNtmHPJHb5IBRaIVefC7jRg=,8tkb/f9SPRNiVJLGcFvxBxBNKcQ=
911,796,iYiuDNtmHPJHb5IBRaIVefC7jRg=,8tkb/f9SPRNiVJLGcFvxBxBNKcQ=
911,785,iYiuDNtmHPJHb5IBRaIVefC7jRg=,8tkb/f9SPRNiVJLGcFvxBxBNKcQ=
910,796,iYiuDNtmHPJHb5IBRaIVefC7jRg=,8tkb/f9SPRNiVJLGcFvxBxBNKcQ=
909,796,iYiuDNtmHPJHb5IBRaIVefC7jRg=,8tkb/f9SPRNiVJLGcFvxBxBNKcQ=
908,796,iYiuDNtmHPJHb5IBRaIVefC7jRg=,8tkb/f9SPRNiVJLGcFvxBxBNKcQ=
907,796,iYiuDNtmHPJHb5IBRaIVefC7jRg=,8tkb/f9SPRNiVJLGcFvxBxBNKcQ=
896,786,iYiuDNtmHPJHb5IBRaIVefC7jRg=,8tkb/f9SPRNiVJLGcFvxBxBNKcQ=
906,796,iYiuDNtmHPJHb5IBRaIVefC7jRg=,8tkb/f9SPRNiVJLGcFvxBxBNKcQ=
905,796,iYiuDNtmHPJHb5IBRaIVefC7jRg=,8tkb/f9SPRNiVJLGcFvxBxBNKcQ=
904,796,iYiuDNtmHPJHb5IBRaIVefC7jRg=,8tkb/f9SPRNiVJLGcFvxBxBNKcQ=
903,796,iYiuDNtmHPJHb5IBRaIVefC7jRg=,8tkb/f9SPRNiVJLGcFvxBxBNKcQ=
898,784,iYiuDNtmHPJHb5IBRaIVefC7jRg=,8tkb/f9SPRNiVJLGcFvxBxBNKcQ=
909,784,iYiuDNtmHPJHb5IBRaIVefC7jRg=,8tkb/f9SPRNiVJLGcFvxBxBNKcQ=
902,796,iYiuDNtmHPJHb5IBRaIVefC7jRg=,8tkb/f9SPRNiVJLGcFvxBxBNKcQ=
901,796,iYiuDNtmHPJHb5IBRaIVefC7jRg=,8tkb/f9SPRNiVJLGcFvxBxBNKcQ=
900,796,iYiuDNtmHPJHb5IBRaIVefC7jRg=,8tkb/f9SPRNiVJLGcFvxBxBNKcQ=
899,796,iYiuDNtmHPJHb5IBRaIVefC7jRg=,8tkb/f9SPRNiVJLGcFvxBxBNKcQ=
897,786,iYiuDNtmHPJHb5IBRaIVefC7jRg=,8tkb/f9SPRNiVJLGcFvxBxBNKcQ=
898,796,iYiuDNtmHPJHb5IBRaIVefC7jRg=,8tkb/f9SPRNiVJLGcFvxBxBNKcQ=
897,796,iYiuDNtmHPJHb5IBRaIVefC7jRg=,8tkb/f9SPRNiVJLGcFvxBxBNKcQ=
898,786,iYiuDNtmHPJHb5IBRaIVefC7jRg=,8tkb/f9SPRNiVJLGcFvxBxBNKcQ=
911,795,iYiuDNtmHPJHb5IBRaIVefC7jRg=,8tkb/f9SPRNiVJLGcFvxBxBNKcQ=
910,795,iYiuDNtmHPJHb5IBRaIVefC7jRg=,8tkb/f9SPRNiVJLGcFvxBxBNKcQ=
896,796,iYiuDNtmHPJHb5IBRaIVefC7jRg=,8tkb/f9SPRNiVJLGcFvxBxBNKcQ=
909,795,iYiuDNtmHPJHb5IBRaIVefC7jRg=,8tkb/f9SPRNiVJLGcFvxBxBNKcQ=
899,786,iYiuDNtmHPJHb5IBRaIVefC7jRg=,8tkb/f9SPRNiVJLGcFvxBxBNKcQ=
908,795,iYiuDNtmHPJHb5IBRaIVefC7jRg=,8tkb/f9SPRNiVJLGcFvxBxBNKcQ=
907,795,iYiuDNtmHPJHb5IBRaIVefC7jRg=,8tkb/f9SPRNiVJLGcFvxBxBNKcQ=
900,786,iYiuDNtmHPJHb5IBRaIVefC7jRg=,8tkb/f9SPRNiVJLGcFvxBxBNKcQ=
905,795,iYiuDNtmHPJHb5IBRaIVefC7jRg=,8tkb/f9SPRNiVJLGcFvxBxBNKcQ=
906,795,iYiuDNtmHPJHb5IBRaIVefC7jRg=,8tkb/f9SPRNiVJLGcFvxBxBNKcQ=
904,795,iYiuDNtmHPJHb5IBRaIVefC7jRg=,8tkb/f9SPRNiVJLGcFvxBxBNKcQ=
903,795,iYiuDNtmHPJHb5IBRaIVefC7jRg=,8tkb/f9SPRNiVJLGcFvxBxBNKcQ=
901,786,iYiuDNtmHPJHb5IBRaIVefC7jRg=,8tkb/f9SPRNiVJLGcFvxBxBNKcQ=
908,784,iYiuDNtmHPJHb5IBRaIVefC7jRg=,8tkb/f9SPRNiVJLGcFvxBxBNKcQ=
902,795,iYiuDNtmHPJHb5IBRaIVefC7jRg=,8tkb/f9SPRNiVJLGcFvxBxBNKcQ=
902,786,iYiuDNtmHPJHb5IBRaIVefC7jRg=,8tkb/f9SPRNiVJLGcFvxBxBNKcQ=
901,795,iYiuDNtmHPJHb5IBRaIVefC7jRg=,8tkb/f9SPRNiVJLGcFvxBxBNKcQ=
899,795,iYiuDNtmHPJHb5IBRaIVefC7jRg=,8tkb/f9SPRNiVJLGcFvxBxBNKcQ=
900,795,iYiuDNtmHPJHb5IBRaIVefC7jRg=,8tkb/f9SPRNiVJLGcFvxBxBNKcQ=
903,786,iYiuDNtmHPJHb5IBRaIVefC7jRg=,8tkb/f9SPRNiVJLGcFvxBxBNKcQ=
898,795,iYiuDNtmHPJHb5IBRaIVefC7jRg=,8tkb/f9SPRNiVJLGcFvxBxBNKcQ=
897,795,iYiuDNtmHPJHb5IBRaIVefC7jRg=,8tkb/f9SPRNiVJLGcFvxBxBNKcQ=
896,795,iYiuDNtmHPJHb5IBRaIVefC7jRg=,8tkb/f9SPRNiVJLGcFvxBxBNKcQ=
904,786,iYiuDNtmHPJHb5IBRaIVefC7jRg=,8tkb/f9SPRNiVJLGcFvxBxBNKcQ=
911,794,iYiuDNtmHPJHb5IBRaIVefC7jRg=,8tkb/f9SPRNiVJLGcFvxBxBNKcQ=
910,794,iYiuDNtmHPJHb5IBRaIVefC7jRg=,8tkb/f9SPRNiVJLGcFvxBxBNKcQ=
905,786,iYiuDNtmHPJHb5IBRaIVefC7jRg=,8tkb/f9SPRNiVJLGcFvxBxBNKcQ=
909,794,iYiuDNtmHPJHb5IBRaIVefC7jRg=,8tkb/f9SPRNiVJLGcFvxBxBNKcQ=
908,794,iYiuDNtmHPJHb5IBRaIVefC7jRg=,8tkb/f9SPRNiVJLGcFvxBxBNKcQ=
907,794,iYiuDNtmHPJHb5IBRaIVefC7jRg=,8tkb/f9SPRNiVJLGcFvxBxBNKcQ=
906,786,iYiuDNtmHPJHb5IBRaIVefC7jRg=,8tkb/f9SPRNiVJLGcFvxBxBNKcQ=
906,794,iYiuDNtmHPJHb5IBRaIVefC7jRg=,8tkb/f9SPRNiVJLGcFvxBxBNKcQ=
905,794,iYiuDNtmHPJHb5IBRaIVefC7jRg=,8tkb/f9SPRNiVJLGcFvxBxBNKcQ=
904,794,iYiuDNtmHPJHb5IBRaIVefC7jRg=,8tkb/f9SPRNiVJLGcFvxBxBNKcQ=
907,786,iYiuDNtmHPJHb5IBRaIVefC7jRg=,8tkb/f9SPRNiVJLGcFvxBxBNKcQ=
907,784,iYiuDNtmHPJHb5IBRaIVefC7jRg=,8tkb/f9SPRNiVJLGcFvxBxBNKcQ=
902,794,iYiuDNtmHPJHb5IBRaIVefC7jRg=,8tkb/f9SPRNiVJLGcFvxBxBNKcQ=
903,794,iYiuDNtmHPJHb5IBRaIVefC7jRg=,8tkb/f9SPRNiVJLGcFvxBxBNKcQ=
901,794,iYiuDNtmHPJHb5IBRaIVefC7jRg=,8tkb/f9SPRNiVJLGcFvxBxBNKcQ=
908,786,iYiuDNtmHPJHb5IBRaIVefC7jRg=,8tkb/f9SPRNiVJLGcFvxBxBNKcQ=
900,794,iYiuDNtmHPJHb5IBRaIVefC7jRg=,8tkb/f9SPRNiVJLGcFvxBxBNKcQ=
899,794,iYiuDNtmHPJHb5IBRaIVefC7jRg=,8tkb/f9SPRNiVJLGcFvxBxBNKcQ=
897,794,iYiuDNtmHPJHb5IBRaIVefC7jRg=,8tkb/f9SPRNiVJLGcFvxBxBNKcQ=
909,786,iYiuDNtmHPJHb5IBRaIVefC7jRg=,8tkb/f9SPRNiVJLGcFvxBxBNKcQ=
896,794,iYiuDNtmHPJHb5IBRaIVefC7jRg=,8tkb/f9SPRNiVJLGcFvxBxBNKcQ=
898,794,iYiuDNtmHPJHb5IBRaIVefC7jRg=,8tkb/f9SPRNiVJLGcFvxBxBNKcQ=
910,786,iYiuDNtmHPJHb5IBRaIVefC7jRg=,8tkb/f9SPRNiVJLGcFvxBxBNKcQ=
911,793,iYiuDNtmHPJHb5IBRaIVefC7jRg=,8tkb/f9SPRNiVJLGcFvxBxBNKcQ=
910,793,iYiuDNtmHPJHb5IBRaIVefC7jRg=,8tkb/f9SPRNiVJLGcFvxBxBNKcQ=
909,793,iYiuDNtmHPJHb5IBRaIVefC7jRg=,8tkb/f9SPRNiVJLGcFvxBxBNKcQ=
911,786,iYiuDNtmHPJHb5IBRaIVefC7jRg=,8tkb/f9SPRNiVJLGcFvxBxBNKcQ=
908,793,iYiuDNtmHPJHb5IBRaIVefC7jRg=,8tkb/f9SPRNiVJLGcFvxBxBNKcQ=
907,793,iYiuDNtmHPJHb5IBRaIVefC7jRg=,8tkb/f9SPRNiVJLGcFvxBxBNKcQ=
906,793,iYiuDNtmHPJHb5IBRaIVefC7jRg=,8tkb/f9SPRNiVJLGcFvxBxBNKcQ=
905,793,iYiuDNtmHPJHb5IBRaIVefC7jRg=,8tkb/f9SPRNiVJLGcFvxBxBNKcQ=
906,784,iYiuDNtmHPJHb5IBRaIVefC7jRg=,8tkb/f9SPRNiVJLGcFvxBxBNKcQ=
899,784,iYiuDNtmHPJHb5IBRaIVefC7jRg=,8tkb/f9SPRNiVJLGcFvxBxBNKcQ=
904,793,iYiuDNtmHPJHb5IBRaIVefC7jRg=,8tkb/f9SPRNiVJLGcFvxBxBNKcQ=
902,793,iYiuDNtmHPJHb5IBRaIVefC7jRg=,8tkb/f9SPRNiVJLGcFvxBxBNKcQ=
903,793,iYiuDNtmHPJHb5IBRaIVefC7jRg=,8tkb/f9SPRNiVJLGcFvxBxBNKcQ=
901,793,iYiuDNtmHPJHb5IBRaIVefC7jRg=,8tkb/f9SPRNiVJLGcFvxBxBNKcQ=
896,787,iYiuDNtmHPJHb5IBRaIVefC7jRg=,8tkb/f9SPRNiVJLGcFvxBxBNKcQ=
900,793,iYiuDNtmHPJHb5IBRaIVefC7jRg=,8tkb/f9SPRNiVJLGcFvxBxBNKcQ=
899,793,iYiuDNtmHPJHb5IBRaIVefC7jRg=,8tkb/f9SPRNiVJLGcFvxBxBNKcQ=
897,793,iYiuDNtmHPJHb5IBRaIVefC7jRg=,8tkb/f9SPRNiVJLGcFvxBxBNKcQ=
898,793,iYiuDNtmHPJHb5IBRaIVefC7jRg=,8tkb/f9SPRNiVJLGcFvxBxBNKcQ=
897,787,iYiuDNtmHPJHb5IBRaIVefC7jRg=,8tkb/f9SPRNiVJLGcFvxBxBNKcQ=
896,793,iYiuDNtmHPJHb5IBRaIVefC7jRg=,8tkb/f9SPRNiVJLGcFvxBxBNKcQ=
911,792,iYiuDNtmHPJHb5IBRaIVefC7jRg=,8tkb/f9SPRNiVJLGcFvxBxBNKcQ=
910,792,iYiuDNtmHPJHb5IBRaIVefC7jRg=,8tkb/f9SPRNiVJLGcFvxBxBNKcQ=
909,792,iYiuDNtmHPJHb5IBRaIVefC7jRg=,8tkb/f9SPRNiVJLGcFvxBxBNKcQ=
898,787,iYiuDNtmHPJHb5IBRaIVefC7jRg=,8tkb/f9SPRNiVJLGcFvxBxBNKcQ=
908,792,iYiuDNtmHPJHb5IBRaIVefC7jRg=,8tkb/f9SPRNiVJLGcFvxBxBNKcQ=
907,792,iYiuDNtmHPJHb5IBRaIVefC7jRg=,8tkb/f9SPRNiVJLGcFvxBxBNKcQ=
899,787,iYiuDNtmHPJHb5IBRaIVefC7jRg=,8tkb/f9SPRNiVJLGcFvxBxBNKcQ=
905,784,iYiuDNtmHPJHb5IBRaIVefC7jRg=,8tkb/f9SPRNiVJLGcFvxBxBNKcQ=
904,792,iYiuDNtmHPJHb5IBRaIVefC7jRg=,8tkb/f9SPRNiVJLGcFvxBxBNKcQ=
905,792,iYiuDNtmHPJHb5IBRaIVefC7jRg=,8tkb/f9SPRNiVJLGcFvxBxBNKcQ=
906,792,iYiuDNtmHPJHb5IBRaIVefC7jRg=,8tkb/f9SPRNiVJLGcFvxBxBNKcQ=
900,787,iYiuDNtmHPJHb5IBRaIVefC7jRg=,8tkb/f9SPRNiVJLGcFvxBxBNKcQ=
903,792,iYiuDNtmHPJHb5IBRaIVefC7jRg=,8tkb/f9SPRNiVJLGcFvxBxBNKcQ=
901,792,iYiuDNtmHPJHb5IBRaIVefC7jRg=,8tkb/f9SPRNiVJLGcFvxBxBNKcQ=
902,792,iYiuDNtmHPJHb5IBRaIVefC7jRg=,8tkb/f9SPRNiVJLGcFvxBxBNKcQ=
900,792,iYiuDNtmHPJHb5IBRaIVefC7jRg=,8tkb/f9SPRNiVJLGcFvxBxBNKcQ=
901,787,iYiuDNtmHPJHb5IBRaIVefC7jRg=,8tkb/f9SPRNiVJLGcFvxBxBNKcQ=
899,792,iYiuDNtmHPJHb5IBRaIVefC7jRg=,8tkb/f9SPRNiVJLGcFvxBxBNKcQ=
897,792,iYiuDNtmHPJHb5IBRaIVefC7jRg=,8tkb/f9SPRNiVJLGcFvxBxBNKcQ=
898,792,iYiuDNtmHPJHb5IBRaIVefC7jRg=,8tkb/f9SPRNiVJLGcFvxBxBNKcQ=
896,792,iYiuDNtmHPJHb5IBRaIVefC7jRg=,8tkb/f9SPRNiVJLGcFvxBxBNKcQ=
911,791,iYiuDNtmHPJHb5IBRaIVefC7jRg=,8tkb/f9SPRNiVJLGcFvxBxBNKcQ=
902,787,iYiuDNtmHPJHb5IBRaIVefC7jRg=,8tkb/f9SPRNiVJLGcFvxBxBNKcQ=
910,791,iYiuDNtmHPJHb5IBRaIVefC7jRg=,8tkb/f9SPRNiVJLGcFvxBxBNKcQ=
909,791,iYiuDNtmHPJHb5IBRaIVefC7jRg=,8tkb/f9SPRNiVJLGcFvxBxBNKcQ=
903,787,iYiuDNtmHPJHb5IBRaIVefC7jRg=,8tkb/f9SPRNiVJLGcFvxBxBNKcQ=
908,791,iYiuDNtmHPJHb5IBRaIVefC7jRg=,8tkb/f9SPRNiVJLGcFvxBxBNKcQ=
907,791,iYiuDNtmHPJHb5IBRaIVefC7jRg=,8tkb/f9SPRNiVJLGcFvxBxBNKcQ=
904,784,iYiuDNtmHPJHb5IBRaIVefC7jRg=,8tkb/f9SPRNiVJLGcFvxBxBNKcQ=
906,791,iYiuDNtmHPJHb5IBRaIVefC7jRg=,8tkb/f9SPRNiVJLGcFvxBxBNKcQ=
904,787,iYiuDNtmHPJHb5IBRaIVefC7jRg=,8tkb/f9SPRNiVJLGcFvxBxBNKcQ=
905,791,iYiuDNtmHPJHb5IBRaIVefC7jRg=,8tkb/f9SPRNiVJLGcFvxBxBNKcQ=
904,791,iYiuDNtmHPJHb5IBRaIVefC7jRg=,8tkb/f9SPRNiVJLGcFvxBxBNKcQ=
903,791,iYiuDNtmHPJHb5IBRaIVefC7jRg=,8tkb/f9SPRNiVJLGcFvxBxBNKcQ=
905,787,iYiuDNtmHPJHb5IBRaIVefC7jRg=,8tkb/f9SPRNiVJLGcFvxBxBNKcQ=
902,791,iYiuDNtmHPJHb5IBRaIVefC7jRg=,8tkb/f9SPRNiVJLGcFvxBxBNKcQ=
901,791,iYiuDNtmHPJHb5IBRaIVefC7jRg=,8tkb/f9SPRNiVJLGcFvxBxBNKcQ=
900,791,iYiuDNtmHPJHb5IBRaIVefC7jRg=,8tkb/f9SPRNiVJLGcFvxBxBNKcQ=
906,787,iYiuDNtmHPJHb5IBRaIVefC7jRg=,8tkb/f9SPRNiVJLGcFvxBxBNKcQ=
897,791,iYiuDNtmHPJHb5IBRaIVefC7jRg=,8tkb/f9SPRNiVJLGcFvxBxBNKcQ=
899,791,iYiuDNtmHPJHb5IBRaIVefC7jRg=,8tkb/f9SPRNiVJLGcFvxBxBNKcQ=
898,791,iYiuDNtmHPJHb5IBRaIVefC7jRg=,8tkb/f9SPRNiVJLGcFvxBxBNKcQ=
896,791,iYiuDNtmHPJHb5IBRaIVefC7jRg=,8tkb/f9SPRNiVJLGcFvxBxBNKcQ=
907,787,iYiuDNtmHPJHb5IBRaIVefC7jRg=,8tkb/f9SPRNiVJLGcFvxBxBNKcQ=
911,790,iYiuDNtmHPJHb5IBRaIVefC7jRg=,8tkb/f9SPRNiVJLGcFvxBxBNKcQ=
908,790,iYiuDNtmHPJHb5IBRaIVefC7jRg=,8tkb/f9SPRNiVJLGcFvxBxBNKcQ=
910,790,iYiuDNtmHPJHb5IBRaIVefC7jRg=,8tkb/f9SPRNiVJLGcFvxBxBNKcQ=
909,790,iYiuDNtmHPJHb5IBRaIVefC7jRg=,8tkb/f9SPRNiVJLGcFvxBxBNKcQ=
903,784,iYiuDNtmHPJHb5IBRaIVefC7jRg=,8tkb/f9SPRNiVJLGcFvxBxBNKcQ=
908,787,iYiuDNtmHPJHb5IBRaIVefC7jRg=,8tkb/f9SPRNiVJLGcFvxBxBNKcQ=
907,790,iYiuDNtmHPJHb5IBRaIVefC7jRg=,8tkb/f9SPRNiVJLGcFvxBxBNKcQ=
909,787,iYiuDNtmHPJHb5IBRaIVefC7jRg=,8tkb/f9SPRNiVJLGcFvxBxBNKcQ=
905,790,iYiuDNtmHPJHb5IBRaIVefC7jRg=,8tkb/f9SPRNiVJLGcFvxBxBNKcQ=
906,790,iYiuDNtmHPJHb5IBRaIVefC7jRg=,8tkb/f9SPRNiVJLGcFvxBxBNKcQ=
904,790,iYiuDNtmHPJHb5IBRaIVefC7jRg=,8tkb/f9SPRNiVJLGcFvxBxBNKcQ=
903,790,iYiuDNtmHPJHb5IBRaIVefC7jRg=,8tkb/f9SPRNiVJLGcFvxBxBNKcQ=
910,787,iYiuDNtmHPJHb5IBRaIVefC7jRg=,8tkb/f9SPRNiVJLGcFvxBxBNKcQ=
902,790,iYiuDNtmHPJHb5IBRaIVefC7jRg=,8tkb/f9SPRNiVJLGcFvxBxBNKcQ=
901,790,iYiuDNtmHPJHb5IBRaIVefC7jRg=,8tkb/f9SPRNiVJLGcFvxBxBNKcQ=
900,790,iYiuDNtmHPJHb5IBRaIVefC7jRg=,8tkb/f9SPRNiVJLGcFvxBxBNKcQ=
899,790,iYiuDNtmHPJHb5IBRaIVefC7jRg=,8tkb/f9SPRNiVJLGcFvxBxBNKcQ=
900,784,iYiuDNtmHPJHb5IBRaIVefC7jRg=,8tkb/f9SPRNiVJLGcFvxBxBNKcQ=
898,790,iYiuDNtmHPJHb5IBRaIVefC7jRg=,8tkb/f9SPRNiVJLGcFvxBxBNKcQ=
897,790,iYiuDNtmHPJHb5IBRaIVefC7jRg=,8tkb/f9SPRNiVJLGcFvxBxBNKcQ=
896,790,iYiuDNtmHPJHb5IBRaIVefC7jRg=,8tkb/f9SPRNiVJLGcFvxBxBNKcQ=
911,789,iYiuDNtmHPJHb5IBRaIVefC7jRg=,8tkb/f9SPRNiVJLGcFvxBxBNKcQ=
911,787,iYiuDNtmHPJHb5IBRaIVefC7jRg=,8tkb/f9SPRNiVJLGcFvxBxBNKcQ=
909,789,iYiuDNtmHPJHb5IBRaIVefC7jRg=,8tkb/f9SPRNiVJLGcFvxBxBNKcQ=
902,784,iYiuDNtmHPJHb5IBRaIVefC7jRg=,8tkb/f9SPRNiVJLGcFvxBxBNKcQ=
910,789,iYiuDNtmHPJHb5IBRaIVefC7jRg=,8tkb/f9SPRNiVJLGcFvxBxBNKcQ=
908,789,iYiuDNtmHPJHb5IBRaIVefC7jRg=,8tkb/f9SPRNiVJLGcFvxBxBNKcQ=
896,788,iYiuDNtmHPJHb5IBRaIVefC7jRg=,8tkb/f9SPRNiVJLGcFvxBxBNKcQ=
907,789,iYiuDNtmHPJHb5IBRaIVefC7jRg=,8tkb/f9SPRNiVJLGcFvxBxBNKcQ=
906,789,iYiuDNtmHPJHb5IBRaIVefC7jRg=,8tkb/f9SPRNiVJLGcFvxBxBNKcQ=
897,788,iYiuDNtmHPJHb5IBRaIVefC7jRg=,8tkb/f9SPRNiVJLGcFvxBxBNKcQ=
905,789,iYiuDNtmHPJHb5IBRaIVefC7jRg=,8tkb/f9SPRNiVJLGcFvxBxBNKcQ=
903,789,iYiuDNtmHPJHb5IBRaIVefC7jRg=,8tkb/f9SPRNiVJLGcFvxBxBNKcQ=
902,789,iYiuDNtmHPJHb5IBRaIVefC7jRg=,8tkb/f9SPRNiVJLGcFvxBxBNKcQ=
904,789,iYiuDNtmHPJHb5IBRaIVefC7jRg=,8tkb/f9SPRNiVJLGcFvxBxBNKcQ=
898,788,iYiuDNtmHPJHb5IBRaIVefC7jRg=,8tkb/f9SPRNiVJLGcFvxBxBNKcQ=
901,789,iYiuDNtmHPJHb5IBRaIVefC7jRg=,8tkb/f9SPRNiVJLGcFvxBxBNKcQ=
899,789,iYiuDNtmHPJHb5IBRaIVefC7jRg=,8tkb/f9SPRNiVJLGcFvxBxBNKcQ=
900,789,iYiuDNtmHPJHb5IBRaIVefC7jRg=,8tkb/f9SPRNiVJLGcFvxBxBNKcQ=
898,789,iYiuDNtmHPJHb5IBRaIVefC7jRg=,8tkb/f9SPRNiVJLGcFvxBxBNKcQ=
899,788,iYiuDNtmHPJHb5IBRaIVefC7jRg=,8tkb/f9SPRNiVJLGcFvxBxBNKcQ=
897,789,iYiuDNtmHPJHb5IBRaIVefC7jRg=,8tkb/f9SPRNiVJLGcFvxBxBNKcQ=
896,789,iYiuDNtmHPJHb5IBRaIVefC7jRg=,8tkb/f9SPRNiVJLGcFvxBxBNKcQ=
911,788,iYiuDNtmHPJHb5IBRaIVefC7jRg=,8tkb/f9SPRNiVJLGcFvxBxBNKcQ=
900,788,iYiuDNtmHPJHb5IBRaIVefC7jRg=,8tkb/f9SPRNiVJLGcFvxBxBNKcQ=
901,784,iYiuDNtmHPJHb5IBRaIVefC7jRg=,8tkb/f9SPRNiVJLGcFvxBxBNKcQ=
910,788,iYiuDNtmHPJHb5IBRaIVefC7jRg=,8tkb/f9SPRNiVJLGcFvxBxBNKcQ=
908,788,iYiuDNtmHPJHb5IBRaIVefC7jRg=,8tkb/f9SPRNiVJLGcFvxBxBNKcQ=
909,788,iYiuDNtmHPJHb5IBRaIVefC7jRg=,8tkb/f9SPRNiVJLGcFvxBxBNKcQ=
901,788,iYiuDNtmHPJHb5IBRaIVefC7jRg=,8tkb/f9SPRNiVJLGcFvxBxBNKcQ=
907,788,iYiuDNtmHPJHb5IBRaIVefC7jRg=,8tkb/f9SPRNiVJLGcFvxBxBNKcQ=
906,788,iYiuDNtmHPJHb5IBRaIVefC7jRg=,8tkb/f9SPRNiVJLGcFvxBxBNKcQ=
902,788,iYiuDNtmHPJHb5IBRaIVefC7jRg=,8tkb/f9SPRNiVJLGcFvxBxBNKcQ=
904,788,iYiuDNtmHPJHb5IBRaIVefC7jRg=,8tkb/f9SPRNiVJLGcFvxBxBNKcQ=
905,788,iYiuDNtmHPJHb5IBRaIVefC7jRg=,8tkb/f9SPRNiVJLGcFvxBxBNKcQ=
903,788,iYiuDNtmHPJHb5IBRaIVefC7jRg=,8tkb/f9SPRNiVJLGcFvxBxBNKcQ=
913,785,iYiuDNtmHPJHb5IBRaIVefC7jRg=,8tkb/f9SPRNiVJLGcFvxBxBNKcQ=
914,785,iYiuDNtmHPJHb5IBRaIVefC7jRg=,8tkb/f9SPRNiVJLGcFvxBxBNKcQ=
913,784,iYiuDNtmHPJHb5IBRaIVefC7jRg=,8tkb/f9SPRNiVJLGcFvxBxBNKcQ=
927,799,iYiuDNtmHPJHb5IBRaIVefC7jRg=,8tkb/f9SPRNiVJLGcFvxBxBNKcQ=
926,799,iYiuDNtmHPJHb5IBRaIVefC7jRg=,8tkb/f9SPRNiVJLGcFvxBxBNKcQ=
925,799,iYiuDNtmHPJHb5IBRaIVefC7jRg=,8tkb/f9SPRNiVJLGcFvxBxBNKcQ=
924,799,iYiuDNtmHPJHb5IBRaIVefC7jRg=,8tkb/f9SPRNiVJLGcFvxBxBNKcQ=
923,799,iYiuDNtmHPJHb5IBRaIVefC7jRg=,8tkb/f9SPRNiVJLGcFvxBxBNKcQ=
922,799,iYiuDNtmHPJHb5IBRaIVefC7jRg=,8tkb/f9SPRNiVJLGcFvxBxBNKcQ=
915,785,iYiuDNtmHPJHb5IBRaIVefC7jRg=,8tkb/f9SPRNiVJLGcFvxBxBNKcQ=
921,799,iYiuDNtmHPJHb5IBRaIVefC7jRg=,8tkb/f9SPRNiVJLGcFvxBxBNKcQ=
920,799,iYiuDNtmHPJHb5IBRaIVefC7jRg=,8tkb/f9SPRNiVJLGcFvxBxBNKcQ=
916,785,iYiuDNtmHPJHb5IBRaIVefC7jRg=,8tkb/f9SPRNiVJLGcFvxBxBNKcQ=
919,799,iYiuDNtmHPJHb5IBRaIVefC7jRg=,8tkb/f9SPRNiVJLGcFvxBxBNKcQ=
918,799,iYiuDNtmHPJHb5IBRaIVefC7jRg=,8tkb/f9SPRNiVJLGcFvxBxBNKcQ=
917,799,iYiuDNtmHPJHb5IBRaIVefC7jRg=,8tkb/f9SPRNiVJLGcFvxBxBNKcQ=
917,785,iYiuDNtmHPJHb5IBRaIVefC7jRg=,8tkb/f9SPRNiVJLGcFvxBxBNKcQ=
915,799,iYiuDNtmHPJHb5IBRaIVefC7jRg=,8tkb/f9SPRNiVJLGcFvxBxBNKcQ=
918,785,iYiuDNtmHPJHb5IBRaIVefC7jRg=,8tkb/f9SPRNiVJLGcFvxBxBNKcQ=
919,785,iYiuDNtmHPJHb5IBRaIVefC7jRg=,8tkb/f9SPRNiVJLGcFvxBxBNKcQ=
914,799,iYiuDNtmHPJHb5IBRaIVefC7jRg=,8tkb/f9SPRNiVJLGcFvxBxBNKcQ=
916,799,iYiuDNtmHPJHb5IBRaIVefC7jRg=,8tkb/f9SPRNiVJLGcFvxBxBNKcQ=
920,785,iYiuDNtmHPJHb5IBRaIVefC7jRg=,8tkb/f9SPRNiVJLGcFvxBxBNKcQ=
913,799,iYiuDNtmHPJHb5IBRaIVefC7jRg=,8tkb/f9SPRNiVJLGcFvxBxBNKcQ=
912,784,iYiuDNtmHPJHb5IBRaIVefC7jRg=,8tkb/f9SPRNiVJLGcFvxBxBNKcQ=
912,785,iYiuDNtmHPJHb5IBRaIVefC7jRg=,8tkb/f9SPRNiVJLGcFvxBxBNKcQ=
921,785,iYiuDNtmHPJHb5IBRaIVefC7jRg=,8tkb/f9SPRNiVJLGcFvxBxBNKcQ=
912,799,iYiuDNtmHPJHb5IBRaIVefC7jRg=,8tkb/f9SPRNiVJLGcFvxBxBNKcQ=
922,785,iYiuDNtmHPJHb5IBRaIVefC7jRg=,8tkb/f9SPRNiVJLGcFvxBxBNKcQ=
927,798,iYiuDNtmHPJHb5IBRaIVefC7jRg=,8tkb/f9SPRNiVJLGcFvxBxBNKcQ=
926,798,iYiuDNtmHPJHb5IBRaIVefC7jRg=,8tkb/f9SPRNiVJLGcFvxBxBNKcQ=
925,798,iYiuDNtmHPJHb5IBRaIVefC7jRg=,8tkb/f9SPRNiVJLGcFvxBxBNKcQ=
924,785,iYiuDNtmHPJHb5IBRaIVefC7jRg=,8tkb/f9SPRNiVJLGcFvxBxBNKcQ=
924,798,iYiuDNtmHPJHb5IBRaIVefC7jRg=,8tkb/f9SPRNiVJLGcFvxBxBNKcQ=
923,785,iYiuDNtmHPJHb5IBRaIVefC7jRg=,8tkb/f9SPRNiVJLGcFvxBxBNKcQ=
923,798,iYiuDNtmHPJHb5IBRaIVefC7jRg=,8tkb/f9SPRNiVJLGcFvxBxBNKcQ=
925,785,iYiuDNtmHPJHb5IBRaIVefC7jRg=,8tkb/f9SPRNiVJLGcFvxBxBNKcQ=
922,798,iYiuDNtmHPJHb5IBRaIVefC7jRg=,8tkb/f9SPRNiVJLGcFvxBxBNKcQ=
921,798,iYiuDNtmHPJHb5IBRaIVefC7jRg=,8tkb/f9SPRNiVJLGcFvxBxBNKcQ=
926,785,iYiuDNtmHPJHb5IBRaIVefC7jRg=,8tkb/f9SPRNiVJLGcFvxBxBNKcQ=
920,798,iYiuDNtmHPJHb5IBRaIVefC7jRg=,8tkb/f9SPRNiVJLGcFvxBxBNKcQ=
918,798,iYiuDNtmHPJHb5IBRaIVefC7jRg=,8tkb/f9SPRNiVJLGcFvxBxBNKcQ=
919,798,iYiuDNtmHPJHb5IBRaIVefC7jRg=,8tkb/f9SPRNiVJLGcFvxBxBNKcQ=
914,784,iYiuDNtmHPJHb5IBRaIVefC7jRg=,8tkb/f9SPRNiVJLGcFvxBxBNKcQ=
917,798,iYiuDNtmHPJHb5IBRaIVefC7jRg=,8tkb/f9SPRNiVJLGcFvxBxBNKcQ=
916,798,iYiuDNtmHPJHb5IBRaIVefC7jRg=,8tkb/f9SPRNiVJLGcFvxBxBNKcQ=
927,784,iYiuDNtmHPJHb5IBRaIVefC7jRg=,8tkb/f9SPRNiVJLGcFvxBxBNKcQ=
915,798,iYiuDNtmHPJHb5IBRaIVefC7jRg=,8tkb/f9SPRNiVJLGcFvxBxBNKcQ=
912,786,iYiuDNtmHPJHb5IBRaIVefC7jRg=,8tkb/f9SPRNiVJLGcFvxBxBNKcQ=
913,786,iYiuDNtmHPJHb5IBRaIVefC7jRg=,8tkb/f9SPRNiVJLGcFvxBxBNKcQ=
914,798,iYiuDNtmHPJHb5IBRaIVefC7jRg=,8tkb/f9SPRNiVJLGcFvxBxBNKcQ=
913,798,iYiuDNtmHPJHb5IBRaIVefC7jRg=,8tkb/f9SPRNiVJLGcFvxBxBNKcQ=
914,786,iYiuDNtmHPJHb5IBRaIVefC7jRg=,8tkb/f9SPRNiVJLGcFvxBxBNKcQ=
926,784,iYiuDNtmHPJHb5IBRaIVefC7jRg=,8tkb/f9SPRNiVJLGcFvxBxBNKcQ=
912,798,iYiuDNtmHPJHb5IBRaIVefC7jRg=,8tkb/f9SPRNiVJLGcFvxBxBNKcQ=
915,786,iYiuDNtmHPJHb5IBRaIVefC7jRg=,8tkb/f9SPRNiVJLGcFvxBxBNKcQ=
927,785,iYiuDNtmHPJHb5IBRaIVefC7jRg=,8tkb/f9SPRNiVJLGcFvxBxBNKcQ=
924,797,iYiuDNtmHPJHb5IBRaIVefC7jRg=,8tkb/f9SPRNiVJLGcFvxBxBNKcQ=
922,797,iYiuDNtmHPJHb5IBRaIVefC7jRg=,8tkb/f9SPRNiVJLGcFvxBxBNKcQ=
923,797,iYiuDNtmHPJHb5IBRaIVefC7jRg=,8tkb/f9SPRNiVJLGcFvxBxBNKcQ=
919,786,iYiuDNtmHPJHb5IBRaIVefC7jRg=,8tkb/f9SPRNiVJLGcFvxBxBNKcQ=
916,786,iYiuDNtmHPJHb5IBRaIVefC7jRg=,8tkb/f9SPRNiVJLGcFvxBxBNKcQ=
921,797,iYiuDNtmHPJHb5IBRaIVefC7jRg=,8tkb/f9SPRNiVJLGcFvxBxBNKcQ=
927,797,iYiuDNtmHPJHb5IBRaIVefC7jRg=,8tkb/f9SPRNiVJLGcFvxBxBNKcQ=
920,797,iYiuDNtmHPJHb5IBRaIVefC7jRg=,8tkb/f9SPRNiVJLGcFvxBxBNKcQ=
920,786,iYiuDNtmHPJHb5IBRaIVefC7jRg=,8tkb/f9SPRNiVJLGcFvxBxBNKcQ=
926,797,iYiuDNtmHPJHb5IBRaIVefC7jRg=,8tkb/f9SPRNiVJLGcFvxBxBNKcQ=
918,797,iYiuDNtmHPJHb5IBRaIVefC7jRg=,8tkb/f9SPRNiVJLGcFvxBxBNKcQ=
919,797,iYiuDNtmHPJHb5IBRaIVefC7jRg=,8tkb/f9SPRNiVJLGcFvxBxBNKcQ=
917,797,iYiuDNtmHPJHb5IBRaIVefC7jRg=,8tkb/f9SPRNiVJLGcFvxBxBNKcQ=
922,786,iYiuDNtmHPJHb5IBRaIVefC7jRg=,8tkb/f9SPRNiVJLGcFvxBxBNKcQ=
916,797,iYiuDNtmHPJHb5IBRaIVefC7jRg=,8tkb/f9SPRNiVJLGcFvxBxBNKcQ=
915,797,iYiuDNtmHPJHb5IBRaIVefC7jRg=,8tkb/f9SPRNiVJLGcFvxBxBNKcQ=
923,786,iYiuDNtmHPJHb5IBRaIVefC7jRg=,8tkb/f9SPRNiVJLGcFvxBxBNKcQ=
914,797,iYiuDNtmHPJHb5IBRaIVefC7jRg=,8tkb/f9SPRNiVJLGcFvxBxBNKcQ=
913,797,iYiuDNtmHPJHb5IBRaIVefC7jRg=,8tkb/f9SPRNiVJLGcFvxBxBNKcQ=
924,786,iYiuDNtmHPJHb5IBRaIVefC7jRg=,8tkb/f9SPRNiVJLGcFvxBxBNKcQ=
925,784,iYiuDNtmHPJHb5IBRaIVefC7jRg=,8tkb/f9SPRNiVJLGcFvxBxBNKcQ=
912,797,iYiuDNtmHPJHb5IBRaIVefC7jRg=,8tkb/f9SPRNiVJLGcFvxBxBNKcQ=
925,786,iYiuDNtmHPJHb5IBRaIVefC7jRg=,8tkb/f9SPRNiVJLGcFvxBxBNKcQ=
927,796,iYiuDNtmHPJHb5IBRaIVefC7jRg=,8tkb/f9SPRNiVJLGcFvxBxBNKcQ=
926,796,iYiuDNtmHPJHb5IBRaIVefC7jRg=,8tkb/f9SPRNiVJLGcFvxBxBNKcQ=
926,786,iYiuDNtmHPJHb5IBRaIVefC7jRg=,8tkb/f9SPRNiVJLGcFvxBxBNKcQ=
925,796,iYiuDNtmHPJHb5IBRaIVefC7jRg=,8tkb/f9SPRNiVJLGcFvxBxBNKcQ=
925,797,iYiuDNtmHPJHb5IBRaIVefC7jRg=,8tkb/f9SPRNiVJLGcFvxBxBNKcQ=
924,796,iYiuDNtmHPJHb5IBRaIVefC7jRg=,8tkb/f9SPRNiVJLGcFvxBxBNKcQ=
917,786,iYiuDNtmHPJHb5IBRaIVefC7jRg=,8tkb/f9SPRNiVJLGcFvxBxBNKcQ=
923,796,iYiuDNtmHPJHb5IBRaIVefC7jRg=,8tkb/f9SPRNiVJLGcFvxBxBNKcQ=
921,786,iYiuDNtmHPJHb5IBRaIVefC7jRg=,8tkb/f9SPRNiVJLGcFvxBxBNKcQ=
922,796,iYiuDNtmHPJHb5IBRaIVefC7jRg=,8tkb/f9SPRNiVJLGcFvxBxBNKcQ=
918,786,iYiuDNtmHPJHb5IBRaIVefC7jRg=,8tkb/f9SPRNiVJLGcFvxBxBNKcQ=
927,786,iYiuDNtmHPJHb5IBRaIVefC7jRg=,8tkb/f9SPRNiVJLGcFvxBxBNKcQ=
920,796,iYiuDNtmHPJHb5IBRaIVefC7jRg=,8tkb/f9SPRNiVJLGcFvxBxBNKcQ=
919,796,iYiuDNtmHPJHb5IBRaIVefC7jRg=,8tkb/f9SPRNiVJLGcFvxBxBNKcQ=
915,784,iYiuDNtmHPJHb5IBRaIVefC7jRg=,8tkb/f9SPRNiVJLGcFvxBxBNKcQ=
913,787,iYiuDNtmHPJHb5IBRaIVefC7jRg=,8tkb/f9SPRNiVJLGcFvxBxBNKcQ=
912,787,iYiuDNtmHPJHb5IBRaIVefC7jRg=,8tkb/f9SPRNiVJLGcFvxBxBNKcQ=
917,796,iYiuDNtmHPJHb5IBRaIVefC7jRg=,8tkb/f9SPRNiVJLGcFvxBxBNKcQ=
914,787,iYiuDNtmHPJHb5IBRaIVefC7jRg=,8tkb/f9SPRNiVJLGcFvxBxBNKcQ=
916,796,iYiuDNtmHPJHb5IBRaIVefC7jRg=,8tkb/f9SPRNiVJLGcFvxBxBNKcQ=
915,796,iYiuDNtmHPJHb5IBRaIVefC7jRg=,8tkb/f9SPRNiVJLGcFvxBxBNKcQ=
921,796,iYiuDNtmHPJHb5IBRaIVefC7jRg=,8tkb/f9SPRNiVJLGcFvxBxBNKcQ=
915,787,iYiuDNtmHPJHb5IBRaIVefC7jRg=,8tkb/f9SPRNiVJLGcFvxBxBNKcQ=
914,796,iYiuDNtmHPJHb5IBRaIVefC7jRg=,8tkb/f9SPRNiVJLGcFvxBxBNKcQ=
913,796,iYiuDNtmHPJHb5IBRaIVefC7jRg=,8tkb/f9SPRNiVJLGcFvxBxBNKcQ=
916,787,iYiuDNtmHPJHb5IBRaIVefC7jRg=,8tkb/f9SPRNiVJLGcFvxBxBNKcQ=
912,796,iYiuDNtmHPJHb5IBRaIVefC7jRg=,8tkb/f9SPRNiVJLGcFvxBxBNKcQ=
917,787,iYiuDNtmHPJHb5IBRaIVefC7jRg=,8tkb/f9SPRNiVJLGcFvxBxBNKcQ=
918,796,iYiuDNtmHPJHb5IBRaIVefC7jRg=,8tkb/f9SPRNiVJLGcFvxBxBNKcQ=
924,784,iYiuDNtmHPJHb5IBRaIVefC7jRg=,8tkb/f9SPRNiVJLGcFvxBxBNKcQ=
918,787,iYiuDNtmHPJHb5IBRaIVefC7jRg=,8tkb/f9SPRNiVJLGcFvxBxBNKcQ=
927,795,iYiuDNtmHPJHb5IBRaIVefC7jRg=,8tkb/f9SPRNiVJLGcFvxBxBNKcQ=
926,795,iYiuDNtmHPJHb5IBRaIVefC7jRg=,8tkb/f9SPRNiVJLGcFvxBxBNKcQ=
919,787,iYiuDNtmHPJHb5IBRaIVefC7jRg=,8tkb/f9SPRNiVJLGcFvxBxBNKcQ=
925,795,iYiuDNtmHPJHb5IBRaIVefC7jRg=,8tkb/f9SPRNiVJLGcFvxBxBNKcQ=
924,795,iYiuDNtmHPJHb5IBRaIVefC7jRg=,8tkb/f9SPRNiVJLGcFvxBxBNKcQ=
920,787,iYiuDNtmHPJHb5IBRaIVefC7jRg=,8tkb/f9SPRNiVJLGcFvxBxBNKcQ=
923,795,iYiuDNtmHPJHb5IBRaIVefC7jRg=,8tkb/f9SPRNiVJLGcFvxBxBNKcQ=
921,787,iYiuDNtmHPJHb5IBRaIVefC7jRg=,8tkb/f9SPRNiVJLGcFvxBxBNKcQ=
922,795,iYiuDNtmHPJHb5IBRaIVefC7jRg=,8tkb/f9SPRNiVJLGcFvxBxBNKcQ=
921,795,iYiuDNtmHPJHb5IBRaIVefC7jRg=,8tkb/f9SPRNiVJLGcFvxBxBNKcQ=
922,787,iYiuDNtmHPJHb5IBRaIVefC7jRg=,8tkb/f9SPRNiVJLGcFvxBxBNKcQ=
920,795,iYiuDNtmHPJHb5IBRaIVefC7jRg=,8tkb/f9SPRNiVJLGcFvxBxBNKcQ=
919,795,iYiuDNtmHPJHb5IBRaIVefC7jRg=,8tkb/f9SPRNiVJLGcFvxBxBNKcQ=
923,787,iYiuDNtmHPJHb5IBRaIVefC7jRg=,8tkb/f9SPRNiVJLGcFvxBxBNKcQ=
918,795,iYiuDNtmHPJHb5IBRaIVefC7jRg=,8tkb/f9SPRNiVJLGcFvxBxBNKcQ=
917,795,iYiuDNtmHPJHb5IBRaIVefC7jRg=,8tkb/f9SPRNiVJLGcFvxBxBNKcQ=
924,787,iYiuDNtmHPJHb5IBRaIVefC7jRg=,8tkb/f9SPRNiVJLGcFvxBxBNKcQ=
916,795,iYiuDNtmHPJHb5IBRaIVefC7jRg=,8tkb/f9SPRNiVJLGcFvxBxBNKcQ=
915,795,iYiuDNtmHPJHb5IBRaIVefC7jRg=,8tkb/f9SPRNiVJLGcFvxBxBNKcQ=
925,787,iYiuDNtmHPJHb5IBRaIVefC7jRg=,8tkb/f9SPRNiVJLGcFvxBxBNKcQ=
914,795,iYiuDNtmHPJHb5IBRaIVefC7jRg=,8tkb/f9SPRNiVJLGcFvxBxBNKcQ=
926,787,iYiuDNtmHPJHb5IBRaIVefC7jRg=,8tkb/f9SPRNiVJLGcFvxBxBNKcQ=
913,795,iYiuDNtmHPJHb5IBRaIVefC7jRg=,8tkb/f9SPRNiVJLGcFvxBxBNKcQ=
923,784,iYiuDNtmHPJHb5IBRaIVefC7jRg=,8tkb/f9SPRNiVJLGcFvxBxBNKcQ=
927,787,iYiuDNtmHPJHb5IBRaIVefC7jRg=,8tkb/f9SPRNiVJLGcFvxBxBNKcQ=
912,795,iYiuDNtmHPJHb5IBRaIVefC7jRg=,8tkb/f9SPRNiVJLGcFvxBxBNKcQ=
927,794,iYiuDNtmHPJHb5IBRaIVefC7jRg=,8tkb/f9SPRNiVJLGcFvxBxBNKcQ=
912,788,iYiuDNtmHPJHb5IBRaIVefC7jRg=,8tkb/f9SPRNiVJLGcFvxBxBNKcQ=
926,794,iYiuDNtmHPJHb5IBRaIVefC7jRg=,8tkb/f9SPRNiVJLGcFvxBxBNKcQ=
925,794,iYiuDNtmHPJHb5IBRaIVefC7jRg=,8tkb/f9SPRNiVJLGcFvxBxBNKcQ=
916,784,iYiuDNtmHPJHb5IBRaIVefC7jRg=,8tkb/f9SPRNiVJLGcFvxBxBNKcQ=
924,794,iYiuDNtmHPJHb5IBRaIVefC7jRg=,8tkb/f9SPRNiVJLGcFvxBxBNKcQ=
923,794,iYiuDNtmHPJHb5IBRaIVefC7jRg=,8tkb/f9SPRNiVJLGcFvxBxBNKcQ=
913,788,iYiuDNtmHPJHb5IBRaIVefC7jRg=,8tkb/f9SPRNiVJLGcFvxBxBNKcQ=
922,794,iYiuDNtmHPJHb5IBRaIVefC7jRg=,8tkb/f9SPRNiVJLGcFvxBxBNKcQ=
914,788,iYiuDNtmHPJHb5IBRaIVefC7jRg=,8tkb/f9SPRNiVJLGcFvxBxBNKcQ=
921,794,iYiuDNtmHPJHb5IBRaIVefC7jRg=,8tkb/f9SPRNiVJLGcFvxBxBNKcQ=
915,788,iYiuDNtmHPJHb5IBRaIVefC7jRg=,8tkb/f9SPRNiVJLGcFvxBxBNKcQ=
920,794,iYiuDNtmHPJHb5IBRaIVefC7jRg=,8tkb/f9SPRNiVJLGcFvxBxBNKcQ=
919,794,iYiuDNtmHPJHb5IBRaIVefC7jRg=,8tkb/f9SPRNiVJLGcFvxBxBNKcQ=
918,794,iYiuDNtmHPJHb5IBRaIVefC7jRg=,8tkb/f9SPRNiVJLGcFvxBxBNKcQ=
916,788,iYiuDNtmHPJHb5IBRaIVefC7jRg=,8tkb/f9SPRNiVJLGcFvxBxBNKcQ=
917,794,iYiuDNtmHPJHb5IBRaIVefC7jRg=,8tkb/f9SPRNiVJLGcFvxBxBNKcQ=
917,788,iYiuDNtmHPJHb5IBRaIVefC7jRg=,8tkb/f9SPRNiVJLGcFvxBxBNKcQ=
916,794,iYiuDNtmHPJHb5IBRaIVefC7jRg=,8tkb/f9SPRNiVJLGcFvxBxBNKcQ=
918,788,iYiuDNtmHPJHb5IBRaIVefC7jRg=,8tkb/f9SPRNiVJLGcFvxBxBNKcQ=
915,794,iYiuDNtmHPJHb5IBRaIVefC7jRg=,8tkb/f9SPRNiVJLGcFvxBxBNKcQ=
914,794,iYiuDNtmHPJHb5IBRaIVefC7jRg=,8tkb/f9SPRNiVJLGcFvxBxBNKcQ=
919,788,iYiuDNtmHPJHb5IBRaIVefC7jRg=,8tkb/f9SPRNiVJLGcFvxBxBNKcQ=
913,794,iYiuDNtmHPJHb5IBRaIVefC7jRg=,8tkb/f9SPRNiVJLGcFvxBxBNKcQ=
922,784,iYiuDNtmHPJHb5IBRaIVefC7jRg=,8tkb/f9SPRNiVJLGcFvxBxBNKcQ=
920,788,iYiuDNtmHPJHb5IBRaIVefC7jRg=,8tkb/f9SPRNiVJLGcFvxBxBNKcQ=
927,793,iYiuDNtmHPJHb5IBRaIVefC7jRg=,8tkb/f9SPRNiVJLGcFvxBxBNKcQ=
921,788,iYiuDNtmHPJHb5IBRaIVefC7jRg=,8tkb/f9SPRNiVJLGcFvxBxBNKcQ=
926,793,iYiuDNtmHPJHb5IBRaIVefC7jRg=,8tkb/f9SPRNiVJLGcFvxBxBNKcQ=
925,793,iYiuDNtmHPJHb5IBRaIVefC7jRg=,8tkb/f9SPRNiVJLGcFvxBxBNKcQ=
922,788,iYiuDNtmHPJHb5IBRaIVefC7jRg=,8tkb/f9SPRNiVJLGcFvxBxBNKcQ=
924,793,iYiuDNtmHPJHb5IBRaIVefC7jRg=,8tkb/f9SPRNiVJLGcFvxBxBNKcQ=
923,793,iYiuDNtmHPJHb5IBRaIVefC7jRg=,8tkb/f9SPRNiVJLGcFvxBxBNKcQ=
923,788,iYiuDNtmHPJHb5IBRaIVefC7jRg=,8tkb/f9SPRNiVJLGcFvxBxBNKcQ=
922,793,iYiuDNtmHPJHb5IBRaIVefC7jRg=,8tkb/f9SPRNiVJLGcFvxBxBNKcQ=
921,793,iYiuDNtmHPJHb5IBRaIVefC7jRg=,8tkb/f9SPRNiVJLGcFvxBxBNKcQ=
912,794,iYiuDNtmHPJHb5IBRaIVefC7jRg=,8tkb/f9SPRNiVJLGcFvxBxBNKcQ=
924,788,iYiuDNtmHPJHb5IBRaIVefC7jRg=,8tkb/f9SPRNiVJLGcFvxBxBNKcQ=
920,793,iYiuDNtmHPJHb5IBRaIVefC7jRg=,8tkb/f9SPRNiVJLGcFvxBxBNKcQ=
919,793,iYiuDNtmHPJHb5IBRaIVefC7jRg=,8tkb/f9SPRNiVJLGcFvxBxBNKcQ=
925,788,iYiuDNtmHPJHb5IBRaIVefC7jRg=,8tkb/f9SPRNiVJLGcFvxBxBNKcQ=
918,793,iYiuDNtmHPJHb5IBRaIVefC7jRg=,8tkb/f9SPRNiVJLGcFvxBxBNKcQ=
916,793,iYiuDNtmHPJHb5IBRaIVefC7jRg=,8tkb/f9SPRNiVJLGcFvxBxBNKcQ=
917,793,iYiuDNtmHPJHb5IBRaIVefC7jRg=,8tkb/f9SPRNiVJLGcFvxBxBNKcQ=
926,788,iYiuDNtmHPJHb5IBRaIVefC7jRg=,8tkb/f9SPRNiVJLGcFvxBxBNKcQ=
927,788,iYiuDNtmHPJHb5IBRaIVefC7jRg=,8tkb/f9SPRNiVJLGcFvxBxBNKcQ=
915,793,iYiuDNtmHPJHb5IBRaIVefC7jRg=,8tkb/f9SPRNiVJLGcFvxBxBNKcQ=
914,793,iYiuDNtmHPJHb5IBRaIVefC7jRg=,8tkb/f9SPRNiVJLGcFvxBxBNKcQ=
912,789,iYiuDNtmHPJHb5IBRaIVefC7jRg=,8tkb/f9SPRNiVJLGcFvxBxBNKcQ=
921,784,iYiuDNtmHPJHb5IBRaIVefC7jRg=,8tkb/f9SPRNiVJLGcFvxBxBNKcQ=
913,793,iYiuDNtmHPJHb5IBRaIVefC7jRg=,8tkb/f9SPRNiVJLGcFvxBxBNKcQ=
917,784,iYiuDNtmHPJHb5IBRaIVefC7jRg=,8tkb/f9SPRNiVJLGcFvxBxBNKcQ=
912,793,iYiuDNtmHPJHb5IBRaIVefC7jRg=,8tkb/f9SPRNiVJLGcFvxBxBNKcQ=
927,792,iYiuDNtmHPJHb5IBRaIVefC7jRg=,8tkb/f9SPRNiVJLGcFvxBxBNKcQ=
913,789,iYiuDNtmHPJHb5IBRaIVefC7jRg=,8tkb/f9SPRNiVJLGcFvxBxBNKcQ=
926,792,iYiuDNtmHPJHb5IBRaIVefC7jRg=,8tkb/f9SPRNiVJLGcFvxBxBNKcQ=
914,789,iYiuDNtmHPJHb5IBRaIVefC7jRg=,8tkb/f9SPRNiVJLGcFvxBxBNKcQ=
925,792,iYiuDNtmHPJHb5IBRaIVefC7jRg=,8tkb/f9SPRNiVJLGcFvxBxBNKcQ=
924,792,iYiuDNtmHPJHb5IBRaIVefC7jRg=,8tkb/f9SPRNiVJLGcFvxBxBNKcQ=
915,789,iYiuDNtmHPJHb5IBRaIVefC7jRg=,8tkb/f9SPRNiVJLGcFvxBxBNKcQ=
922,792,iYiuDNtmHPJHb5IBRaIVefC7jRg=,8tkb/f9SPRNiVJLGcFvxBxBNKcQ=
916,789,iYiuDNtmHPJHb5IBRaIVefC7jRg=,8tkb/f9SPRNiVJLGcFvxBxBNKcQ=
921,792,iYiuDNtmHPJHb5IBRaIVefC7jRg=,8tkb/f9SPRNiVJLGcFvxBxBNKcQ=
917,789,iYiuDNtmHPJHb5IBRaIVefC7jRg=,8tkb/f9SPRNiVJLGcFvxBxBNKcQ=
920,792,iYiuDNtmHPJHb5IBRaIVefC7jRg=,8tkb/f9SPRNiVJLGcFvxBxBNKcQ=
919,792,iYiuDNtmHPJHb5IBRaIVefC7jRg=,8tkb/f9SPRNiVJLGcFvxBxBNKcQ=
918,789,iYiuDNtmHPJHb5IBRaIVefC7jRg=,8tkb/f9SPRNiVJLGcFvxBxBNKcQ=
918,792,iYiuDNtmHPJHb5IBRaIVefC7jRg=,8tkb/f9SPRNiVJLGcFvxBxBNKcQ=
919,789,iYiuDNtmHPJHb5IBRaIVefC7jRg=,8tkb/f9SPRNiVJLGcFvxBxBNKcQ=
917,792,iYiuDNtmHPJHb5IBRaIVefC7jRg=,8tkb/f9SPRNiVJLGcFvxBxBNKcQ=
916,792,iYiuDNtmHPJHb5IBRaIVefC7jRg=,8tkb/f9SPRNiVJLGcFvxBxBNKcQ=
920,789,iYiuDNtmHPJHb5IBRaIVefC7jRg=,8tkb/f9SPRNiVJLGcFvxBxBNKcQ=
915,792,iYiuDNtmHPJHb5IBRaIVefC7jRg=,8tkb/f9SPRNiVJLGcFvxBxBNKcQ=
914,792,iYiuDNtmHPJHb5IBRaIVefC7jRg=,8tkb/f9SPRNiVJLGcFvxBxBNKcQ=
923,792,iYiuDNtmHPJHb5IBRaIVefC7jRg=,8tkb/f9SPRNiVJLGcFvxBxBNKcQ=
921,789,iYiuDNtmHPJHb5IBRaIVefC7jRg=,8tkb/f9SPRNiVJLGcFvxBxBNKcQ=
920,784,iYiuDNtmHPJHb5IBRaIVefC7jRg=,8tkb/f9SPRNiVJLGcFvxBxBNKcQ=
922,789,iYiuDNtmHPJHb5IBRaIVefC7jRg=,8tkb/f9SPRNiVJLGcFvxBxBNKcQ=
912,792,iYiuDNtmHPJHb5IBRaIVefC7jRg=,8tkb/f9SPRNiVJLGcFvxBxBNKcQ=
913,792,iYiuDNtmHPJHb5IBRaIVefC7jRg=,8tkb/f9SPRNiVJLGcFvxBxBNKcQ=
927,791,iYiuDNtmHPJHb5IBRaIVefC7jRg=,8tkb/f9SPRNiVJLGcFvxBxBNKcQ=
923,789,iYiuDNtmHPJHb5IBRaIVefC7jRg=,8tkb/f9SPRNiVJLGcFvxBxBNKcQ=
926,791,iYiuDNtmHPJHb5IBRaIVefC7jRg=,8tkb/f9SPRNiVJLGcFvxBxBNKcQ=
925,791,iYiuDNtmHPJHb5IBRaIVefC7jRg=,8tkb/f9SPRNiVJLGcFvxBxBNKcQ=
924,789,iYiuDNtmHPJHb5IBRaIVefC7jRg=,8tkb/f9SPRNiVJLGcFvxBxBNKcQ=
924,791,iYiuDNtmHPJHb5IBRaIVefC7jRg=,8tkb/f9SPRNiVJLGcFvxBxBNKcQ=
923,791,iYiuDNtmHPJHb5IBRaIVefC7jRg=,8tkb/f9SPRNiVJLGcFvxBxBNKcQ=
925,789,iYiuDNtmHPJHb5IBRaIVefC7jRg=,8tkb/f9SPRNiVJLGcFvxBxBNKcQ=
922,791,iYiuDNtmHPJHb5IBRaIVefC7jRg=,8tkb/f9SPRNiVJLGcFvxBxBNKcQ=
926,789,iYiuDNtmHPJHb5IBRaIVefC7jRg=,8tkb/f9SPRNiVJLGcFvxBxBNKcQ=
921,791,iYiuDNtmHPJHb5IBRaIVefC7jRg=,8tkb/f9SPRNiVJLGcFvxBxBNKcQ=
920,791,iYiuDNtmHPJHb5IBRaIVefC7jRg=,8tkb/f9SPRNiVJLGcFvxBxBNKcQ=
918,791,iYiuDNtmHPJHb5IBRaIVefC7jRg=,8tkb/f9SPRNiVJLGcFvxBxBNKcQ=
927,789,iYiuDNtmHPJHb5IBRaIVefC7jRg=,8tkb/f9SPRNiVJLGcFvxBxBNKcQ=
919,791,iYiuDNtmHPJHb5IBRaIVefC7jRg=,8tkb/f9SPRNiVJLGcFvxBxBNKcQ=
917,791,iYiuDNtmHPJHb5IBRaIVefC7jRg=,8tkb/f9SPRNiVJLGcFvxBxBNKcQ=
912,790,iYiuDNtmHPJHb5IBRaIVefC7jRg=,8tkb/f9SPRNiVJLGcFvxBxBNKcQ=
916,791,iYiuDNtmHPJHb5IBRaIVefC7jRg=,8tkb/f9SPRNiVJLGcFvxBxBNKcQ=
918,784,iYiuDNtmHPJHb5IBRaIVefC7jRg=,8tkb/f9SPRNiVJLGcFvxBxBNKcQ=
915,791,iYiuDNtmHPJHb5IBRaIVefC7jRg=,8tkb/f9SPRNiVJLGcFvxBxBNKcQ=
914,791,iYiuDNtmHPJHb5IBRaIVefC7jRg=,8tkb/f9SPRNiVJLGcFvxBxBNKcQ=
913,790,iYiuDNtmHPJHb5IBRaIVefC7jRg=,8tkb/f9SPRNiVJLGcFvxBxBNKcQ=
913,791,iYiuDNtmHPJHb5IBRaIVefC7jRg=,8tkb/f9SPRNiVJLGcFvxBxBNKcQ=
919,784,iYiuDNtmHPJHb5IBRaIVefC7jRg=,8tkb/f9SPRNiVJLGcFvxBxBNKcQ=
914,790,iYiuDNtmHPJHb5IBRaIVefC7jRg=,8tkb/f9SPRNiVJLGcFvxBxBNKcQ=
915,790,iYiuDNtmHPJHb5IBRaIVefC7jRg=,8tkb/f9SPRNiVJLGcFvxBxBNKcQ=
927,790,iYiuDNtmHPJHb5IBRaIVefC7jRg=,8tkb/f9SPRNiVJLGcFvxBxBNKcQ=
912,791,iYiuDNtmHPJHb5IBRaIVefC7jRg=,8tkb/f9SPRNiVJLGcFvxBxBNKcQ=
916,790,iYiuDNtmHPJHb5IBRaIVefC7jRg=,8tkb/f9SPRNiVJLGcFvxBxBNKcQ=
926,790,iYiuDNtmHPJHb5IBRaIVefC7jRg=,8tkb/f9SPRNiVJLGcFvxBxBNKcQ=
925,790,iYiuDNtmHPJHb5IBRaIVefC7jRg=,8tkb/f9SPRNiVJLGcFvxBxBNKcQ=
917,790,iYiuDNtmHPJHb5IBRaIVefC7jRg=,8tkb/f9SPRNiVJLGcFvxBxBNKcQ=
923,790,iYiuDNtmHPJHb5IBRaIVefC7jRg=,8tkb/f9SPRNiVJLGcFvxBxBNKcQ=
924,790,iYiuDNtmHPJHb5IBRaIVefC7jRg=,8tkb/f9SPRNiVJLGcFvxBxBNKcQ=
921,790,iYiuDNtmHPJHb5IBRaIVefC7jRg=,8tkb/f9SPRNiVJLGcFvxBxBNKcQ=
922,790,iYiuDNtmHPJHb5IBRaIVefC7jRg=,8tkb/f9SPRNiVJLGcFvxBxBNKcQ=
920,790,iYiuDNtmHPJHb5IBRaIVefC7jRg=,8tkb/f9SPRNiVJLGcFvxBxBNKcQ=
918,790,iYiuDNtmHPJHb5IBRaIVefC7jRg=,8tkb/f9SPRNiVJLGcFvxBxBNKcQ=
919,790,iYiuDNtmHPJHb5IBRaIVefC7jRg=,8tkb/f9SPRNiVJLGcFvxBxBNKcQ=
