225,-959,Dkw57BIFZgIMUWKZLNZk/3i1CzM=,6gqYV9DEps59k1lTHfSjkXk/Z5s=
226,-959,Dkw57BIFZgIMUWKZLNZk/3i1CzM=,6gqYV9DEps59k1lTHfSjkXk/Z5s=
239,-945,Dkw57BIFZgIMUWKZLNZk/3i1CzM=,6gqYV9DEps59k1lTHfSjkXk/Z5s=
238,-960,Dkw57BIFZgIMUWKZLNZk/3i1CzM=,6gqYV9DEps59k1lTHfSjkXk/Z5s=
236,-960,Dkw57BIFZgIMUWKZLNZk/3i1CzM=,6gqYV9DEps59k1lTHfSjkXk/Z5s=
237,-960,Dkw57BIFZgIMUWKZLNZk/3i1CzM=,6gqYV9DEps59k1lTHfSjkXk/Z5s=
239,-960,Dkw57BIFZgIMUWKZLNZk/3i1CzM=,6gqYV9DEps59k1lTHfSjkXk/Z5s=
234,-960,Dkw57BIFZgIMUWKZLNZk/3i1CzM=,6gqYV9DEps59k1lTHfSjkXk/Z5s=
232,-960,Dkw57BIFZgIMUWKZLNZk/3i1CzM=,6gqYV9DEps59k1lTHfSjkXk/Z5s=
233,-960,Dkw57BIFZgIMUWKZLNZk/3i1CzM=,6gqYV9DEps59k1lTHfSjkXk/Z5s=
231,-960,Dkw57BIFZgIMUWKZLNZk/3i1CzM=,6gqYV9DEps59k1lTHfSjkXk/Z5s=
235,-960,Dkw57BIFZgIMUWKZLNZk/3i1CzM=,6gqYV9DEps59k1lTHfSjkXk/Z5s=
229,-960,Dkw57BIFZgIMUWKZLNZk/3i1CzM=,6gqYV9DEps59k1lTHfSjkXk/Z5s=
227,-960,Dkw57BIFZgIMUWKZLNZk/3i1CzM=,6gqYV9DEps59k1lTHfSjkXk/Z5s=
226,-960,Dkw57BIFZgIMUWKZLNZk/3i1CzM=,6gqYV9DEps59k1lTHfSjkXk/Z5s=
228,-960,Dkw57BIFZgIMUWKZLNZk/3i1CzM=,6gqYV9DEps59k1lTHfSjkXk/Z5s=
225,-960,Dkw57BIFZgIMUWKZLNZk/3i1CzM=,6gqYV9DEps59k1lTHfSjkXk/Z5s=
230,-960,Dkw57BIFZgIMUWKZLNZk/3i1CzM=,6gqYV9DEps59k1lTHfSjkXk/Z5s=
238,-945,Dkw57BIFZgIMUWKZLNZk/3i1CzM=,6gqYV9DEps59k1lTHfSjkXk/Z5s=
235,-945,Dkw57BIFZgIMUWKZLNZk/3i1CzM=,6gqYV9DEps59k1lTHfSjkXk/Z5s=
236,-945,Dkw57BIFZgIMUWKZLNZk/3i1CzM=,6gqYV9DEps59k1lTHfSjkXk/Z5s=
237,-945,Dkw57BIFZgIMUWKZLNZk/3i1CzM=,6gqYV9DEps59k1lTHfSjkXk/Z5s=
234,-945,Dkw57BIFZgIMUWKZLNZk/3i1CzM=,6gqYV9DEps59k1lTHfSjkXk/Z5s=
232,-945,Dkw57BIFZgIMUWKZLNZk/3i1CzM=,6gqYV9DEps59k1lTHfSjkXk/Z5s=
231,-945,Dkw57BIFZgIMUWKZLNZk/3i1CzM=,6gqYV9DEps59k1lTHfSjkXk/Z5s=
233,-945,Dkw57BIFZgIMUWKZLNZk/3i1CzM=,6gqYV9DEps59k1lTHfSjkXk/Z5s=
229,-945,Dkw57BIFZgIMUWKZLNZk/3i1CzM=,6gqYV9DEps59k1lTHfSjkXk/Z5s=
228,-945,Dkw57BIFZgIMUWKZLNZk/3i1CzM=,6gqYV9DEps59k1lTHfSjkXk/Z5s=
225,-945,Dkw57BIFZgIMUWKZLNZk/3i1CzM=,6gqYV9DEps59k1lTHfSjkXk/Z5s=
230,-945,Dkw57BIFZgIMUWKZLNZk/3i1CzM=,6gqYV9DEps59k1lTHfSjkXk/Z5s=
226,-945,Dkw57BIFZgIMUWKZLNZk/3i1CzM=,6gqYV9DEps59k1lTHfSjkXk/Z5s=
224,-945,Dkw57BIFZgIMUWKZLNZk/3i1CzM=,6gqYV9DEps59k1lTHfSjkXk/Z5s=
227,-945,Dkw57BIFZgIMUWKZLNZk/3i1CzM=,6gqYV9DEps59k1lTHfSjkXk/Z5s=
238,-946,Dkw57BIFZgIMUWKZLNZk/3i1CzM=,6gqYV9DEps59k1lTHfSjkXk/Z5s=
239,-946,Dkw57BIFZgIMUWKZLNZk/3i1CzM=,6gqYV9DEps59k1lTHfSjkXk/Z5s=
237,-946,Dkw57BIFZgIMUWKZLNZk/3i1CzM=,6gqYV9DEps59k1lTHfSjkXk/Z5s=
236,-946,Dkw57BIFZgIMUWKZLNZk/3i1CzM=,6gqYV9DEps59k1lTHfSjkXk/Z5s=
234,-946,Dkw57BIFZgIMUWKZLNZk/3i1CzM=,6gqYV9DEps59k1lTHfSjkXk/Z5s=
235,-946,Dkw57BIFZgIMUWKZLNZk/3i1CzM=,6gqYV9DEps59k1lTHfSjkXk/Z5s=
233,-946,Dkw57BIFZgIMUWKZLNZk/3i1CzM=,6gqYV9DEps59k1lTHfSjkXk/Z5s=
232,-946,Dkw57BIFZgIMUWKZLNZk/3i1CzM=,6gqYV9DEps59k1lTHfSjkXk/Z5s=
231,-946,Dkw57BIFZgIMUWKZLNZk/3i1CzM=,6gqYV9DEps59k1lTHfSjkXk/Z5s=
230,-946,Dkw57BIFZgIMUWKZLNZk/3i1CzM=,6gqYV9DEps59k1lTHfSjkXk/Z5s=
229,-946,Dkw57BIFZgIMUWKZLNZk/3i1CzM=,6gqYV9DEps59k1lTHfSjkXk/Z5s=
228,-946,Dkw57BIFZgIMUWKZLNZk/3i1CzM=,6gqYV9DEps59k1lTHfSjkXk/Z5s=
227,-946,Dkw57BIFZgIMUWKZLNZk/3i1CzM=,6gqYV9DEps59k1lTHfSjkXk/Z5s=
226,-946,Dkw57BIFZgIMUWKZLNZk/3i1CzM=,6gqYV9DEps59k1lTHfSjkXk/Z5s=
225,-946,Dkw57BIFZgIMUWKZLNZk/3i1CzM=,6gqYV9DEps59k1lTHfSjkXk/Z5s=
224,-946,Dkw57BIFZgIMUWKZLNZk/3i1CzM=,6gqYV9DEps59k1lTHfSjkXk/Z5s=
239,-947,Dkw57BIFZgIMUWKZLNZk/3i1CzM=,6gqYV9DEps59k1lTHfSjkXk/Z5s=
238,-947,Dkw57BIFZgIMUWKZLNZk/3i1CzM=,6gqYV9DEps59k1lTHfSjkXk/Z5s=
237,-947,Dkw57BIFZgIMUWKZLNZk/3i1CzM=,6gqYV9DEps59k1lTHfSjkXk/Z5s=
236,-947,Dkw57BIFZgIMUWKZLNZk/3i1CzM=,6gqYV9DEps59k1lTHfSjkXk/Z5s=
235,-947,Dkw57BIFZgIMUWKZLNZk/3i1CzM=,6gqYV9DEps59k1lTHfSjkXk/Z5s=
233,-947,Dkw57BIFZgIMUWKZLNZk/3i1CzM=,6gqYV9DEps59k1lTHfSjkXk/Z5s=
232,-947,Dkw57BIFZgIMUWKZLNZk/3i1CzM=,6gqYV9DEps59k1lTHfSjkXk/Z5s=
231,-947,Dkw57BIFZgIMUWKZLNZk/3i1CzM=,6gqYV9DEps59k1lTHfSjkXk/Z5s=
234,-947,Dkw57BIFZgIMUWKZLNZk/3i1CzM=,6gqYV9DEps59k1lTHfSjkXk/Z5s=
230,-947,Dkw57BIFZgIMUWKZLNZk/3i1CzM=,6gqYV9DEps59k1lTHfSjkXk/Z5s=
229,-947,Dkw57BIFZgIMUWKZLNZk/3i1CzM=,6gqYV9DEps59k1lTHfSjkXk/Z5s=
228,-947,Dkw57BIFZgIMUWKZLNZk/3i1CzM=,6gqYV9DEps59k1lTHfSjkXk/Z5s=
226,-947,Dkw57BIFZgIMUWKZLNZk/3i1CzM=,6gqYV9DEps59k1lTHfSjkXk/Z5s=
227,-947,Dkw57BIFZgIMUWKZLNZk/3i1CzM=,6gqYV9DEps59k1lTHfSjkXk/Z5s=
238,-948,Dkw57BIFZgIMUWKZLNZk/3i1CzM=,6gqYV9DEps59k1lTHfSjkXk/Z5s=
239,-948,Dkw57BIFZgIMUWKZLNZk/3i1CzM=,6gqYV9DEps59k1lTHfSjkXk/Z5s=
225,-947,Dkw57BIFZgIMUWKZLNZk/3i1CzM=,6gqYV9DEps59k1lTHfSjkXk/Z5s=
237,-948,Dkw57BIFZgIMUWKZLNZk/3i1CzM=,6gqYV9DEps59k1lTHfSjkXk/Z5s=
236,-948,Dkw57BIFZgIMUWKZLNZk/3i1CzM=,6gqYV9DEps59k1lTHfSjkXk/Z5s=
235,-948,Dkw57BIFZgIMUWKZLNZk/3i1CzM=,6gqYV9DEps59k1lTHfSjkXk/Z5s=
234,-948,Dkw57BIFZgIMUWKZLNZk/3i1CzM=,6gqYV9DEps59k1lTHfSjkXk/Z5s=
233,-948,Dkw57BIFZgIMUWKZLNZk/3i1CzM=,6gqYV9DEps59k1lTHfSjkXk/Z5s=
232,-948,Dkw57BIFZgIMUWKZLNZk/3i1CzM=,6gqYV9DEps59k1lTHfSjkXk/Z5s=
231,-948,Dkw57BIFZgIMUWKZLNZk/3i1CzM=,6gqYV9DEps59k1lTHfSjkXk/Z5s=
230,-948,Dkw57BIFZgIMUWKZLNZk/3i1CzM=,6gqYV9DEps59k1lTHfSjkXk/Z5s=
228,-948,Dkw57BIFZgIMUWKZLNZk/3i1CzM=,6gqYV9DEps59k1lTHfSjkXk/Z5s=
227,-948,Dkw57BIFZgIMUWKZLNZk/3i1CzM=,6gqYV9DEps59k1lTHfSjkXk/Z5s=
229,-948,Dkw57BIFZgIMUWKZLNZk/3i1CzM=,6gqYV9DEps59k1lTHfSjkXk/Z5s=
226,-948,Dkw57BIFZgIMUWKZLNZk/3i1CzM=,6gqYV9DEps59k1lTHfSjkXk/Z5s=
238,-949,Dkw57BIFZgIMUWKZLNZk/3i1CzM=,6gqYV9DEps59k1lTHfSjkXk/Z5s=
225,-948,Dkw57BIFZgIMUWKZLNZk/3i1CzM=,6gqYV9DEps59k1lTHfSjkXk/Z5s=
239,-949,Dkw57BIFZgIMUWKZLNZk/3i1CzM=,6gqYV9DEps59k1lTHfSjkXk/Z5s=
237,-949,Dkw57BIFZgIMUWKZLNZk/3i1CzM=,6gqYV9DEps59k1lTHfSjkXk/Z5s=
236,-949,Dkw57BIFZgIMUWKZLNZk/3i1CzM=,6gqYV9DEps59k1lTHfSjkXk/Z5s=
235,-949,Dkw57BIFZgIMUWKZLNZk/3i1CzM=,6gqYV9DEps59k1lTHfSjkXk/Z5s=
234,-949,Dkw57BIFZgIMUWKZLNZk/3i1CzM=,6gqYV9DEps59k1lTHfSjkXk/Z5s=
233,-949,Dkw57BIFZgIMUWKZLNZk/3i1CzM=,6gqYV9DEps59k1lTHfSjkXk/Z5s=
232,-949,Dkw57BIFZgIMUWKZLNZk/3i1CzM=,6gqYV9DEps59k1lTHfSjkXk/Z5s=
231,-949,Dkw57BIFZgIMUWKZLNZk/3i1CzM=,6gqYV9DEps59k1lTHfSjkXk/Z5s=
230,-949,Dkw57BIFZgIMUWKZLNZk/3i1CzM=,6gqYV9DEps59k1lTHfSjkXk/Z5s=
229,-949,Dkw57BIFZgIMUWKZLNZk/3i1CzM=,6gqYV9DEps59k1lTHfSjkXk/Z5s=
228,-949,Dkw57BIFZgIMUWKZLNZk/3i1CzM=,6gqYV9DEps59k1lTHfSjkXk/Z5s=
227,-949,Dkw57BIFZgIMUWKZLNZk/3i1CzM=,6gqYV9DEps59k1lTHfSjkXk/Z5s=
226,-949,Dkw57BIFZgIMUWKZLNZk/3i1CzM=,6gqYV9DEps59k1lTHfSjkXk/Z5s=
239,-950,Dkw57BIFZgIMUWKZLNZk/3i1CzM=,6gqYV9DEps59k1lTHfSjkXk/Z5s=
238,-950,Dkw57BIFZgIMUWKZLNZk/3i1CzM=,6gqYV9DEps59k1lTHfSjkXk/Z5s=
237,-950,Dkw57BIFZgIMUWKZLNZk/3i1CzM=,6gqYV9DEps59k1lTHfSjkXk/Z5s=
236,-950,Dkw57BIFZgIMUWKZLNZk/3i1CzM=,6gqYV9DEps59k1lTHfSjkXk/Z5s=
235,-950,Dkw57BIFZgIMUWKZLNZk/3i1CzM=,6gqYV9DEps59k1lTHfSjkXk/Z5s=
234,-950,Dkw57BIFZgIMUWKZLNZk/3i1CzM=,6gqYV9DEps59k1lTHfSjkXk/Z5s=
233,-950,Dkw57BIFZgIMUWKZLNZk/3i1CzM=,6gqYV9DEps59k1lTHfSjkXk/Z5s=
232,-950,Dkw57BIFZgIMUWKZLNZk/3i1CzM=,6gqYV9DEps59k1lTHfSjkXk/Z5s=
231,-950,Dkw57BIFZgIMUWKZLNZk/3i1CzM=,6gqYV9DEps59k1lTHfSjkXk/Z5s=
230,-950,Dkw57BIFZgIMUWKZLNZk/3i1CzM=,6gqYV9DEps59k1lTHfSjkXk/Z5s=
229,-950,Dkw57BIFZgIMUWKZLNZk/3i1CzM=,6gqYV9DEps59k1lTHfSjkXk/Z5s=
228,-950,Dkw57BIFZgIMUWKZLNZk/3i1CzM=,6gqYV9DEps59k1lTHfSjkXk/Z5s=
227,-950,Dkw57BIFZgIMUWKZLNZk/3i1CzM=,6gqYV9DEps59k1lTHfSjkXk/Z5s=
226,-950,Dkw57BIFZgIMUWKZLNZk/3i1CzM=,6gqYV9DEps59k1lTHfSjkXk/Z5s=
224,-960,Dkw57BIFZgIMUWKZLNZk/3i1CzM=,6gqYV9DEps59k1lTHfSjkXk/Z5s=
224,-950,Dkw57BIFZgIMUWKZLNZk/3i1CzM=,6gqYV9DEps59k1lTHfSjkXk/Z5s=
239,-951,Dkw57BIFZgIMUWKZLNZk/3i1CzM=,6gqYV9DEps59k1lTHfSjkXk/Z5s=
238,-951,Dkw57BIFZgIMUWKZLNZk/3i1CzM=,6gqYV9DEps59k1lTHfSjkXk/Z5s=
237,-951,Dkw57BIFZgIMUWKZLNZk/3i1CzM=,6gqYV9DEps59k1lTHfSjkXk/Z5s=
235,-951,Dkw57BIFZgIMUWKZLNZk/3i1CzM=,6gqYV9DEps59k1lTHfSjkXk/Z5s=
236,-951,Dkw57BIFZgIMUWKZLNZk/3i1CzM=,6gqYV9DEps59k1lTHfSjkXk/Z5s=
234,-951,Dkw57BIFZgIMUWKZLNZk/3i1CzM=,6gqYV9DEps59k1lTHfSjkXk/Z5s=
233,-951,Dkw57BIFZgIMUWKZLNZk/3i1CzM=,6gqYV9DEps59k1lTHfSjkXk/Z5s=
232,-951,Dkw57BIFZgIMUWKZLNZk/3i1CzM=,6gqYV9DEps59k1lTHfSjkXk/Z5s=
231,-951,Dkw57BIFZgIMUWKZLNZk/3i1CzM=,6gqYV9DEps59k1lTHfSjkXk/Z5s=
230,-951,Dkw57BIFZgIMUWKZLNZk/3i1CzM=,6gqYV9DEps59k1lTHfSjkXk/Z5s=
229,-951,Dkw57BIFZgIMUWKZLNZk/3i1CzM=,6gqYV9DEps59k1lTHfSjkXk/Z5s=
228,-951,Dkw57BIFZgIMUWKZLNZk/3i1CzM=,6gqYV9DEps59k1lTHfSjkXk/Z5s=
227,-951,Dkw57BIFZgIMUWKZLNZk/3i1CzM=,6gqYV9DEps59k1lTHfSjkXk/Z5s=
225,-949,Dkw57BIFZgIMUWKZLNZk/3i1CzM=,6gqYV9DEps59k1lTHfSjkXk/Z5s=
225,-951,Dkw57BIFZgIMUWKZLNZk/3i1CzM=,6gqYV9DEps59k1lTHfSjkXk/Z5s=
224,-951,Dkw57BIFZgIMUWKZLNZk/3i1CzM=,6gqYV9DEps59k1lTHfSjkXk/Z5s=
239,-952,Dkw57BIFZgIMUWKZLNZk/3i1CzM=,6gqYV9DEps59k1lTHfSjkXk/Z5s=
237,-952,Dkw57BIFZgIMUWKZLNZk/3i1CzM=,6gqYV9DEps59k1lTHfSjkXk/Z5s=
238,-952,Dkw57BIFZgIMUWKZLNZk/3i1CzM=,6gqYV9DEps59k1lTHfSjkXk/Z5s=
236,-952,Dkw57BIFZgIMUWKZLNZk/3i1CzM=,6gqYV9DEps59k1lTHfSjkXk/Z5s=
235,-952,Dkw57BIFZgIMUWKZLNZk/3i1CzM=,6gqYV9DEps59k1lTHfSjkXk/Z5s=
234,-952,Dkw57BIFZgIMUWKZLNZk/3i1CzM=,6gqYV9DEps59k1lTHfSjkXk/Z5s=
233,-952,Dkw57BIFZgIMUWKZLNZk/3i1CzM=,6gqYV9DEps59k1lTHfSjkXk/Z5s=
232,-952,Dkw57BIFZgIMUWKZLNZk/3i1CzM=,6gqYV9DEps59k1lTHfSjkXk/Z5s=
231,-952,Dkw57BIFZgIMUWKZLNZk/3i1CzM=,6gqYV9DEps59k1lTHfSjkXk/Z5s=
230,-952,Dkw57BIFZgIMUWKZLNZk/3i1CzM=,6gqYV9DEps59k1lTHfSjkXk/Z5s=
229,-952,Dkw57BIFZgIMUWKZLNZk/3i1CzM=,6gqYV9DEps59k1lTHfSjkXk/Z5s=
228,-952,Dkw57BIFZgIMUWKZLNZk/3i1CzM=,6gqYV9DEps59k1lTHfSjkXk/Z5s=
227,-952,Dkw57BIFZgIMUWKZLNZk/3i1CzM=,6gqYV9DEps59k1lTHfSjkXk/Z5s=
224,-949,Dkw57BIFZgIMUWKZLNZk/3i1CzM=,6gqYV9DEps59k1lTHfSjkXk/Z5s=
226,-951,Dkw57BIFZgIMUWKZLNZk/3i1CzM=,6gqYV9DEps59k1lTHfSjkXk/Z5s=
239,-953,Dkw57BIFZgIMUWKZLNZk/3i1CzM=,6gqYV9DEps59k1lTHfSjkXk/Z5s=
224,-952,Dkw57BIFZgIMUWKZLNZk/3i1CzM=,6gqYV9DEps59k1lTHfSjkXk/Z5s=
238,-953,Dkw57BIFZgIMUWKZLNZk/3i1CzM=,6gqYV9DEps59k1lTHfSjkXk/Z5s=
237,-953,Dkw57BIFZgIMUWKZLNZk/3i1CzM=,6gqYV9DEps59k1lTHfSjkXk/Z5s=
236,-953,Dkw57BIFZgIMUWKZLNZk/3i1CzM=,6gqYV9DEps59k1lTHfSjkXk/Z5s=
235,-953,Dkw57BIFZgIMUWKZLNZk/3i1CzM=,6gqYV9DEps59k1lTHfSjkXk/Z5s=
234,-953,Dkw57BIFZgIMUWKZLNZk/3i1CzM=,6gqYV9DEps59k1lTHfSjkXk/Z5s=
233,-953,Dkw57BIFZgIMUWKZLNZk/3i1CzM=,6gqYV9DEps59k1lTHfSjkXk/Z5s=
232,-953,Dkw57BIFZgIMUWKZLNZk/3i1CzM=,6gqYV9DEps59k1lTHfSjkXk/Z5s=
230,-953,Dkw57BIFZgIMUWKZLNZk/3i1CzM=,6gqYV9DEps59k1lTHfSjkXk/Z5s=
231,-953,Dkw57BIFZgIMUWKZLNZk/3i1CzM=,6gqYV9DEps59k1lTHfSjkXk/Z5s=
229,-953,Dkw57BIFZgIMUWKZLNZk/3i1CzM=,6gqYV9DEps59k1lTHfSjkXk/Z5s=
228,-953,Dkw57BIFZgIMUWKZLNZk/3i1CzM=,6gqYV9DEps59k1lTHfSjkXk/Z5s=
225,-950,Dkw57BIFZgIMUWKZLNZk/3i1CzM=,6gqYV9DEps59k1lTHfSjkXk/Z5s=
226,-952,Dkw57BIFZgIMUWKZLNZk/3i1CzM=,6gqYV9DEps59k1lTHfSjkXk/Z5s=
226,-953,Dkw57BIFZgIMUWKZLNZk/3i1CzM=,6gqYV9DEps59k1lTHfSjkXk/Z5s=
227,-953,Dkw57BIFZgIMUWKZLNZk/3i1CzM=,6gqYV9DEps59k1lTHfSjkXk/Z5s=
224,-953,Dkw57BIFZgIMUWKZLNZk/3i1CzM=,6gqYV9DEps59k1lTHfSjkXk/Z5s=
239,-954,Dkw57BIFZgIMUWKZLNZk/3i1CzM=,6gqYV9DEps59k1lTHfSjkXk/Z5s=
238,-954,Dkw57BIFZgIMUWKZLNZk/3i1CzM=,6gqYV9DEps59k1lTHfSjkXk/Z5s=
237,-954,Dkw57BIFZgIMUWKZLNZk/3i1CzM=,6gqYV9DEps59k1lTHfSjkXk/Z5s=
236,-954,Dkw57BIFZgIMUWKZLNZk/3i1CzM=,6gqYV9DEps59k1lTHfSjkXk/Z5s=
235,-954,Dkw57BIFZgIMUWKZLNZk/3i1CzM=,6gqYV9DEps59k1lTHfSjkXk/Z5s=
234,-954,Dkw57BIFZgIMUWKZLNZk/3i1CzM=,6gqYV9DEps59k1lTHfSjkXk/Z5s=
233,-954,Dkw57BIFZgIMUWKZLNZk/3i1CzM=,6gqYV9DEps59k1lTHfSjkXk/Z5s=
232,-954,Dkw57BIFZgIMUWKZLNZk/3i1CzM=,6gqYV9DEps59k1lTHfSjkXk/Z5s=
231,-954,Dkw57BIFZgIMUWKZLNZk/3i1CzM=,6gqYV9DEps59k1lTHfSjkXk/Z5s=
230,-954,Dkw57BIFZgIMUWKZLNZk/3i1CzM=,6gqYV9DEps59k1lTHfSjkXk/Z5s=
228,-954,Dkw57BIFZgIMUWKZLNZk/3i1CzM=,6gqYV9DEps59k1lTHfSjkXk/Z5s=
229,-954,Dkw57BIFZgIMUWKZLNZk/3i1CzM=,6gqYV9DEps59k1lTHfSjkXk/Z5s=
227,-954,Dkw57BIFZgIMUWKZLNZk/3i1CzM=,6gqYV9DEps59k1lTHfSjkXk/Z5s=
226,-954,Dkw57BIFZgIMUWKZLNZk/3i1CzM=,6gqYV9DEps59k1lTHfSjkXk/Z5s=
224,-959,Dkw57BIFZgIMUWKZLNZk/3i1CzM=,6gqYV9DEps59k1lTHfSjkXk/Z5s=
239,-955,Dkw57BIFZgIMUWKZLNZk/3i1CzM=,6gqYV9DEps59k1lTHfSjkXk/Z5s=
238,-955,Dkw57BIFZgIMUWKZLNZk/3i1CzM=,6gqYV9DEps59k1lTHfSjkXk/Z5s=
237,-955,Dkw57BIFZgIMUWKZLNZk/3i1CzM=,6gqYV9DEps59k1lTHfSjkXk/Z5s=
236,-955,Dkw57BIFZgIMUWKZLNZk/3i1CzM=,6gqYV9DEps59k1lTHfSjkXk/Z5s=
235,-955,Dkw57BIFZgIMUWKZLNZk/3i1CzM=,6gqYV9DEps59k1lTHfSjkXk/Z5s=
234,-955,Dkw57BIFZgIMUWKZLNZk/3i1CzM=,6gqYV9DEps59k1lTHfSjkXk/Z5s=
233,-955,Dkw57BIFZgIMUWKZLNZk/3i1CzM=,6gqYV9DEps59k1lTHfSjkXk/Z5s=
232,-955,Dkw57BIFZgIMUWKZLNZk/3i1CzM=,6gqYV9DEps59k1lTHfSjkXk/Z5s=
231,-955,Dkw57BIFZgIMUWKZLNZk/3i1CzM=,6gqYV9DEps59k1lTHfSjkXk/Z5s=
230,-955,Dkw57BIFZgIMUWKZLNZk/3i1CzM=,6gqYV9DEps59k1lTHfSjkXk/Z5s=
229,-955,Dkw57BIFZgIMUWKZLNZk/3i1CzM=,6gqYV9DEps59k1lTHfSjkXk/Z5s=
228,-955,Dkw57BIFZgIMUWKZLNZk/3i1CzM=,6gqYV9DEps59k1lTHfSjkXk/Z5s=
227,-955,Dkw57BIFZgIMUWKZLNZk/3i1CzM=,6gqYV9DEps59k1lTHfSjkXk/Z5s=
226,-955,Dkw57BIFZgIMUWKZLNZk/3i1CzM=,6gqYV9DEps59k1lTHfSjkXk/Z5s=
225,-955,Dkw57BIFZgIMUWKZLNZk/3i1CzM=,6gqYV9DEps59k1lTHfSjkXk/Z5s=
224,-955,Dkw57BIFZgIMUWKZLNZk/3i1CzM=,6gqYV9DEps59k1lTHfSjkXk/Z5s=
239,-956,Dkw57BIFZgIMUWKZLNZk/3i1CzM=,6gqYV9DEps59k1lTHfSjkXk/Z5s=
238,-956,Dkw57BIFZgIMUWKZLNZk/3i1CzM=,6gqYV9DEps59k1lTHfSjkXk/Z5s=
237,-956,Dkw57BIFZgIMUWKZLNZk/3i1CzM=,6gqYV9DEps59k1lTHfSjkXk/Z5s=
236,-956,Dkw57BIFZgIMUWKZLNZk/3i1CzM=,6gqYV9DEps59k1lTHfSjkXk/Z5s=
235,-956,Dkw57BIFZgIMUWKZLNZk/3i1CzM=,6gqYV9DEps59k1lTHfSjkXk/Z5s=
234,-956,Dkw57BIFZgIMUWKZLNZk/3i1CzM=,6gqYV9DEps59k1lTHfSjkXk/Z5s=
233,-956,Dkw57BIFZgIMUWKZLNZk/3i1CzM=,6gqYV9DEps59k1lTHfSjkXk/Z5s=
232,-956,Dkw57BIFZgIMUWKZLNZk/3i1CzM=,6gqYV9DEps59k1lTHfSjkXk/Z5s=
231,-956,Dkw57BIFZgIMUWKZLNZk/3i1CzM=,6gqYV9DEps59k1lTHfSjkXk/Z5s=
230,-956,Dkw57BIFZgIMUWKZLNZk/3i1CzM=,6gqYV9DEps59k1lTHfSjkXk/Z5s=
229,-956,Dkw57BIFZgIMUWKZLNZk/3i1CzM=,6gqYV9DEps59k1lTHfSjkXk/Z5s=
228,-956,Dkw57BIFZgIMUWKZLNZk/3i1CzM=,6gqYV9DEps59k1lTHfSjkXk/Z5s=
227,-956,Dkw57BIFZgIMUWKZLNZk/3i1CzM=,6gqYV9DEps59k1lTHfSjkXk/Z5s=
226,-956,Dkw57BIFZgIMUWKZLNZk/3i1CzM=,6gqYV9DEps59k1lTHfSjkXk/Z5s=
225,-956,Dkw57BIFZgIMUWKZLNZk/3i1CzM=,6gqYV9DEps59k1lTHfSjkXk/Z5s=
225,-952,Dkw57BIFZgIMUWKZLNZk/3i1CzM=,6gqYV9DEps59k1lTHfSjkXk/Z5s=
239,-957,Dkw57BIFZgIMUWKZLNZk/3i1CzM=,6gqYV9DEps59k1lTHfSjkXk/Z5s=
238,-957,Dkw57BIFZgIMUWKZLNZk/3i1CzM=,6gqYV9DEps59k1lTHfSjkXk/Z5s=
237,-957,Dkw57BIFZgIMUWKZLNZk/3i1CzM=,6gqYV9DEps59k1lTHfSjkXk/Z5s=
236,-957,Dkw57BIFZgIMUWKZLNZk/3i1CzM=,6gqYV9DEps59k1lTHfSjkXk/Z5s=
235,-957,Dkw57BIFZgIMUWKZLNZk/3i1CzM=,6gqYV9DEps59k1lTHfSjkXk/Z5s=
234,-957,Dkw57BIFZgIMUWKZLNZk/3i1CzM=,6gqYV9DEps59k1lTHfSjkXk/Z5s=
233,-957,Dkw57BIFZgIMUWKZLNZk/3i1CzM=,6gqYV9DEps59k1lTHfSjkXk/Z5s=
232,-957,Dkw57BIFZgIMUWKZLNZk/3i1CzM=,6gqYV9DEps59k1lTHfSjkXk/Z5s=
231,-957,Dkw57BIFZgIMUWKZLNZk/3i1CzM=,6gqYV9DEps59k1lTHfSjkXk/Z5s=
230,-957,Dkw57BIFZgIMUWKZLNZk/3i1CzM=,6gqYV9DEps59k1lTHfSjkXk/Z5s=
229,-957,Dkw57BIFZgIMUWKZLNZk/3i1CzM=,6gqYV9DEps59k1lTHfSjkXk/Z5s=
228,-957,Dkw57BIFZgIMUWKZLNZk/3i1CzM=,6gqYV9DEps59k1lTHfSjkXk/Z5s=
227,-957,Dkw57BIFZgIMUWKZLNZk/3i1CzM=,6gqYV9DEps59k1lTHfSjkXk/Z5s=
226,-957,Dkw57BIFZgIMUWKZLNZk/3i1CzM=,6gqYV9DEps59k1lTHfSjkXk/Z5s=
225,-953,Dkw57BIFZgIMUWKZLNZk/3i1CzM=,6gqYV9DEps59k1lTHfSjkXk/Z5s=
224,-947,Dkw57BIFZgIMUWKZLNZk/3i1CzM=,6gqYV9DEps59k1lTHfSjkXk/Z5s=
239,-958,Dkw57BIFZgIMUWKZLNZk/3i1CzM=,6gqYV9DEps59k1lTHfSjkXk/Z5s=
238,-958,Dkw57BIFZgIMUWKZLNZk/3i1CzM=,6gqYV9DEps59k1lTHfSjkXk/Z5s=
237,-958,Dkw57BIFZgIMUWKZLNZk/3i1CzM=,6gqYV9DEps59k1lTHfSjkXk/Z5s=
236,-958,Dkw57BIFZgIMUWKZLNZk/3i1CzM=,6gqYV9DEps59k1lTHfSjkXk/Z5s=
235,-958,Dkw57BIFZgIMUWKZLNZk/3i1CzM=,6gqYV9DEps59k1lTHfSjkXk/Z5s=
234,-958,Dkw57BIFZgIMUWKZLNZk/3i1CzM=,6gqYV9DEps59k1lTHfSjkXk/Z5s=
233,-958,Dkw57BIFZgIMUWKZLNZk/3i1CzM=,6gqYV9DEps59k1lTHfSjkXk/Z5s=
232,-958,Dkw57BIFZgIMUWKZLNZk/3i1CzM=,6gqYV9DEps59k1lTHfSjkXk/Z5s=
231,-958,Dkw57BIFZgIMUWKZLNZk/3i1CzM=,6gqYV9DEps59k1lTHfSjkXk/Z5s=
230,-958,Dkw57BIFZgIMUWKZLNZk/3i1CzM=,6gqYV9DEps59k1lTHfSjkXk/Z5s=
229,-958,Dkw57BIFZgIMUWKZLNZk/3i1CzM=,6gqYV9DEps59k1lTHfSjkXk/Z5s=
228,-958,Dkw57BIFZgIMUWKZLNZk/3i1CzM=,6gqYV9DEps59k1lTHfSjkXk/Z5s=
227,-958,Dkw57BIFZgIMUWKZLNZk/3i1CzM=,6gqYV9DEps59k1lTHfSjkXk/Z5s=
226,-958,Dkw57BIFZgIMUWKZLNZk/3i1CzM=,6gqYV9DEps59k1lTHfSjkXk/Z5s=
225,-958,Dkw57BIFZgIMUWKZLNZk/3i1CzM=,6gqYV9DEps59k1lTHfSjkXk/Z5s=
224,-954,Dkw57BIFZgIMUWKZLNZk/3i1CzM=,6gqYV9DEps59k1lTHfSjkXk/Z5s=
239,-959,Dkw57BIFZgIMUWKZLNZk/3i1CzM=,6gqYV9DEps59k1lTHfSjkXk/Z5s=
238,-959,Dkw57BIFZgIMUWKZLNZk/3i1CzM=,6gqYV9DEps59k1lTHfSjkXk/Z5s=
236,-959,Dkw57BIFZgIMUWKZLNZk/3i1CzM=,6gqYV9DEps59k1lTHfSjkXk/Z5s=
237,-959,Dkw57BIFZgIMUWKZLNZk/3i1CzM=,6gqYV9DEps59k1lTHfSjkXk/Z5s=
235,-959,Dkw57BIFZgIMUWKZLNZk/3i1CzM=,6gqYV9DEps59k1lTHfSjkXk/Z5s=
234,-959,Dkw57BIFZgIMUWKZLNZk/3i1CzM=,6gqYV9DEps59k1lTHfSjkXk/Z5s=
233,-959,Dkw57BIFZgIMUWKZLNZk/3i1CzM=,6gqYV9DEps59k1lTHfSjkXk/Z5s=
232,-959,Dkw57BIFZgIMUWKZLNZk/3i1CzM=,6gqYV9DEps59k1lTHfSjkXk/Z5s=
231,-959,Dkw57BIFZgIMUWKZLNZk/3i1CzM=,6gqYV9DEps59k1lTHfSjkXk/Z5s=
229,-959,Dkw57BIFZgIMUWKZLNZk/3i1CzM=,6gqYV9DEps59k1lTHfSjkXk/Z5s=
230,-959,Dkw57BIFZgIMUWKZLNZk/3i1CzM=,6gqYV9DEps59k1lTHfSjkXk/Z5s=
228,-959,Dkw57BIFZgIMUWKZLNZk/3i1CzM=,6gqYV9DEps59k1lTHfSjkXk/Z5s=
227,-959,Dkw57BIFZgIMUWKZLNZk/3i1CzM=,6gqYV9DEps59k1lTHfSjkXk/Z5s=
225,-957,Dkw57BIFZgIMUWKZLNZk/3i1CzM=,6gqYV9DEps59k1lTHfSjkXk/Z5s=
224,-948,Dkw57BIFZgIMUWKZLNZk/3i1CzM=,6gqYV9DEps59k1lTHfSjkXk/Z5s=
225,-954,Dkw57BIFZgIMUWKZLNZk/3i1CzM=,6gqYV9DEps59k1lTHfSjkXk/Z5s=
224,-956,Dkw57BIFZgIMUWKZLNZk/3i1CzM=,6gqYV9DEps59k1lTHfSjkXk/Z5s=
224,-958,Dkw57BIFZgIMUWKZLNZk/3i1CzM=,6gqYV9DEps59k1lTHfSjkXk/Z5s=
224,-957,Dkw57BIFZgIMUWKZLNZk/3i1CzM=,6gqYV9DEps59k1lTHfSjkXk/Z5s=
243,-958,O2rXtSECwHXG3tCti1RfO2T6qCU=,6gqYV9DEps59k1lTHfSjkXk/Z5s=
242,-958,O2rXtSECwHXG3tCti1RfO2T6qCU=,6gqYV9DEps59k1lTHfSjkXk/Z5s=
242,-959,O2rXtSECwHXG3tCti1RfO2T6qCU=,6gqYV9DEps59k1lTHfSjkXk/Z5s=
240,-959,O2rXtSECwHXG3tCti1RfO2T6qCU=,6gqYV9DEps59k1lTHfSjkXk/Z5s=
241,-960,O2rXtSECwHXG3tCti1RfO2T6qCU=,6gqYV9DEps59k1lTHfSjkXk/Z5s=
241,-959,O2rXtSECwHXG3tCti1RfO2T6qCU=,6gqYV9DEps59k1lTHfSjkXk/Z5s=
255,-959,O2rXtSECwHXG3tCti1RfO2T6qCU=,6gqYV9DEps59k1lTHfSjkXk/Z5s=
240,-958,O2rXtSECwHXG3tCti1RfO2T6qCU=,6gqYV9DEps59k1lTHfSjkXk/Z5s=
254,-959,O2rXtSECwHXG3tCti1RfO2T6qCU=,6gqYV9DEps59k1lTHfSjkXk/Z5s=
241,-958,O2rXtSECwHXG3tCti1RfO2T6qCU=,6gqYV9DEps59k1lTHfSjkXk/Z5s=
253,-959,O2rXtSECwHXG3tCti1RfO2T6qCU=,6gqYV9DEps59k1lTHfSjkXk/Z5s=
251,-959,O2rXtSECwHXG3tCti1RfO2T6qCU=,6gqYV9DEps59k1lTHfSjkXk/Z5s=
250,-959,O2rXtSECwHXG3tCti1RfO2T6qCU=,6gqYV9DEps59k1lTHfSjkXk/Z5s=
252,-959,O2rXtSECwHXG3tCti1RfO2T6qCU=,6gqYV9DEps59k1lTHfSjkXk/Z5s=
249,-959,O2rXtSECwHXG3tCti1RfO2T6qCU=,6gqYV9DEps59k1lTHfSjkXk/Z5s=
248,-959,O2rXtSECwHXG3tCti1RfO2T6qCU=,6gqYV9DEps59k1lTHfSjkXk/Z5s=
246,-959,O2rXtSECwHXG3tCti1RfO2T6qCU=,6gqYV9DEps59k1lTHfSjkXk/Z5s=
244,-959,O2rXtSECwHXG3tCti1RfO2T6qCU=,6gqYV9DEps59k1lTHfSjkXk/Z5s=
247,-959,O2rXtSECwHXG3tCti1RfO2T6qCU=,6gqYV9DEps59k1lTHfSjkXk/Z5s=
245,-959,O2rXtSECwHXG3tCti1RfO2T6qCU=,6gqYV9DEps59k1lTHfSjkXk/Z5s=
255,-945,O2rXtSECwHXG3tCti1RfO2T6qCU=,6gqYV9DEps59k1lTHfSjkXk/Z5s=
243,-959,O2rXtSECwHXG3tCti1RfO2T6qCU=,6gqYV9DEps59k1lTHfSjkXk/Z5s=
254,-945,O2rXtSECwHXG3tCti1RfO2T6qCU=,6gqYV9DEps59k1lTHfSjkXk/Z5s=
240,-960,O2rXtSECwHXG3tCti1RfO2T6qCU=,6gqYV9DEps59k1lTHfSjkXk/Z5s=
253,-945,O2rXtSECwHXG3tCti1RfO2T6qCU=,6gqYV9DEps59k1lTHfSjkXk/Z5s=
252,-945,O2rXtSECwHXG3tCti1RfO2T6qCU=,6gqYV9DEps59k1lTHfSjkXk/Z5s=
251,-945,O2rXtSECwHXG3tCti1RfO2T6qCU=,6gqYV9DEps59k1lTHfSjkXk/Z5s=
250,-945,O2rXtSECwHXG3tCti1RfO2T6qCU=,6gqYV9DEps59k1lTHfSjkXk/Z5s=
249,-945,O2rXtSECwHXG3tCti1RfO2T6qCU=,6gqYV9DEps59k1lTHfSjkXk/Z5s=
248,-945,O2rXtSECwHXG3tCti1RfO2T6qCU=,6gqYV9DEps59k1lTHfSjkXk/Z5s=
247,-945,O2rXtSECwHXG3tCti1RfO2T6qCU=,6gqYV9DEps59k1lTHfSjkXk/Z5s=
245,-945,O2rXtSECwHXG3tCti1RfO2T6qCU=,6gqYV9DEps59k1lTHfSjkXk/Z5s=
243,-945,O2rXtSECwHXG3tCti1RfO2T6qCU=,6gqYV9DEps59k1lTHfSjkXk/Z5s=
244,-945,O2rXtSECwHXG3tCti1RfO2T6qCU=,6gqYV9DEps59k1lTHfSjkXk/Z5s=
246,-945,O2rXtSECwHXG3tCti1RfO2T6qCU=,6gqYV9DEps59k1lTHfSjkXk/Z5s=
255,-960,O2rXtSECwHXG3tCti1RfO2T6qCU=,6gqYV9DEps59k1lTHfSjkXk/Z5s=
244,-958,O2rXtSECwHXG3tCti1RfO2T6qCU=,6gqYV9DEps59k1lTHfSjkXk/Z5s=
242,-945,O2rXtSECwHXG3tCti1RfO2T6qCU=,6gqYV9DEps59k1lTHfSjkXk/Z5s=
240,-945,O2rXtSECwHXG3tCti1RfO2T6qCU=,6gqYV9DEps59k1lTHfSjkXk/Z5s=
254,-946,O2rXtSECwHXG3tCti1RfO2T6qCU=,6gqYV9DEps59k1lTHfSjkXk/Z5s=
241,-945,O2rXtSECwHXG3tCti1RfO2T6qCU=,6gqYV9DEps59k1lTHfSjkXk/Z5s=
245,-958,O2rXtSECwHXG3tCti1RfO2T6qCU=,6gqYV9DEps59k1lTHfSjkXk/Z5s=
252,-946,O2rXtSECwHXG3tCti1RfO2T6qCU=,6gqYV9DEps59k1lTHfSjkXk/Z5s=
253,-946,O2rXtSECwHXG3tCti1RfO2T6qCU=,6gqYV9DEps59k1lTHfSjkXk/Z5s=
255,-946,O2rXtSECwHXG3tCti1RfO2T6qCU=,6gqYV9DEps59k1lTHfSjkXk/Z5s=
251,-946,O2rXtSECwHXG3tCti1RfO2T6qCU=,6gqYV9DEps59k1lTHfSjkXk/Z5s=
246,-958,O2rXtSECwHXG3tCti1RfO2T6qCU=,6gqYV9DEps59k1lTHfSjkXk/Z5s=
250,-946,O2rXtSECwHXG3tCti1RfO2T6qCU=,6gqYV9DEps59k1lTHfSjkXk/Z5s=
249,-946,O2rXtSECwHXG3tCti1RfO2T6qCU=,6gqYV9DEps59k1lTHfSjkXk/Z5s=
247,-946,O2rXtSECwHXG3tCti1RfO2T6qCU=,6gqYV9DEps59k1lTHfSjkXk/Z5s=
246,-946,O2rXtSECwHXG3tCti1RfO2T6qCU=,6gqYV9DEps59k1lTHfSjkXk/Z5s=
248,-946,O2rXtSECwHXG3tCti1RfO2T6qCU=,6gqYV9DEps59k1lTHfSjkXk/Z5s=
254,-960,O2rXtSECwHXG3tCti1RfO2T6qCU=,6gqYV9DEps59k1lTHfSjkXk/Z5s=
244,-946,O2rXtSECwHXG3tCti1RfO2T6qCU=,6gqYV9DEps59k1lTHfSjkXk/Z5s=
247,-958,O2rXtSECwHXG3tCti1RfO2T6qCU=,6gqYV9DEps59k1lTHfSjkXk/Z5s=
243,-946,O2rXtSECwHXG3tCti1RfO2T6qCU=,6gqYV9DEps59k1lTHfSjkXk/Z5s=
245,-946,O2rXtSECwHXG3tCti1RfO2T6qCU=,6gqYV9DEps59k1lTHfSjkXk/Z5s=
242,-946,O2rXtSECwHXG3tCti1RfO2T6qCU=,6gqYV9DEps59k1lTHfSjkXk/Z5s=
241,-946,O2rXtSECwHXG3tCti1RfO2T6qCU=,6gqYV9DEps59k1lTHfSjkXk/Z5s=
248,-958,O2rXtSECwHXG3tCti1RfO2T6qCU=,6gqYV9DEps59k1lTHfSjkXk/Z5s=
240,-946,O2rXtSECwHXG3tCti1RfO2T6qCU=,6gqYV9DEps59k1lTHfSjkXk/Z5s=
255,-947,O2rXtSECwHXG3tCti1RfO2T6qCU=,6gqYV9DEps59k1lTHfSjkXk/Z5s=
252,-947,O2rXtSECwHXG3tCti1RfO2T6qCU=,6gqYV9DEps59k1lTHfSjkXk/Z5s=
254,-947,O2rXtSECwHXG3tCti1RfO2T6qCU=,6gqYV9DEps59k1lTHfSjkXk/Z5s=
249,-958,O2rXtSECwHXG3tCti1RfO2T6qCU=,6gqYV9DEps59k1lTHfSjkXk/Z5s=
251,-947,O2rXtSECwHXG3tCti1RfO2T6qCU=,6gqYV9DEps59k1lTHfSjkXk/Z5s=
253,-947,O2rXtSECwHXG3tCti1RfO2T6qCU=,6gqYV9DEps59k1lTHfSjkXk/Z5s=
250,-947,O2rXtSECwHXG3tCti1RfO2T6qCU=,6gqYV9DEps59k1lTHfSjkXk/Z5s=
249,-947,O2rXtSECwHXG3tCti1RfO2T6qCU=,6gqYV9DEps59k1lTHfSjkXk/Z5s=
250,-958,O2rXtSECwHXG3tCti1RfO2T6qCU=,6gqYV9DEps59k1lTHfSjkXk/Z5s=
248,-947,O2rXtSECwHXG3tCti1RfO2T6qCU=,6gqYV9DEps59k1lTHfSjkXk/Z5s=
247,-947,O2rXtSECwHXG3tCti1RfO2T6qCU=,6gqYV9DEps59k1lTHfSjkXk/Z5s=
253,-960,O2rXtSECwHXG3tCti1RfO2T6qCU=,6gqYV9DEps59k1lTHfSjkXk/Z5s=
251,-958,O2rXtSECwHXG3tCti1RfO2T6qCU=,6gqYV9DEps59k1lTHfSjkXk/Z5s=
246,-947,O2rXtSECwHXG3tCti1RfO2T6qCU=,6gqYV9DEps59k1lTHfSjkXk/Z5s=
245,-947,O2rXtSECwHXG3tCti1RfO2T6qCU=,6gqYV9DEps59k1lTHfSjkXk/Z5s=
242,-947,O2rXtSECwHXG3tCti1RfO2T6qCU=,6gqYV9DEps59k1lTHfSjkXk/Z5s=
241,-947,O2rXtSECwHXG3tCti1RfO2T6qCU=,6gqYV9DEps59k1lTHfSjkXk/Z5s=
244,-947,O2rXtSECwHXG3tCti1RfO2T6qCU=,6gqYV9DEps59k1lTHfSjkXk/Z5s=
252,-958,O2rXtSECwHXG3tCti1RfO2T6qCU=,6gqYV9DEps59k1lTHfSjkXk/Z5s=
243,-947,O2rXtSECwHXG3tCti1RfO2T6qCU=,6gqYV9DEps59k1lTHfSjkXk/Z5s=
255,-948,O2rXtSECwHXG3tCti1RfO2T6qCU=,6gqYV9DEps59k1lTHfSjkXk/Z5s=
253,-958,O2rXtSECwHXG3tCti1RfO2T6qCU=,6gqYV9DEps59k1lTHfSjkXk/Z5s=
240,-947,O2rXtSECwHXG3tCti1RfO2T6qCU=,6gqYV9DEps59k1lTHfSjkXk/Z5s=
254,-948,O2rXtSECwHXG3tCti1RfO2T6qCU=,6gqYV9DEps59k1lTHfSjkXk/Z5s=
253,-948,O2rXtSECwHXG3tCti1RfO2T6qCU=,6gqYV9DEps59k1lTHfSjkXk/Z5s=
252,-948,O2rXtSECwHXG3tCti1RfO2T6qCU=,6gqYV9DEps59k1lTHfSjkXk/Z5s=
254,-958,O2rXtSECwHXG3tCti1RfO2T6qCU=,6gqYV9DEps59k1lTHfSjkXk/Z5s=
251,-948,O2rXtSECwHXG3tCti1RfO2T6qCU=,6gqYV9DEps59k1lTHfSjkXk/Z5s=
249,-948,O2rXtSECwHXG3tCti1RfO2T6qCU=,6gqYV9DEps59k1lTHfSjkXk/Z5s=
250,-948,O2rXtSECwHXG3tCti1RfO2T6qCU=,6gqYV9DEps59k1lTHfSjkXk/Z5s=
252,-960,O2rXtSECwHXG3tCti1RfO2T6qCU=,6gqYV9DEps59k1lTHfSjkXk/Z5s=
248,-948,O2rXtSECwHXG3tCti1RfO2T6qCU=,6gqYV9DEps59k1lTHfSjkXk/Z5s=
247,-948,O2rXtSECwHXG3tCti1RfO2T6qCU=,6gqYV9DEps59k1lTHfSjkXk/Z5s=
255,-958,O2rXtSECwHXG3tCti1RfO2T6qCU=,6gqYV9DEps59k1lTHfSjkXk/Z5s=
246,-948,O2rXtSECwHXG3tCti1RfO2T6qCU=,6gqYV9DEps59k1lTHfSjkXk/Z5s=
245,-948,O2rXtSECwHXG3tCti1RfO2T6qCU=,6gqYV9DEps59k1lTHfSjkXk/Z5s=
244,-948,O2rXtSECwHXG3tCti1RfO2T6qCU=,6gqYV9DEps59k1lTHfSjkXk/Z5s=
243,-948,O2rXtSECwHXG3tCti1RfO2T6qCU=,6gqYV9DEps59k1lTHfSjkXk/Z5s=
242,-948,O2rXtSECwHXG3tCti1RfO2T6qCU=,6gqYV9DEps59k1lTHfSjkXk/Z5s=
255,-949,O2rXtSECwHXG3tCti1RfO2T6qCU=,6gqYV9DEps59k1lTHfSjkXk/Z5s=
241,-948,O2rXtSECwHXG3tCti1RfO2T6qCU=,6gqYV9DEps59k1lTHfSjkXk/Z5s=
252,-949,O2rXtSECwHXG3tCti1RfO2T6qCU=,6gqYV9DEps59k1lTHfSjkXk/Z5s=
240,-948,O2rXtSECwHXG3tCti1RfO2T6qCU=,6gqYV9DEps59k1lTHfSjkXk/Z5s=
254,-949,O2rXtSECwHXG3tCti1RfO2T6qCU=,6gqYV9DEps59k1lTHfSjkXk/Z5s=
240,-957,O2rXtSECwHXG3tCti1RfO2T6qCU=,6gqYV9DEps59k1lTHfSjkXk/Z5s=
253,-949,O2rXtSECwHXG3tCti1RfO2T6qCU=,6gqYV9DEps59k1lTHfSjkXk/Z5s=
250,-949,O2rXtSECwHXG3tCti1RfO2T6qCU=,6gqYV9DEps59k1lTHfSjkXk/Z5s=
251,-949,O2rXtSECwHXG3tCti1RfO2T6qCU=,6gqYV9DEps59k1lTHfSjkXk/Z5s=
241,-957,O2rXtSECwHXG3tCti1RfO2T6qCU=,6gqYV9DEps59k1lTHfSjkXk/Z5s=
249,-949,O2rXtSECwHXG3tCti1RfO2T6qCU=,6gqYV9DEps59k1lTHfSjkXk/Z5s=
248,-949,O2rXtSECwHXG3tCti1RfO2T6qCU=,6gqYV9DEps59k1lTHfSjkXk/Z5s=
247,-949,O2rXtSECwHXG3tCti1RfO2T6qCU=,6gqYV9DEps59k1lTHfSjkXk/Z5s=
251,-960,O2rXtSECwHXG3tCti1RfO2T6qCU=,6gqYV9DEps59k1lTHfSjkXk/Z5s=
246,-949,O2rXtSECwHXG3tCti1RfO2T6qCU=,6gqYV9DEps59k1lTHfSjkXk/Z5s=
245,-949,O2rXtSECwHXG3tCti1RfO2T6qCU=,6gqYV9DEps59k1lTHfSjkXk/Z5s=
242,-960,O2rXtSECwHXG3tCti1RfO2T6qCU=,6gqYV9DEps59k1lTHfSjkXk/Z5s=
244,-949,O2rXtSECwHXG3tCti1RfO2T6qCU=,6gqYV9DEps59k1lTHfSjkXk/Z5s=
243,-949,O2rXtSECwHXG3tCti1RfO2T6qCU=,6gqYV9DEps59k1lTHfSjkXk/Z5s=
241,-949,O2rXtSECwHXG3tCti1RfO2T6qCU=,6gqYV9DEps59k1lTHfSjkXk/Z5s=
242,-949,O2rXtSECwHXG3tCti1RfO2T6qCU=,6gqYV9DEps59k1lTHfSjkXk/Z5s=
240,-949,O2rXtSECwHXG3tCti1RfO2T6qCU=,6gqYV9DEps59k1lTHfSjkXk/Z5s=
255,-950,O2rXtSECwHXG3tCti1RfO2T6qCU=,6gqYV9DEps59k1lTHfSjkXk/Z5s=
254,-950,O2rXtSECwHXG3tCti1RfO2T6qCU=,6gqYV9DEps59k1lTHfSjkXk/Z5s=
242,-957,O2rXtSECwHXG3tCti1RfO2T6qCU=,6gqYV9DEps59k1lTHfSjkXk/Z5s=
252,-950,O2rXtSECwHXG3tCti1RfO2T6qCU=,6gqYV9DEps59k1lTHfSjkXk/Z5s=
253,-950,O2rXtSECwHXG3tCti1RfO2T6qCU=,6gqYV9DEps59k1lTHfSjkXk/Z5s=
251,-950,O2rXtSECwHXG3tCti1RfO2T6qCU=,6gqYV9DEps59k1lTHfSjkXk/Z5s=
250,-950,O2rXtSECwHXG3tCti1RfO2T6qCU=,6gqYV9DEps59k1lTHfSjkXk/Z5s=
250,-960,O2rXtSECwHXG3tCti1RfO2T6qCU=,6gqYV9DEps59k1lTHfSjkXk/Z5s=
243,-957,O2rXtSECwHXG3tCti1RfO2T6qCU=,6gqYV9DEps59k1lTHfSjkXk/Z5s=
248,-950,O2rXtSECwHXG3tCti1RfO2T6qCU=,6gqYV9DEps59k1lTHfSjkXk/Z5s=
249,-950,O2rXtSECwHXG3tCti1RfO2T6qCU=,6gqYV9DEps59k1lTHfSjkXk/Z5s=
246,-950,O2rXtSECwHXG3tCti1RfO2T6qCU=,6gqYV9DEps59k1lTHfSjkXk/Z5s=
245,-950,O2rXtSECwHXG3tCti1RfO2T6qCU=,6gqYV9DEps59k1lTHfSjkXk/Z5s=
247,-950,O2rXtSECwHXG3tCti1RfO2T6qCU=,6gqYV9DEps59k1lTHfSjkXk/Z5s=
244,-950,O2rXtSECwHXG3tCti1RfO2T6qCU=,6gqYV9DEps59k1lTHfSjkXk/Z5s=
244,-957,O2rXtSECwHXG3tCti1RfO2T6qCU=,6gqYV9DEps59k1lTHfSjkXk/Z5s=
243,-950,O2rXtSECwHXG3tCti1RfO2T6qCU=,6gqYV9DEps59k1lTHfSjkXk/Z5s=
242,-950,O2rXtSECwHXG3tCti1RfO2T6qCU=,6gqYV9DEps59k1lTHfSjkXk/Z5s=
241,-950,O2rXtSECwHXG3tCti1RfO2T6qCU=,6gqYV9DEps59k1lTHfSjkXk/Z5s=
240,-950,O2rXtSECwHXG3tCti1RfO2T6qCU=,6gqYV9DEps59k1lTHfSjkXk/Z5s=
255,-951,O2rXtSECwHXG3tCti1RfO2T6qCU=,6gqYV9DEps59k1lTHfSjkXk/Z5s=
254,-951,O2rXtSECwHXG3tCti1RfO2T6qCU=,6gqYV9DEps59k1lTHfSjkXk/Z5s=
253,-951,O2rXtSECwHXG3tCti1RfO2T6qCU=,6gqYV9DEps59k1lTHfSjkXk/Z5s=
245,-957,O2rXtSECwHXG3tCti1RfO2T6qCU=,6gqYV9DEps59k1lTHfSjkXk/Z5s=
252,-951,O2rXtSECwHXG3tCti1RfO2T6qCU=,6gqYV9DEps59k1lTHfSjkXk/Z5s=
251,-951,O2rXtSECwHXG3tCti1RfO2T6qCU=,6gqYV9DEps59k1lTHfSjkXk/Z5s=
250,-951,O2rXtSECwHXG3tCti1RfO2T6qCU=,6gqYV9DEps59k1lTHfSjkXk/Z5s=
249,-960,O2rXtSECwHXG3tCti1RfO2T6qCU=,6gqYV9DEps59k1lTHfSjkXk/Z5s=
248,-951,O2rXtSECwHXG3tCti1RfO2T6qCU=,6gqYV9DEps59k1lTHfSjkXk/Z5s=
246,-957,O2rXtSECwHXG3tCti1RfO2T6qCU=,6gqYV9DEps59k1lTHfSjkXk/Z5s=
249,-951,O2rXtSECwHXG3tCti1RfO2T6qCU=,6gqYV9DEps59k1lTHfSjkXk/Z5s=
247,-951,O2rXtSECwHXG3tCti1RfO2T6qCU=,6gqYV9DEps59k1lTHfSjkXk/Z5s=
245,-951,O2rXtSECwHXG3tCti1RfO2T6qCU=,6gqYV9DEps59k1lTHfSjkXk/Z5s=
246,-951,O2rXtSECwHXG3tCti1RfO2T6qCU=,6gqYV9DEps59k1lTHfSjkXk/Z5s=
244,-951,O2rXtSECwHXG3tCti1RfO2T6qCU=,6gqYV9DEps59k1lTHfSjkXk/Z5s=
247,-957,O2rXtSECwHXG3tCti1RfO2T6qCU=,6gqYV9DEps59k1lTHfSjkXk/Z5s=
243,-951,O2rXtSECwHXG3tCti1RfO2T6qCU=,6gqYV9DEps59k1lTHfSjkXk/Z5s=
240,-951,O2rXtSECwHXG3tCti1RfO2T6qCU=,6gqYV9DEps59k1lTHfSjkXk/Z5s=
255,-952,O2rXtSECwHXG3tCti1RfO2T6qCU=,6gqYV9DEps59k1lTHfSjkXk/Z5s=
241,-951,O2rXtSECwHXG3tCti1RfO2T6qCU=,6gqYV9DEps59k1lTHfSjkXk/Z5s=
242,-951,O2rXtSECwHXG3tCti1RfO2T6qCU=,6gqYV9DEps59k1lTHfSjkXk/Z5s=
248,-957,O2rXtSECwHXG3tCti1RfO2T6qCU=,6gqYV9DEps59k1lTHfSjkXk/Z5s=
254,-952,O2rXtSECwHXG3tCti1RfO2T6qCU=,6gqYV9DEps59k1lTHfSjkXk/Z5s=
253,-952,O2rXtSECwHXG3tCti1RfO2T6qCU=,6gqYV9DEps59k1lTHfSjkXk/Z5s=
252,-952,O2rXtSECwHXG3tCti1RfO2T6qCU=,6gqYV9DEps59k1lTHfSjkXk/Z5s=
248,-960,O2rXtSECwHXG3tCti1RfO2T6qCU=,6gqYV9DEps59k1lTHfSjkXk/Z5s=
251,-952,O2rXtSECwHXG3tCti1RfO2T6qCU=,6gqYV9DEps59k1lTHfSjkXk/Z5s=
250,-952,O2rXtSECwHXG3tCti1RfO2T6qCU=,6gqYV9DEps59k1lTHfSjkXk/Z5s=
249,-957,O2rXtSECwHXG3tCti1RfO2T6qCU=,6gqYV9DEps59k1lTHfSjkXk/Z5s=
248,-952,O2rXtSECwHXG3tCti1RfO2T6qCU=,6gqYV9DEps59k1lTHfSjkXk/Z5s=
249,-952,O2rXtSECwHXG3tCti1RfO2T6qCU=,6gqYV9DEps59k1lTHfSjkXk/Z5s=
247,-952,O2rXtSECwHXG3tCti1RfO2T6qCU=,6gqYV9DEps59k1lTHfSjkXk/Z5s=
246,-952,O2rXtSECwHXG3tCti1RfO2T6qCU=,6gqYV9DEps59k1lTHfSjkXk/Z5s=
245,-952,O2rXtSECwHXG3tCti1RfO2T6qCU=,6gqYV9DEps59k1lTHfSjkXk/Z5s=
250,-957,O2rXtSECwHXG3tCti1RfO2T6qCU=,6gqYV9DEps59k1lTHfSjkXk/Z5s=
244,-952,O2rXtSECwHXG3tCti1RfO2T6qCU=,6gqYV9DEps59k1lTHfSjkXk/Z5s=
242,-952,O2rXtSECwHXG3tCti1RfO2T6qCU=,6gqYV9DEps59k1lTHfSjkXk/Z5s=
241,-952,O2rXtSECwHXG3tCti1RfO2T6qCU=,6gqYV9DEps59k1lTHfSjkXk/Z5s=
243,-952,O2rXtSECwHXG3tCti1RfO2T6qCU=,6gqYV9DEps59k1lTHfSjkXk/Z5s=
255,-953,O2rXtSECwHXG3tCti1RfO2T6qCU=,6gqYV9DEps59k1lTHfSjkXk/Z5s=
240,-952,O2rXtSECwHXG3tCti1RfO2T6qCU=,6gqYV9DEps59k1lTHfSjkXk/Z5s=
251,-957,O2rXtSECwHXG3tCti1RfO2T6qCU=,6gqYV9DEps59k1lTHfSjkXk/Z5s=
254,-953,O2rXtSECwHXG3tCti1RfO2T6qCU=,6gqYV9DEps59k1lTHfSjkXk/Z5s=
247,-960,O2rXtSECwHXG3tCti1RfO2T6qCU=,6gqYV9DEps59k1lTHfSjkXk/Z5s=
252,-953,O2rXtSECwHXG3tCti1RfO2T6qCU=,6gqYV9DEps59k1lTHfSjkXk/Z5s=
253,-953,O2rXtSECwHXG3tCti1RfO2T6qCU=,6gqYV9DEps59k1lTHfSjkXk/Z5s=
252,-957,O2rXtSECwHXG3tCti1RfO2T6qCU=,6gqYV9DEps59k1lTHfSjkXk/Z5s=
251,-953,O2rXtSECwHXG3tCti1RfO2T6qCU=,6gqYV9DEps59k1lTHfSjkXk/Z5s=
249,-953,O2rXtSECwHXG3tCti1RfO2T6qCU=,6gqYV9DEps59k1lTHfSjkXk/Z5s=
248,-953,O2rXtSECwHXG3tCti1RfO2T6qCU=,6gqYV9DEps59k1lTHfSjkXk/Z5s=
250,-953,O2rXtSECwHXG3tCti1RfO2T6qCU=,6gqYV9DEps59k1lTHfSjkXk/Z5s=
247,-953,O2rXtSECwHXG3tCti1RfO2T6qCU=,6gqYV9DEps59k1lTHfSjkXk/Z5s=
245,-953,O2rXtSECwHXG3tCti1RfO2T6qCU=,6gqYV9DEps59k1lTHfSjkXk/Z5s=
253,-957,O2rXtSECwHXG3tCti1RfO2T6qCU=,6gqYV9DEps59k1lTHfSjkXk/Z5s=
244,-953,O2rXtSECwHXG3tCti1RfO2T6qCU=,6gqYV9DEps59k1lTHfSjkXk/Z5s=
243,-953,O2rXtSECwHXG3tCti1RfO2T6qCU=,6gqYV9DEps59k1lTHfSjkXk/Z5s=
241,-953,O2rXtSECwHXG3tCti1RfO2T6qCU=,6gqYV9DEps59k1lTHfSjkXk/Z5s=
242,-953,O2rXtSECwHXG3tCti1RfO2T6qCU=,6gqYV9DEps59k1lTHfSjkXk/Z5s=
240,-953,O2rXtSECwHXG3tCti1RfO2T6qCU=,6gqYV9DEps59k1lTHfSjkXk/Z5s=
254,-957,O2rXtSECwHXG3tCti1RfO2T6qCU=,6gqYV9DEps59k1lTHfSjkXk/Z5s=
255,-954,O2rXtSECwHXG3tCti1RfO2T6qCU=,6gqYV9DEps59k1lTHfSjkXk/Z5s=
246,-960,O2rXtSECwHXG3tCti1RfO2T6qCU=,6gqYV9DEps59k1lTHfSjkXk/Z5s=
254,-954,O2rXtSECwHXG3tCti1RfO2T6qCU=,6gqYV9DEps59k1lTHfSjkXk/Z5s=
253,-954,O2rXtSECwHXG3tCti1RfO2T6qCU=,6gqYV9DEps59k1lTHfSjkXk/Z5s=
246,-953,O2rXtSECwHXG3tCti1RfO2T6qCU=,6gqYV9DEps59k1lTHfSjkXk/Z5s=
252,-954,O2rXtSECwHXG3tCti1RfO2T6qCU=,6gqYV9DEps59k1lTHfSjkXk/Z5s=
255,-957,O2rXtSECwHXG3tCti1RfO2T6qCU=,6gqYV9DEps59k1lTHfSjkXk/Z5s=
251,-954,O2rXtSECwHXG3tCti1RfO2T6qCU=,6gqYV9DEps59k1lTHfSjkXk/Z5s=
250,-954,O2rXtSECwHXG3tCti1RfO2T6qCU=,6gqYV9DEps59k1lTHfSjkXk/Z5s=
249,-954,O2rXtSECwHXG3tCti1RfO2T6qCU=,6gqYV9DEps59k1lTHfSjkXk/Z5s=
248,-954,O2rXtSECwHXG3tCti1RfO2T6qCU=,6gqYV9DEps59k1lTHfSjkXk/Z5s=
240,-956,O2rXtSECwHXG3tCti1RfO2T6qCU=,6gqYV9DEps59k1lTHfSjkXk/Z5s=
247,-954,O2rXtSECwHXG3tCti1RfO2T6qCU=,6gqYV9DEps59k1lTHfSjkXk/Z5s=
246,-954,O2rXtSECwHXG3tCti1RfO2T6qCU=,6gqYV9DEps59k1lTHfSjkXk/Z5s=
245,-954,O2rXtSECwHXG3tCti1RfO2T6qCU=,6gqYV9DEps59k1lTHfSjkXk/Z5s=
244,-954,O2rXtSECwHXG3tCti1RfO2T6qCU=,6gqYV9DEps59k1lTHfSjkXk/Z5s=
243,-954,O2rXtSECwHXG3tCti1RfO2T6qCU=,6gqYV9DEps59k1lTHfSjkXk/Z5s=
242,-954,O2rXtSECwHXG3tCti1RfO2T6qCU=,6gqYV9DEps59k1lTHfSjkXk/Z5s=
241,-954,O2rXtSECwHXG3tCti1RfO2T6qCU=,6gqYV9DEps59k1lTHfSjkXk/Z5s=
243,-960,O2rXtSECwHXG3tCti1RfO2T6qCU=,6gqYV9DEps59k1lTHfSjkXk/Z5s=
240,-954,O2rXtSECwHXG3tCti1RfO2T6qCU=,6gqYV9DEps59k1lTHfSjkXk/Z5s=
245,-960,O2rXtSECwHXG3tCti1RfO2T6qCU=,6gqYV9DEps59k1lTHfSjkXk/Z5s=
254,-955,O2rXtSECwHXG3tCti1RfO2T6qCU=,6gqYV9DEps59k1lTHfSjkXk/Z5s=
255,-955,O2rXtSECwHXG3tCti1RfO2T6qCU=,6gqYV9DEps59k1lTHfSjkXk/Z5s=
253,-955,O2rXtSECwHXG3tCti1RfO2T6qCU=,6gqYV9DEps59k1lTHfSjkXk/Z5s=
252,-955,O2rXtSECwHXG3tCti1RfO2T6qCU=,6gqYV9DEps59k1lTHfSjkXk/Z5s=
241,-956,O2rXtSECwHXG3tCti1RfO2T6qCU=,6gqYV9DEps59k1lTHfSjkXk/Z5s=
251,-955,O2rXtSECwHXG3tCti1RfO2T6qCU=,6gqYV9DEps59k1lTHfSjkXk/Z5s=
250,-955,O2rXtSECwHXG3tCti1RfO2T6qCU=,6gqYV9DEps59k1lTHfSjkXk/Z5s=
248,-955,O2rXtSECwHXG3tCti1RfO2T6qCU=,6gqYV9DEps59k1lTHfSjkXk/Z5s=
247,-955,O2rXtSECwHXG3tCti1RfO2T6qCU=,6gqYV9DEps59k1lTHfSjkXk/Z5s=
249,-955,O2rXtSECwHXG3tCti1RfO2T6qCU=,6gqYV9DEps59k1lTHfSjkXk/Z5s=
242,-956,O2rXtSECwHXG3tCti1RfO2T6qCU=,6gqYV9DEps59k1lTHfSjkXk/Z5s=
246,-955,O2rXtSECwHXG3tCti1RfO2T6qCU=,6gqYV9DEps59k1lTHfSjkXk/Z5s=
245,-955,O2rXtSECwHXG3tCti1RfO2T6qCU=,6gqYV9DEps59k1lTHfSjkXk/Z5s=
244,-955,O2rXtSECwHXG3tCti1RfO2T6qCU=,6gqYV9DEps59k1lTHfSjkXk/Z5s=
242,-955,O2rXtSECwHXG3tCti1RfO2T6qCU=,6gqYV9DEps59k1lTHfSjkXk/Z5s=
243,-955,O2rXtSECwHXG3tCti1RfO2T6qCU=,6gqYV9DEps59k1lTHfSjkXk/Z5s=
241,-955,O2rXtSECwHXG3tCti1RfO2T6qCU=,6gqYV9DEps59k1lTHfSjkXk/Z5s=
243,-956,O2rXtSECwHXG3tCti1RfO2T6qCU=,6gqYV9DEps59k1lTHfSjkXk/Z5s=
240,-955,O2rXtSECwHXG3tCti1RfO2T6qCU=,6gqYV9DEps59k1lTHfSjkXk/Z5s=
255,-956,O2rXtSECwHXG3tCti1RfO2T6qCU=,6gqYV9DEps59k1lTHfSjkXk/Z5s=
244,-960,O2rXtSECwHXG3tCti1RfO2T6qCU=,6gqYV9DEps59k1lTHfSjkXk/Z5s=
254,-956,O2rXtSECwHXG3tCti1RfO2T6qCU=,6gqYV9DEps59k1lTHfSjkXk/Z5s=
244,-956,O2rXtSECwHXG3tCti1RfO2T6qCU=,6gqYV9DEps59k1lTHfSjkXk/Z5s=
251,-956,O2rXtSECwHXG3tCti1RfO2T6qCU=,6gqYV9DEps59k1lTHfSjkXk/Z5s=
252,-956,O2rXtSECwHXG3tCti1RfO2T6qCU=,6gqYV9DEps59k1lTHfSjkXk/Z5s=
253,-956,O2rXtSECwHXG3tCti1RfO2T6qCU=,6gqYV9DEps59k1lTHfSjkXk/Z5s=
250,-956,O2rXtSECwHXG3tCti1RfO2T6qCU=,6gqYV9DEps59k1lTHfSjkXk/Z5s=
249,-956,O2rXtSECwHXG3tCti1RfO2T6qCU=,6gqYV9DEps59k1lTHfSjkXk/Z5s=
245,-956,O2rXtSECwHXG3tCti1RfO2T6qCU=,6gqYV9DEps59k1lTHfSjkXk/Z5s=
248,-956,O2rXtSECwHXG3tCti1RfO2T6qCU=,6gqYV9DEps59k1lTHfSjkXk/Z5s=
246,-956,O2rXtSECwHXG3tCti1RfO2T6qCU=,6gqYV9DEps59k1lTHfSjkXk/Z5s=
247,-956,O2rXtSECwHXG3tCti1RfO2T6qCU=,6gqYV9DEps59k1lTHfSjkXk/Z5s=
228,-943,O2rXtSECwHXG3tCti1RfO2T6qCU=,6gqYV9DEps59k1lTHfSjkXk/Z5s=
229,-943,O2rXtSECwHXG3tCti1RfO2T6qCU=,6gqYV9DEps59k1lTHfSjkXk/Z5s=
227,-943,O2rXtSECwHXG3tCti1RfO2T6qCU=,6gqYV9DEps59k1lTHfSjkXk/Z5s=
225,-944,O2rXtSECwHXG3tCti1RfO2T6qCU=,6gqYV9DEps59k1lTHfSjkXk/Z5s=
230,-943,O2rXtSECwHXG3tCti1RfO2T6qCU=,6gqYV9DEps59k1lTHfSjkXk/Z5s=
232,-943,O2rXtSECwHXG3tCti1RfO2T6qCU=,6gqYV9DEps59k1lTHfSjkXk/Z5s=
231,-943,O2rXtSECwHXG3tCti1RfO2T6qCU=,6gqYV9DEps59k1lTHfSjkXk/Z5s=
233,-943,O2rXtSECwHXG3tCti1RfO2T6qCU=,6gqYV9DEps59k1lTHfSjkXk/Z5s=
234,-943,O2rXtSECwHXG3tCti1RfO2T6qCU=,6gqYV9DEps59k1lTHfSjkXk/Z5s=
235,-943,O2rXtSECwHXG3tCti1RfO2T6qCU=,6gqYV9DEps59k1lTHfSjkXk/Z5s=
226,-943,O2rXtSECwHXG3tCti1RfO2T6qCU=,6gqYV9DEps59k1lTHfSjkXk/Z5s=
236,-943,O2rXtSECwHXG3tCti1RfO2T6qCU=,6gqYV9DEps59k1lTHfSjkXk/Z5s=
237,-943,O2rXtSECwHXG3tCti1RfO2T6qCU=,6gqYV9DEps59k1lTHfSjkXk/Z5s=
225,-943,O2rXtSECwHXG3tCti1RfO2T6qCU=,6gqYV9DEps59k1lTHfSjkXk/Z5s=
238,-943,O2rXtSECwHXG3tCti1RfO2T6qCU=,6gqYV9DEps59k1lTHfSjkXk/Z5s=
239,-929,O2rXtSECwHXG3tCti1RfO2T6qCU=,6gqYV9DEps59k1lTHfSjkXk/Z5s=
239,-943,O2rXtSECwHXG3tCti1RfO2T6qCU=,6gqYV9DEps59k1lTHfSjkXk/Z5s=
238,-929,O2rXtSECwHXG3tCti1RfO2T6qCU=,6gqYV9DEps59k1lTHfSjkXk/Z5s=
224,-942,O2rXtSECwHXG3tCti1RfO2T6qCU=,6gqYV9DEps59k1lTHfSjkXk/Z5s=
226,-944,O2rXtSECwHXG3tCti1RfO2T6qCU=,6gqYV9DEps59k1lTHfSjkXk/Z5s=
237,-929,O2rXtSECwHXG3tCti1RfO2T6qCU=,6gqYV9DEps59k1lTHfSjkXk/Z5s=
236,-929,O2rXtSECwHXG3tCti1RfO2T6qCU=,6gqYV9DEps59k1lTHfSjkXk/Z5s=
225,-942,O2rXtSECwHXG3tCti1RfO2T6qCU=,6gqYV9DEps59k1lTHfSjkXk/Z5s=
235,-929,O2rXtSECwHXG3tCti1RfO2T6qCU=,6gqYV9DEps59k1lTHfSjkXk/Z5s=
226,-942,O2rXtSECwHXG3tCti1RfO2T6qCU=,6gqYV9DEps59k1lTHfSjkXk/Z5s=
227,-942,O2rXtSECwHXG3tCti1RfO2T6qCU=,6gqYV9DEps59k1lTHfSjkXk/Z5s=
234,-929,O2rXtSECwHXG3tCti1RfO2T6qCU=,6gqYV9DEps59k1lTHfSjkXk/Z5s=
228,-942,O2rXtSECwHXG3tCti1RfO2T6qCU=,6gqYV9DEps59k1lTHfSjkXk/Z5s=
233,-929,O2rXtSECwHXG3tCti1RfO2T6qCU=,6gqYV9DEps59k1lTHfSjkXk/Z5s=
229,-942,O2rXtSECwHXG3tCti1RfO2T6qCU=,6gqYV9DEps59k1lTHfSjkXk/Z5s=
232,-929,O2rXtSECwHXG3tCti1RfO2T6qCU=,6gqYV9DEps59k1lTHfSjkXk/Z5s=
230,-942,O2rXtSECwHXG3tCti1RfO2T6qCU=,6gqYV9DEps59k1lTHfSjkXk/Z5s=
231,-929,O2rXtSECwHXG3tCti1RfO2T6qCU=,6gqYV9DEps59k1lTHfSjkXk/Z5s=
231,-942,O2rXtSECwHXG3tCti1RfO2T6qCU=,6gqYV9DEps59k1lTHfSjkXk/Z5s=
230,-929,O2rXtSECwHXG3tCti1RfO2T6qCU=,6gqYV9DEps59k1lTHfSjkXk/Z5s=
232,-942,O2rXtSECwHXG3tCti1RfO2T6qCU=,6gqYV9DEps59k1lTHfSjkXk/Z5s=
229,-929,O2rXtSECwHXG3tCti1RfO2T6qCU=,6gqYV9DEps59k1lTHfSjkXk/Z5s=
233,-942,O2rXtSECwHXG3tCti1RfO2T6qCU=,6gqYV9DEps59k1lTHfSjkXk/Z5s=
228,-929,O2rXtSECwHXG3tCti1RfO2T6qCU=,6gqYV9DEps59k1lTHfSjkXk/Z5s=
234,-942,O2rXtSECwHXG3tCti1RfO2T6qCU=,6gqYV9DEps59k1lTHfSjkXk/Z5s=
227,-929,O2rXtSECwHXG3tCti1RfO2T6qCU=,6gqYV9DEps59k1lTHfSjkXk/Z5s=
235,-942,O2rXtSECwHXG3tCti1RfO2T6qCU=,6gqYV9DEps59k1lTHfSjkXk/Z5s=
226,-929,O2rXtSECwHXG3tCti1RfO2T6qCU=,6gqYV9DEps59k1lTHfSjkXk/Z5s=
236,-942,O2rXtSECwHXG3tCti1RfO2T6qCU=,6gqYV9DEps59k1lTHfSjkXk/Z5s=
225,-929,O2rXtSECwHXG3tCti1RfO2T6qCU=,6gqYV9DEps59k1lTHfSjkXk/Z5s=
237,-942,O2rXtSECwHXG3tCti1RfO2T6qCU=,6gqYV9DEps59k1lTHfSjkXk/Z5s=
224,-929,O2rXtSECwHXG3tCti1RfO2T6qCU=,6gqYV9DEps59k1lTHfSjkXk/Z5s=
238,-942,O2rXtSECwHXG3tCti1RfO2T6qCU=,6gqYV9DEps59k1lTHfSjkXk/Z5s=
224,-943,O2rXtSECwHXG3tCti1RfO2T6qCU=,6gqYV9DEps59k1lTHfSjkXk/Z5s=
239,-942,O2rXtSECwHXG3tCti1RfO2T6qCU=,6gqYV9DEps59k1lTHfSjkXk/Z5s=
239,-930,O2rXtSECwHXG3tCti1RfO2T6qCU=,6gqYV9DEps59k1lTHfSjkXk/Z5s=
227,-944,O2rXtSECwHXG3tCti1RfO2T6qCU=,6gqYV9DEps59k1lTHfSjkXk/Z5s=
239,-944,O2rXtSECwHXG3tCti1RfO2T6qCU=,6gqYV9DEps59k1lTHfSjkXk/Z5s=
224,-941,O2rXtSECwHXG3tCti1RfO2T6qCU=,6gqYV9DEps59k1lTHfSjkXk/Z5s=
238,-930,O2rXtSECwHXG3tCti1RfO2T6qCU=,6gqYV9DEps59k1lTHfSjkXk/Z5s=
225,-941,O2rXtSECwHXG3tCti1RfO2T6qCU=,6gqYV9DEps59k1lTHfSjkXk/Z5s=
237,-930,O2rXtSECwHXG3tCti1RfO2T6qCU=,6gqYV9DEps59k1lTHfSjkXk/Z5s=
226,-941,O2rXtSECwHXG3tCti1RfO2T6qCU=,6gqYV9DEps59k1lTHfSjkXk/Z5s=
236,-930,O2rXtSECwHXG3tCti1RfO2T6qCU=,6gqYV9DEps59k1lTHfSjkXk/Z5s=
227,-941,O2rXtSECwHXG3tCti1RfO2T6qCU=,6gqYV9DEps59k1lTHfSjkXk/Z5s=
235,-930,O2rXtSECwHXG3tCti1RfO2T6qCU=,6gqYV9DEps59k1lTHfSjkXk/Z5s=
228,-941,O2rXtSECwHXG3tCti1RfO2T6qCU=,6gqYV9DEps59k1lTHfSjkXk/Z5s=
229,-941,O2rXtSECwHXG3tCti1RfO2T6qCU=,6gqYV9DEps59k1lTHfSjkXk/Z5s=
234,-930,O2rXtSECwHXG3tCti1RfO2T6qCU=,6gqYV9DEps59k1lTHfSjkXk/Z5s=
230,-941,O2rXtSECwHXG3tCti1RfO2T6qCU=,6gqYV9DEps59k1lTHfSjkXk/Z5s=
233,-930,O2rXtSECwHXG3tCti1RfO2T6qCU=,6gqYV9DEps59k1lTHfSjkXk/Z5s=
231,-941,O2rXtSECwHXG3tCti1RfO2T6qCU=,6gqYV9DEps59k1lTHfSjkXk/Z5s=
232,-930,O2rXtSECwHXG3tCti1RfO2T6qCU=,6gqYV9DEps59k1lTHfSjkXk/Z5s=
232,-941,O2rXtSECwHXG3tCti1RfO2T6qCU=,6gqYV9DEps59k1lTHfSjkXk/Z5s=
231,-930,O2rXtSECwHXG3tCti1RfO2T6qCU=,6gqYV9DEps59k1lTHfSjkXk/Z5s=
233,-941,O2rXtSECwHXG3tCti1RfO2T6qCU=,6gqYV9DEps59k1lTHfSjkXk/Z5s=
234,-941,O2rXtSECwHXG3tCti1RfO2T6qCU=,6gqYV9DEps59k1lTHfSjkXk/Z5s=
230,-930,O2rXtSECwHXG3tCti1RfO2T6qCU=,6gqYV9DEps59k1lTHfSjkXk/Z5s=
229,-930,O2rXtSECwHXG3tCti1RfO2T6qCU=,6gqYV9DEps59k1lTHfSjkXk/Z5s=
235,-941,O2rXtSECwHXG3tCti1RfO2T6qCU=,6gqYV9DEps59k1lTHfSjkXk/Z5s=
236,-941,O2rXtSECwHXG3tCti1RfO2T6qCU=,6gqYV9DEps59k1lTHfSjkXk/Z5s=
228,-930,O2rXtSECwHXG3tCti1RfO2T6qCU=,6gqYV9DEps59k1lTHfSjkXk/Z5s=
237,-941,O2rXtSECwHXG3tCti1RfO2T6qCU=,6gqYV9DEps59k1lTHfSjkXk/Z5s=
224,-944,O2rXtSECwHXG3tCti1RfO2T6qCU=,6gqYV9DEps59k1lTHfSjkXk/Z5s=
238,-941,O2rXtSECwHXG3tCti1RfO2T6qCU=,6gqYV9DEps59k1lTHfSjkXk/Z5s=
227,-930,O2rXtSECwHXG3tCti1RfO2T6qCU=,6gqYV9DEps59k1lTHfSjkXk/Z5s=
228,-944,O2rXtSECwHXG3tCti1RfO2T6qCU=,6gqYV9DEps59k1lTHfSjkXk/Z5s=
226,-930,O2rXtSECwHXG3tCti1RfO2T6qCU=,6gqYV9DEps59k1lTHfSjkXk/Z5s=
239,-941,O2rXtSECwHXG3tCti1RfO2T6qCU=,6gqYV9DEps59k1lTHfSjkXk/Z5s=
225,-930,O2rXtSECwHXG3tCti1RfO2T6qCU=,6gqYV9DEps59k1lTHfSjkXk/Z5s=
224,-940,O2rXtSECwHXG3tCti1RfO2T6qCU=,6gqYV9DEps59k1lTHfSjkXk/Z5s=
224,-930,O2rXtSECwHXG3tCti1RfO2T6qCU=,6gqYV9DEps59k1lTHfSjkXk/Z5s=
225,-940,O2rXtSECwHXG3tCti1RfO2T6qCU=,6gqYV9DEps59k1lTHfSjkXk/Z5s=
239,-931,O2rXtSECwHXG3tCti1RfO2T6qCU=,6gqYV9DEps59k1lTHfSjkXk/Z5s=
226,-940,O2rXtSECwHXG3tCti1RfO2T6qCU=,6gqYV9DEps59k1lTHfSjkXk/Z5s=
238,-931,O2rXtSECwHXG3tCti1RfO2T6qCU=,6gqYV9DEps59k1lTHfSjkXk/Z5s=
227,-940,O2rXtSECwHXG3tCti1RfO2T6qCU=,6gqYV9DEps59k1lTHfSjkXk/Z5s=
237,-931,O2rXtSECwHXG3tCti1RfO2T6qCU=,6gqYV9DEps59k1lTHfSjkXk/Z5s=
228,-940,O2rXtSECwHXG3tCti1RfO2T6qCU=,6gqYV9DEps59k1lTHfSjkXk/Z5s=
236,-931,O2rXtSECwHXG3tCti1RfO2T6qCU=,6gqYV9DEps59k1lTHfSjkXk/Z5s=
229,-940,O2rXtSECwHXG3tCti1RfO2T6qCU=,6gqYV9DEps59k1lTHfSjkXk/Z5s=
235,-931,O2rXtSECwHXG3tCti1RfO2T6qCU=,6gqYV9DEps59k1lTHfSjkXk/Z5s=
230,-940,O2rXtSECwHXG3tCti1RfO2T6qCU=,6gqYV9DEps59k1lTHfSjkXk/Z5s=
234,-931,O2rXtSECwHXG3tCti1RfO2T6qCU=,6gqYV9DEps59k1lTHfSjkXk/Z5s=
231,-940,O2rXtSECwHXG3tCti1RfO2T6qCU=,6gqYV9DEps59k1lTHfSjkXk/Z5s=
233,-931,O2rXtSECwHXG3tCti1RfO2T6qCU=,6gqYV9DEps59k1lTHfSjkXk/Z5s=
232,-940,O2rXtSECwHXG3tCti1RfO2T6qCU=,6gqYV9DEps59k1lTHfSjkXk/Z5s=
232,-931,O2rXtSECwHXG3tCti1RfO2T6qCU=,6gqYV9DEps59k1lTHfSjkXk/Z5s=
233,-940,O2rXtSECwHXG3tCti1RfO2T6qCU=,6gqYV9DEps59k1lTHfSjkXk/Z5s=
231,-931,O2rXtSECwHXG3tCti1RfO2T6qCU=,6gqYV9DEps59k1lTHfSjkXk/Z5s=
234,-940,O2rXtSECwHXG3tCti1RfO2T6qCU=,6gqYV9DEps59k1lTHfSjkXk/Z5s=
230,-931,O2rXtSECwHXG3tCti1RfO2T6qCU=,6gqYV9DEps59k1lTHfSjkXk/Z5s=
235,-940,O2rXtSECwHXG3tCti1RfO2T6qCU=,6gqYV9DEps59k1lTHfSjkXk/Z5s=
229,-931,O2rXtSECwHXG3tCti1RfO2T6qCU=,6gqYV9DEps59k1lTHfSjkXk/Z5s=
236,-940,O2rXtSECwHXG3tCti1RfO2T6qCU=,6gqYV9DEps59k1lTHfSjkXk/Z5s=
238,-944,O2rXtSECwHXG3tCti1RfO2T6qCU=,6gqYV9DEps59k1lTHfSjkXk/Z5s=
237,-940,O2rXtSECwHXG3tCti1RfO2T6qCU=,6gqYV9DEps59k1lTHfSjkXk/Z5s=
228,-931,O2rXtSECwHXG3tCti1RfO2T6qCU=,6gqYV9DEps59k1lTHfSjkXk/Z5s=
229,-944,O2rXtSECwHXG3tCti1RfO2T6qCU=,6gqYV9DEps59k1lTHfSjkXk/Z5s=
227,-931,O2rXtSECwHXG3tCti1RfO2T6qCU=,6gqYV9DEps59k1lTHfSjkXk/Z5s=
238,-940,O2rXtSECwHXG3tCti1RfO2T6qCU=,6gqYV9DEps59k1lTHfSjkXk/Z5s=
226,-931,O2rXtSECwHXG3tCti1RfO2T6qCU=,6gqYV9DEps59k1lTHfSjkXk/Z5s=
239,-940,O2rXtSECwHXG3tCti1RfO2T6qCU=,6gqYV9DEps59k1lTHfSjkXk/Z5s=
225,-931,O2rXtSECwHXG3tCti1RfO2T6qCU=,6gqYV9DEps59k1lTHfSjkXk/Z5s=
224,-939,O2rXtSECwHXG3tCti1RfO2T6qCU=,6gqYV9DEps59k1lTHfSjkXk/Z5s=
224,-931,O2rXtSECwHXG3tCti1RfO2T6qCU=,6gqYV9DEps59k1lTHfSjkXk/Z5s=
225,-939,O2rXtSECwHXG3tCti1RfO2T6qCU=,6gqYV9DEps59k1lTHfSjkXk/Z5s=
239,-932,O2rXtSECwHXG3tCti1RfO2T6qCU=,6gqYV9DEps59k1lTHfSjkXk/Z5s=
226,-939,O2rXtSECwHXG3tCti1RfO2T6qCU=,6gqYV9DEps59k1lTHfSjkXk/Z5s=
238,-932,O2rXtSECwHXG3tCti1RfO2T6qCU=,6gqYV9DEps59k1lTHfSjkXk/Z5s=
227,-939,O2rXtSECwHXG3tCti1RfO2T6qCU=,6gqYV9DEps59k1lTHfSjkXk/Z5s=
237,-932,O2rXtSECwHXG3tCti1RfO2T6qCU=,6gqYV9DEps59k1lTHfSjkXk/Z5s=
228,-939,O2rXtSECwHXG3tCti1RfO2T6qCU=,6gqYV9DEps59k1lTHfSjkXk/Z5s=
236,-932,O2rXtSECwHXG3tCti1RfO2T6qCU=,6gqYV9DEps59k1lTHfSjkXk/Z5s=
229,-939,O2rXtSECwHXG3tCti1RfO2T6qCU=,6gqYV9DEps59k1lTHfSjkXk/Z5s=
235,-932,O2rXtSECwHXG3tCti1RfO2T6qCU=,6gqYV9DEps59k1lTHfSjkXk/Z5s=
230,-939,O2rXtSECwHXG3tCti1RfO2T6qCU=,6gqYV9DEps59k1lTHfSjkXk/Z5s=
234,-932,O2rXtSECwHXG3tCti1RfO2T6qCU=,6gqYV9DEps59k1lTHfSjkXk/Z5s=
231,-939,O2rXtSECwHXG3tCti1RfO2T6qCU=,6gqYV9DEps59k1lTHfSjkXk/Z5s=
233,-932,O2rXtSECwHXG3tCti1RfO2T6qCU=,6gqYV9DEps59k1lTHfSjkXk/Z5s=
232,-939,O2rXtSECwHXG3tCti1RfO2T6qCU=,6gqYV9DEps59k1lTHfSjkXk/Z5s=
232,-932,O2rXtSECwHXG3tCti1RfO2T6qCU=,6gqYV9DEps59k1lTHfSjkXk/Z5s=
233,-939,O2rXtSECwHXG3tCti1RfO2T6qCU=,6gqYV9DEps59k1lTHfSjkXk/Z5s=
231,-932,O2rXtSECwHXG3tCti1RfO2T6qCU=,6gqYV9DEps59k1lTHfSjkXk/Z5s=
234,-939,O2rXtSECwHXG3tCti1RfO2T6qCU=,6gqYV9DEps59k1lTHfSjkXk/Z5s=
230,-932,O2rXtSECwHXG3tCti1RfO2T6qCU=,6gqYV9DEps59k1lTHfSjkXk/Z5s=
235,-939,O2rXtSECwHXG3tCti1RfO2T6qCU=,6gqYV9DEps59k1lTHfSjkXk/Z5s=
237,-944,O2rXtSECwHXG3tCti1RfO2T6qCU=,6gqYV9DEps59k1lTHfSjkXk/Z5s=
236,-939,O2rXtSECwHXG3tCti1RfO2T6qCU=,6gqYV9DEps59k1lTHfSjkXk/Z5s=
229,-932,O2rXtSECwHXG3tCti1RfO2T6qCU=,6gqYV9DEps59k1lTHfSjkXk/Z5s=
230,-944,O2rXtSECwHXG3tCti1RfO2T6qCU=,6gqYV9DEps59k1lTHfSjkXk/Z5s=
228,-932,O2rXtSECwHXG3tCti1RfO2T6qCU=,6gqYV9DEps59k1lTHfSjkXk/Z5s=
237,-939,O2rXtSECwHXG3tCti1RfO2T6qCU=,6gqYV9DEps59k1lTHfSjkXk/Z5s=
227,-932,O2rXtSECwHXG3tCti1RfO2T6qCU=,6gqYV9DEps59k1lTHfSjkXk/Z5s=
238,-939,O2rXtSECwHXG3tCti1RfO2T6qCU=,6gqYV9DEps59k1lTHfSjkXk/Z5s=
226,-932,O2rXtSECwHXG3tCti1RfO2T6qCU=,6gqYV9DEps59k1lTHfSjkXk/Z5s=
239,-939,O2rXtSECwHXG3tCti1RfO2T6qCU=,6gqYV9DEps59k1lTHfSjkXk/Z5s=
225,-932,O2rXtSECwHXG3tCti1RfO2T6qCU=,6gqYV9DEps59k1lTHfSjkXk/Z5s=
224,-938,O2rXtSECwHXG3tCti1RfO2T6qCU=,6gqYV9DEps59k1lTHfSjkXk/Z5s=
224,-932,O2rXtSECwHXG3tCti1RfO2T6qCU=,6gqYV9DEps59k1lTHfSjkXk/Z5s=
239,-933,O2rXtSECwHXG3tCti1RfO2T6qCU=,6gqYV9DEps59k1lTHfSjkXk/Z5s=
225,-938,O2rXtSECwHXG3tCti1RfO2T6qCU=,6gqYV9DEps59k1lTHfSjkXk/Z5s=
238,-933,O2rXtSECwHXG3tCti1RfO2T6qCU=,6gqYV9DEps59k1lTHfSjkXk/Z5s=
226,-938,O2rXtSECwHXG3tCti1RfO2T6qCU=,6gqYV9DEps59k1lTHfSjkXk/Z5s=
237,-933,O2rXtSECwHXG3tCti1RfO2T6qCU=,6gqYV9DEps59k1lTHfSjkXk/Z5s=
227,-938,O2rXtSECwHXG3tCti1RfO2T6qCU=,6gqYV9DEps59k1lTHfSjkXk/Z5s=
236,-933,O2rXtSECwHXG3tCti1RfO2T6qCU=,6gqYV9DEps59k1lTHfSjkXk/Z5s=
228,-938,O2rXtSECwHXG3tCti1RfO2T6qCU=,6gqYV9DEps59k1lTHfSjkXk/Z5s=
235,-933,O2rXtSECwHXG3tCti1RfO2T6qCU=,6gqYV9DEps59k1lTHfSjkXk/Z5s=
229,-938,O2rXtSECwHXG3tCti1RfO2T6qCU=,6gqYV9DEps59k1lTHfSjkXk/Z5s=
234,-933,O2rXtSECwHXG3tCti1RfO2T6qCU=,6gqYV9DEps59k1lTHfSjkXk/Z5s=
230,-938,O2rXtSECwHXG3tCti1RfO2T6qCU=,6gqYV9DEps59k1lTHfSjkXk/Z5s=
233,-933,O2rXtSECwHXG3tCti1RfO2T6qCU=,6gqYV9DEps59k1lTHfSjkXk/Z5s=
231,-938,O2rXtSECwHXG3tCti1RfO2T6qCU=,6gqYV9DEps59k1lTHfSjkXk/Z5s=
232,-933,O2rXtSECwHXG3tCti1RfO2T6qCU=,6gqYV9DEps59k1lTHfSjkXk/Z5s=
232,-938,O2rXtSECwHXG3tCti1RfO2T6qCU=,6gqYV9DEps59k1lTHfSjkXk/Z5s=
231,-933,O2rXtSECwHXG3tCti1RfO2T6qCU=,6gqYV9DEps59k1lTHfSjkXk/Z5s=
233,-938,O2rXtSECwHXG3tCti1RfO2T6qCU=,6gqYV9DEps59k1lTHfSjkXk/Z5s=
236,-944,O2rXtSECwHXG3tCti1RfO2T6qCU=,6gqYV9DEps59k1lTHfSjkXk/Z5s=
234,-938,O2rXtSECwHXG3tCti1RfO2T6qCU=,6gqYV9DEps59k1lTHfSjkXk/Z5s=
230,-933,O2rXtSECwHXG3tCti1RfO2T6qCU=,6gqYV9DEps59k1lTHfSjkXk/Z5s=
235,-938,O2rXtSECwHXG3tCti1RfO2T6qCU=,6gqYV9DEps59k1lTHfSjkXk/Z5s=
229,-933,O2rXtSECwHXG3tCti1RfO2T6qCU=,6gqYV9DEps59k1lTHfSjkXk/Z5s=
231,-944,O2rXtSECwHXG3tCti1RfO2T6qCU=,6gqYV9DEps59k1lTHfSjkXk/Z5s=
228,-933,O2rXtSECwHXG3tCti1RfO2T6qCU=,6gqYV9DEps59k1lTHfSjkXk/Z5s=
236,-938,O2rXtSECwHXG3tCti1RfO2T6qCU=,6gqYV9DEps59k1lTHfSjkXk/Z5s=
227,-933,O2rXtSECwHXG3tCti1RfO2T6qCU=,6gqYV9DEps59k1lTHfSjkXk/Z5s=
237,-938,O2rXtSECwHXG3tCti1RfO2T6qCU=,6gqYV9DEps59k1lTHfSjkXk/Z5s=
226,-933,O2rXtSECwHXG3tCti1RfO2T6qCU=,6gqYV9DEps59k1lTHfSjkXk/Z5s=
238,-938,O2rXtSECwHXG3tCti1RfO2T6qCU=,6gqYV9DEps59k1lTHfSjkXk/Z5s=
225,-933,O2rXtSECwHXG3tCti1RfO2T6qCU=,6gqYV9DEps59k1lTHfSjkXk/Z5s=
239,-938,O2rXtSECwHXG3tCti1RfO2T6qCU=,6gqYV9DEps59k1lTHfSjkXk/Z5s=
224,-933,O2rXtSECwHXG3tCti1RfO2T6qCU=,6gqYV9DEps59k1lTHfSjkXk/Z5s=
224,-937,O2rXtSECwHXG3tCti1RfO2T6qCU=,6gqYV9DEps59k1lTHfSjkXk/Z5s=
239,-934,O2rXtSECwHXG3tCti1RfO2T6qCU=,6gqYV9DEps59k1lTHfSjkXk/Z5s=
225,-937,O2rXtSECwHXG3tCti1RfO2T6qCU=,6gqYV9DEps59k1lTHfSjkXk/Z5s=
238,-934,O2rXtSECwHXG3tCti1RfO2T6qCU=,6gqYV9DEps59k1lTHfSjkXk/Z5s=
226,-937,O2rXtSECwHXG3tCti1RfO2T6qCU=,6gqYV9DEps59k1lTHfSjkXk/Z5s=
237,-934,O2rXtSECwHXG3tCti1RfO2T6qCU=,6gqYV9DEps59k1lTHfSjkXk/Z5s=
227,-937,O2rXtSECwHXG3tCti1RfO2T6qCU=,6gqYV9DEps59k1lTHfSjkXk/Z5s=
236,-934,O2rXtSECwHXG3tCti1RfO2T6qCU=,6gqYV9DEps59k1lTHfSjkXk/Z5s=
228,-937,O2rXtSECwHXG3tCti1RfO2T6qCU=,6gqYV9DEps59k1lTHfSjkXk/Z5s=
235,-934,O2rXtSECwHXG3tCti1RfO2T6qCU=,6gqYV9DEps59k1lTHfSjkXk/Z5s=
229,-937,O2rXtSECwHXG3tCti1RfO2T6qCU=,6gqYV9DEps59k1lTHfSjkXk/Z5s=
234,-934,O2rXtSECwHXG3tCti1RfO2T6qCU=,6gqYV9DEps59k1lTHfSjkXk/Z5s=
230,-937,O2rXtSECwHXG3tCti1RfO2T6qCU=,6gqYV9DEps59k1lTHfSjkXk/Z5s=
233,-934,O2rXtSECwHXG3tCti1RfO2T6qCU=,6gqYV9DEps59k1lTHfSjkXk/Z5s=
231,-937,O2rXtSECwHXG3tCti1RfO2T6qCU=,6gqYV9DEps59k1lTHfSjkXk/Z5s=
232,-934,O2rXtSECwHXG3tCti1RfO2T6qCU=,6gqYV9DEps59k1lTHfSjkXk/Z5s=
232,-937,O2rXtSECwHXG3tCti1RfO2T6qCU=,6gqYV9DEps59k1lTHfSjkXk/Z5s=
235,-944,O2rXtSECwHXG3tCti1RfO2T6qCU=,6gqYV9DEps59k1lTHfSjkXk/Z5s=
231,-934,O2rXtSECwHXG3tCti1RfO2T6qCU=,6gqYV9DEps59k1lTHfSjkXk/Z5s=
233,-937,O2rXtSECwHXG3tCti1RfO2T6qCU=,6gqYV9DEps59k1lTHfSjkXk/Z5s=
230,-934,O2rXtSECwHXG3tCti1RfO2T6qCU=,6gqYV9DEps59k1lTHfSjkXk/Z5s=
234,-937,O2rXtSECwHXG3tCti1RfO2T6qCU=,6gqYV9DEps59k1lTHfSjkXk/Z5s=
229,-934,O2rXtSECwHXG3tCti1RfO2T6qCU=,6gqYV9DEps59k1lTHfSjkXk/Z5s=
232,-944,O2rXtSECwHXG3tCti1RfO2T6qCU=,6gqYV9DEps59k1lTHfSjkXk/Z5s=
228,-934,O2rXtSECwHXG3tCti1RfO2T6qCU=,6gqYV9DEps59k1lTHfSjkXk/Z5s=
235,-937,O2rXtSECwHXG3tCti1RfO2T6qCU=,6gqYV9DEps59k1lTHfSjkXk/Z5s=
227,-934,O2rXtSECwHXG3tCti1RfO2T6qCU=,6gqYV9DEps59k1lTHfSjkXk/Z5s=
236,-937,O2rXtSECwHXG3tCti1RfO2T6qCU=,6gqYV9DEps59k1lTHfSjkXk/Z5s=
226,-934,O2rXtSECwHXG3tCti1RfO2T6qCU=,6gqYV9DEps59k1lTHfSjkXk/Z5s=
237,-937,O2rXtSECwHXG3tCti1RfO2T6qCU=,6gqYV9DEps59k1lTHfSjkXk/Z5s=
225,-934,O2rXtSECwHXG3tCti1RfO2T6qCU=,6gqYV9DEps59k1lTHfSjkXk/Z5s=
238,-937,O2rXtSECwHXG3tCti1RfO2T6qCU=,6gqYV9DEps59k1lTHfSjkXk/Z5s=
224,-934,O2rXtSECwHXG3tCti1RfO2T6qCU=,6gqYV9DEps59k1lTHfSjkXk/Z5s=
239,-937,O2rXtSECwHXG3tCti1RfO2T6qCU=,6gqYV9DEps59k1lTHfSjkXk/Z5s=
239,-935,O2rXtSECwHXG3tCti1RfO2T6qCU=,6gqYV9DEps59k1lTHfSjkXk/Z5s=
224,-936,O2rXtSECwHXG3tCti1RfO2T6qCU=,6gqYV9DEps59k1lTHfSjkXk/Z5s=
238,-935,O2rXtSECwHXG3tCti1RfO2T6qCU=,6gqYV9DEps59k1lTHfSjkXk/Z5s=
225,-936,O2rXtSECwHXG3tCti1RfO2T6qCU=,6gqYV9DEps59k1lTHfSjkXk/Z5s=
237,-935,O2rXtSECwHXG3tCti1RfO2T6qCU=,6gqYV9DEps59k1lTHfSjkXk/Z5s=
226,-936,O2rXtSECwHXG3tCti1RfO2T6qCU=,6gqYV9DEps59k1lTHfSjkXk/Z5s=
236,-935,O2rXtSECwHXG3tCti1RfO2T6qCU=,6gqYV9DEps59k1lTHfSjkXk/Z5s=
227,-936,O2rXtSECwHXG3tCti1RfO2T6qCU=,6gqYV9DEps59k1lTHfSjkXk/Z5s=
235,-935,O2rXtSECwHXG3tCti1RfO2T6qCU=,6gqYV9DEps59k1lTHfSjkXk/Z5s=
228,-936,O2rXtSECwHXG3tCti1RfO2T6qCU=,6gqYV9DEps59k1lTHfSjkXk/Z5s=
234,-935,O2rXtSECwHXG3tCti1RfO2T6qCU=,6gqYV9DEps59k1lTHfSjkXk/Z5s=
229,-936,O2rXtSECwHXG3tCti1RfO2T6qCU=,6gqYV9DEps59k1lTHfSjkXk/Z5s=
233,-935,O2rXtSECwHXG3tCti1RfO2T6qCU=,6gqYV9DEps59k1lTHfSjkXk/Z5s=
230,-936,O2rXtSECwHXG3tCti1RfO2T6qCU=,6gqYV9DEps59k1lTHfSjkXk/Z5s=
234,-944,O2rXtSECwHXG3tCti1RfO2T6qCU=,6gqYV9DEps59k1lTHfSjkXk/Z5s=
231,-936,O2rXtSECwHXG3tCti1RfO2T6qCU=,6gqYV9DEps59k1lTHfSjkXk/Z5s=
232,-935,O2rXtSECwHXG3tCti1RfO2T6qCU=,6gqYV9DEps59k1lTHfSjkXk/Z5s=
232,-936,O2rXtSECwHXG3tCti1RfO2T6qCU=,6gqYV9DEps59k1lTHfSjkXk/Z5s=
231,-935,O2rXtSECwHXG3tCti1RfO2T6qCU=,6gqYV9DEps59k1lTHfSjkXk/Z5s=
233,-936,O2rXtSECwHXG3tCti1RfO2T6qCU=,6gqYV9DEps59k1lTHfSjkXk/Z5s=
230,-935,O2rXtSECwHXG3tCti1RfO2T6qCU=,6gqYV9DEps59k1lTHfSjkXk/Z5s=
233,-944,O2rXtSECwHXG3tCti1RfO2T6qCU=,6gqYV9DEps59k1lTHfSjkXk/Z5s=
229,-935,O2rXtSECwHXG3tCti1RfO2T6qCU=,6gqYV9DEps59k1lTHfSjkXk/Z5s=
234,-936,O2rXtSECwHXG3tCti1RfO2T6qCU=,6gqYV9DEps59k1lTHfSjkXk/Z5s=
228,-935,O2rXtSECwHXG3tCti1RfO2T6qCU=,6gqYV9DEps59k1lTHfSjkXk/Z5s=
235,-936,O2rXtSECwHXG3tCti1RfO2T6qCU=,6gqYV9DEps59k1lTHfSjkXk/Z5s=
227,-935,O2rXtSECwHXG3tCti1RfO2T6qCU=,6gqYV9DEps59k1lTHfSjkXk/Z5s=
236,-936,O2rXtSECwHXG3tCti1RfO2T6qCU=,6gqYV9DEps59k1lTHfSjkXk/Z5s=
226,-935,O2rXtSECwHXG3tCti1RfO2T6qCU=,6gqYV9DEps59k1lTHfSjkXk/Z5s=
237,-936,O2rXtSECwHXG3tCti1RfO2T6qCU=,6gqYV9DEps59k1lTHfSjkXk/Z5s=
225,-935,O2rXtSECwHXG3tCti1RfO2T6qCU=,6gqYV9DEps59k1lTHfSjkXk/Z5s=
238,-936,O2rXtSECwHXG3tCti1RfO2T6qCU=,6gqYV9DEps59k1lTHfSjkXk/Z5s=
224,-935,O2rXtSECwHXG3tCti1RfO2T6qCU=,6gqYV9DEps59k1lTHfSjkXk/Z5s=
239,-936,O2rXtSECwHXG3tCti1RfO2T6qCU=,6gqYV9DEps59k1lTHfSjkXk/Z5s=
241,-944,O2rXtSECwHXG3tCti1RfO2T6qCU=,6gqYV9DEps59k1lTHfSjkXk/Z5s=
242,-943,O2rXtSECwHXG3tCti1RfO2T6qCU=,6gqYV9DEps59k1lTHfSjkXk/Z5s=
241,-943,O2rXtSECwHXG3tCti1RfO2T6qCU=,6gqYV9DEps59k1lTHfSjkXk/Z5s=
255,-929,O2rXtSECwHXG3tCti1RfO2T6qCU=,6gqYV9DEps59k1lTHfSjkXk/Z5s=
254,-929,O2rXtSECwHXG3tCti1RfO2T6qCU=,6gqYV9DEps59k1lTHfSjkXk/Z5s=
253,-929,O2rXtSECwHXG3tCti1RfO2T6qCU=,6gqYV9DEps59k1lTHfSjkXk/Z5s=
244,-943,O2rXtSECwHXG3tCti1RfO2T6qCU=,6gqYV9DEps59k1lTHfSjkXk/Z5s=
243,-943,O2rXtSECwHXG3tCti1RfO2T6qCU=,6gqYV9DEps59k1lTHfSjkXk/Z5s=
252,-929,O2rXtSECwHXG3tCti1RfO2T6qCU=,6gqYV9DEps59k1lTHfSjkXk/Z5s=
245,-943,O2rXtSECwHXG3tCti1RfO2T6qCU=,6gqYV9DEps59k1lTHfSjkXk/Z5s=
251,-929,O2rXtSECwHXG3tCti1RfO2T6qCU=,6gqYV9DEps59k1lTHfSjkXk/Z5s=
246,-943,O2rXtSECwHXG3tCti1RfO2T6qCU=,6gqYV9DEps59k1lTHfSjkXk/Z5s=
247,-943,O2rXtSECwHXG3tCti1RfO2T6qCU=,6gqYV9DEps59k1lTHfSjkXk/Z5s=
250,-929,O2rXtSECwHXG3tCti1RfO2T6qCU=,6gqYV9DEps59k1lTHfSjkXk/Z5s=
248,-943,O2rXtSECwHXG3tCti1RfO2T6qCU=,6gqYV9DEps59k1lTHfSjkXk/Z5s=
249,-929,O2rXtSECwHXG3tCti1RfO2T6qCU=,6gqYV9DEps59k1lTHfSjkXk/Z5s=
248,-929,O2rXtSECwHXG3tCti1RfO2T6qCU=,6gqYV9DEps59k1lTHfSjkXk/Z5s=
249,-943,O2rXtSECwHXG3tCti1RfO2T6qCU=,6gqYV9DEps59k1lTHfSjkXk/Z5s=
250,-943,O2rXtSECwHXG3tCti1RfO2T6qCU=,6gqYV9DEps59k1lTHfSjkXk/Z5s=
247,-929,O2rXtSECwHXG3tCti1RfO2T6qCU=,6gqYV9DEps59k1lTHfSjkXk/Z5s=
251,-943,O2rXtSECwHXG3tCti1RfO2T6qCU=,6gqYV9DEps59k1lTHfSjkXk/Z5s=
252,-943,O2rXtSECwHXG3tCti1RfO2T6qCU=,6gqYV9DEps59k1lTHfSjkXk/Z5s=
246,-929,O2rXtSECwHXG3tCti1RfO2T6qCU=,6gqYV9DEps59k1lTHfSjkXk/Z5s=
253,-943,O2rXtSECwHXG3tCti1RfO2T6qCU=,6gqYV9DEps59k1lTHfSjkXk/Z5s=
245,-929,O2rXtSECwHXG3tCti1RfO2T6qCU=,6gqYV9DEps59k1lTHfSjkXk/Z5s=
254,-943,O2rXtSECwHXG3tCti1RfO2T6qCU=,6gqYV9DEps59k1lTHfSjkXk/Z5s=
244,-929,O2rXtSECwHXG3tCti1RfO2T6qCU=,6gqYV9DEps59k1lTHfSjkXk/Z5s=
255,-943,O2rXtSECwHXG3tCti1RfO2T6qCU=,6gqYV9DEps59k1lTHfSjkXk/Z5s=
243,-929,O2rXtSECwHXG3tCti1RfO2T6qCU=,6gqYV9DEps59k1lTHfSjkXk/Z5s=
242,-944,O2rXtSECwHXG3tCti1RfO2T6qCU=,6gqYV9DEps59k1lTHfSjkXk/Z5s=
242,-929,O2rXtSECwHXG3tCti1RfO2T6qCU=,6gqYV9DEps59k1lTHfSjkXk/Z5s=
240,-942,O2rXtSECwHXG3tCti1RfO2T6qCU=,6gqYV9DEps59k1lTHfSjkXk/Z5s=
241,-929,O2rXtSECwHXG3tCti1RfO2T6qCU=,6gqYV9DEps59k1lTHfSjkXk/Z5s=
241,-942,O2rXtSECwHXG3tCti1RfO2T6qCU=,6gqYV9DEps59k1lTHfSjkXk/Z5s=
242,-942,O2rXtSECwHXG3tCti1RfO2T6qCU=,6gqYV9DEps59k1lTHfSjkXk/Z5s=
240,-944,O2rXtSECwHXG3tCti1RfO2T6qCU=,6gqYV9DEps59k1lTHfSjkXk/Z5s=
243,-942,O2rXtSECwHXG3tCti1RfO2T6qCU=,6gqYV9DEps59k1lTHfSjkXk/Z5s=
244,-942,O2rXtSECwHXG3tCti1RfO2T6qCU=,6gqYV9DEps59k1lTHfSjkXk/Z5s=
240,-943,O2rXtSECwHXG3tCti1RfO2T6qCU=,6gqYV9DEps59k1lTHfSjkXk/Z5s=
245,-942,O2rXtSECwHXG3tCti1RfO2T6qCU=,6gqYV9DEps59k1lTHfSjkXk/Z5s=
240,-929,O2rXtSECwHXG3tCti1RfO2T6qCU=,6gqYV9DEps59k1lTHfSjkXk/Z5s=
246,-942,O2rXtSECwHXG3tCti1RfO2T6qCU=,6gqYV9DEps59k1lTHfSjkXk/Z5s=
255,-930,O2rXtSECwHXG3tCti1RfO2T6qCU=,6gqYV9DEps59k1lTHfSjkXk/Z5s=
247,-942,O2rXtSECwHXG3tCti1RfO2T6qCU=,6gqYV9DEps59k1lTHfSjkXk/Z5s=
254,-930,O2rXtSECwHXG3tCti1RfO2T6qCU=,6gqYV9DEps59k1lTHfSjkXk/Z5s=
248,-942,O2rXtSECwHXG3tCti1RfO2T6qCU=,6gqYV9DEps59k1lTHfSjkXk/Z5s=
249,-942,O2rXtSECwHXG3tCti1RfO2T6qCU=,6gqYV9DEps59k1lTHfSjkXk/Z5s=
253,-930,O2rXtSECwHXG3tCti1RfO2T6qCU=,6gqYV9DEps59k1lTHfSjkXk/Z5s=
250,-942,O2rXtSECwHXG3tCti1RfO2T6qCU=,6gqYV9DEps59k1lTHfSjkXk/Z5s=
252,-930,O2rXtSECwHXG3tCti1RfO2T6qCU=,6gqYV9DEps59k1lTHfSjkXk/Z5s=
251,-942,O2rXtSECwHXG3tCti1RfO2T6qCU=,6gqYV9DEps59k1lTHfSjkXk/Z5s=
251,-930,O2rXtSECwHXG3tCti1RfO2T6qCU=,6gqYV9DEps59k1lTHfSjkXk/Z5s=
252,-942,O2rXtSECwHXG3tCti1RfO2T6qCU=,6gqYV9DEps59k1lTHfSjkXk/Z5s=
250,-930,O2rXtSECwHXG3tCti1RfO2T6qCU=,6gqYV9DEps59k1lTHfSjkXk/Z5s=
253,-942,O2rXtSECwHXG3tCti1RfO2T6qCU=,6gqYV9DEps59k1lTHfSjkXk/Z5s=
254,-942,O2rXtSECwHXG3tCti1RfO2T6qCU=,6gqYV9DEps59k1lTHfSjkXk/Z5s=
249,-930,O2rXtSECwHXG3tCti1RfO2T6qCU=,6gqYV9DEps59k1lTHfSjkXk/Z5s=
248,-930,O2rXtSECwHXG3tCti1RfO2T6qCU=,6gqYV9DEps59k1lTHfSjkXk/Z5s=
255,-942,O2rXtSECwHXG3tCti1RfO2T6qCU=,6gqYV9DEps59k1lTHfSjkXk/Z5s=
240,-941,O2rXtSECwHXG3tCti1RfO2T6qCU=,6gqYV9DEps59k1lTHfSjkXk/Z5s=
247,-930,O2rXtSECwHXG3tCti1RfO2T6qCU=,6gqYV9DEps59k1lTHfSjkXk/Z5s=
243,-944,O2rXtSECwHXG3tCti1RfO2T6qCU=,6gqYV9DEps59k1lTHfSjkXk/Z5s=
246,-930,O2rXtSECwHXG3tCti1RfO2T6qCU=,6gqYV9DEps59k1lTHfSjkXk/Z5s=
241,-941,O2rXtSECwHXG3tCti1RfO2T6qCU=,6gqYV9DEps59k1lTHfSjkXk/Z5s=
242,-941,O2rXtSECwHXG3tCti1RfO2T6qCU=,6gqYV9DEps59k1lTHfSjkXk/Z5s=
245,-930,O2rXtSECwHXG3tCti1RfO2T6qCU=,6gqYV9DEps59k1lTHfSjkXk/Z5s=
243,-941,O2rXtSECwHXG3tCti1RfO2T6qCU=,6gqYV9DEps59k1lTHfSjkXk/Z5s=
244,-930,O2rXtSECwHXG3tCti1RfO2T6qCU=,6gqYV9DEps59k1lTHfSjkXk/Z5s=
244,-941,O2rXtSECwHXG3tCti1RfO2T6qCU=,6gqYV9DEps59k1lTHfSjkXk/Z5s=
255,-944,O2rXtSECwHXG3tCti1RfO2T6qCU=,6gqYV9DEps59k1lTHfSjkXk/Z5s=
245,-941,O2rXtSECwHXG3tCti1RfO2T6qCU=,6gqYV9DEps59k1lTHfSjkXk/Z5s=
243,-930,O2rXtSECwHXG3tCti1RfO2T6qCU=,6gqYV9DEps59k1lTHfSjkXk/Z5s=
246,-941,O2rXtSECwHXG3tCti1RfO2T6qCU=,6gqYV9DEps59k1lTHfSjkXk/Z5s=
247,-941,O2rXtSECwHXG3tCti1RfO2T6qCU=,6gqYV9DEps59k1lTHfSjkXk/Z5s=
242,-930,O2rXtSECwHXG3tCti1RfO2T6qCU=,6gqYV9DEps59k1lTHfSjkXk/Z5s=
248,-941,O2rXtSECwHXG3tCti1RfO2T6qCU=,6gqYV9DEps59k1lTHfSjkXk/Z5s=
241,-930,O2rXtSECwHXG3tCti1RfO2T6qCU=,6gqYV9DEps59k1lTHfSjkXk/Z5s=
249,-941,O2rXtSECwHXG3tCti1RfO2T6qCU=,6gqYV9DEps59k1lTHfSjkXk/Z5s=
250,-941,O2rXtSECwHXG3tCti1RfO2T6qCU=,6gqYV9DEps59k1lTHfSjkXk/Z5s=
254,-944,O2rXtSECwHXG3tCti1RfO2T6qCU=,6gqYV9DEps59k1lTHfSjkXk/Z5s=
251,-941,O2rXtSECwHXG3tCti1RfO2T6qCU=,6gqYV9DEps59k1lTHfSjkXk/Z5s=
240,-930,O2rXtSECwHXG3tCti1RfO2T6qCU=,6gqYV9DEps59k1lTHfSjkXk/Z5s=
252,-941,O2rXtSECwHXG3tCti1RfO2T6qCU=,6gqYV9DEps59k1lTHfSjkXk/Z5s=
255,-931,O2rXtSECwHXG3tCti1RfO2T6qCU=,6gqYV9DEps59k1lTHfSjkXk/Z5s=
253,-941,O2rXtSECwHXG3tCti1RfO2T6qCU=,6gqYV9DEps59k1lTHfSjkXk/Z5s=
254,-931,O2rXtSECwHXG3tCti1RfO2T6qCU=,6gqYV9DEps59k1lTHfSjkXk/Z5s=
254,-941,O2rXtSECwHXG3tCti1RfO2T6qCU=,6gqYV9DEps59k1lTHfSjkXk/Z5s=
255,-941,O2rXtSECwHXG3tCti1RfO2T6qCU=,6gqYV9DEps59k1lTHfSjkXk/Z5s=
253,-931,O2rXtSECwHXG3tCti1RfO2T6qCU=,6gqYV9DEps59k1lTHfSjkXk/Z5s=
240,-940,O2rXtSECwHXG3tCti1RfO2T6qCU=,6gqYV9DEps59k1lTHfSjkXk/Z5s=
252,-931,O2rXtSECwHXG3tCti1RfO2T6qCU=,6gqYV9DEps59k1lTHfSjkXk/Z5s=
244,-944,O2rXtSECwHXG3tCti1RfO2T6qCU=,6gqYV9DEps59k1lTHfSjkXk/Z5s=
251,-931,O2rXtSECwHXG3tCti1RfO2T6qCU=,6gqYV9DEps59k1lTHfSjkXk/Z5s=
241,-940,O2rXtSECwHXG3tCti1RfO2T6qCU=,6gqYV9DEps59k1lTHfSjkXk/Z5s=
242,-940,O2rXtSECwHXG3tCti1RfO2T6qCU=,6gqYV9DEps59k1lTHfSjkXk/Z5s=
250,-931,O2rXtSECwHXG3tCti1RfO2T6qCU=,6gqYV9DEps59k1lTHfSjkXk/Z5s=
243,-940,O2rXtSECwHXG3tCti1RfO2T6qCU=,6gqYV9DEps59k1lTHfSjkXk/Z5s=
249,-931,O2rXtSECwHXG3tCti1RfO2T6qCU=,6gqYV9DEps59k1lTHfSjkXk/Z5s=
244,-940,O2rXtSECwHXG3tCti1RfO2T6qCU=,6gqYV9DEps59k1lTHfSjkXk/Z5s=
248,-931,O2rXtSECwHXG3tCti1RfO2T6qCU=,6gqYV9DEps59k1lTHfSjkXk/Z5s=
245,-940,O2rXtSECwHXG3tCti1RfO2T6qCU=,6gqYV9DEps59k1lTHfSjkXk/Z5s=
247,-931,O2rXtSECwHXG3tCti1RfO2T6qCU=,6gqYV9DEps59k1lTHfSjkXk/Z5s=
246,-940,O2rXtSECwHXG3tCti1RfO2T6qCU=,6gqYV9DEps59k1lTHfSjkXk/Z5s=
246,-931,O2rXtSECwHXG3tCti1RfO2T6qCU=,6gqYV9DEps59k1lTHfSjkXk/Z5s=
247,-940,O2rXtSECwHXG3tCti1RfO2T6qCU=,6gqYV9DEps59k1lTHfSjkXk/Z5s=
248,-940,O2rXtSECwHXG3tCti1RfO2T6qCU=,6gqYV9DEps59k1lTHfSjkXk/Z5s=
245,-931,O2rXtSECwHXG3tCti1RfO2T6qCU=,6gqYV9DEps59k1lTHfSjkXk/Z5s=
249,-940,O2rXtSECwHXG3tCti1RfO2T6qCU=,6gqYV9DEps59k1lTHfSjkXk/Z5s=
244,-931,O2rXtSECwHXG3tCti1RfO2T6qCU=,6gqYV9DEps59k1lTHfSjkXk/Z5s=
250,-940,O2rXtSECwHXG3tCti1RfO2T6qCU=,6gqYV9DEps59k1lTHfSjkXk/Z5s=
243,-931,O2rXtSECwHXG3tCti1RfO2T6qCU=,6gqYV9DEps59k1lTHfSjkXk/Z5s=
251,-940,O2rXtSECwHXG3tCti1RfO2T6qCU=,6gqYV9DEps59k1lTHfSjkXk/Z5s=
252,-940,O2rXtSECwHXG3tCti1RfO2T6qCU=,6gqYV9DEps59k1lTHfSjkXk/Z5s=
242,-931,O2rXtSECwHXG3tCti1RfO2T6qCU=,6gqYV9DEps59k1lTHfSjkXk/Z5s=
253,-940,O2rXtSECwHXG3tCti1RfO2T6qCU=,6gqYV9DEps59k1lTHfSjkXk/Z5s=
241,-931,O2rXtSECwHXG3tCti1RfO2T6qCU=,6gqYV9DEps59k1lTHfSjkXk/Z5s=
254,-940,O2rXtSECwHXG3tCti1RfO2T6qCU=,6gqYV9DEps59k1lTHfSjkXk/Z5s=
253,-944,O2rXtSECwHXG3tCti1RfO2T6qCU=,6gqYV9DEps59k1lTHfSjkXk/Z5s=
255,-940,O2rXtSECwHXG3tCti1RfO2T6qCU=,6gqYV9DEps59k1lTHfSjkXk/Z5s=
240,-931,O2rXtSECwHXG3tCti1RfO2T6qCU=,6gqYV9DEps59k1lTHfSjkXk/Z5s=
240,-939,O2rXtSECwHXG3tCti1RfO2T6qCU=,6gqYV9DEps59k1lTHfSjkXk/Z5s=
255,-932,O2rXtSECwHXG3tCti1RfO2T6qCU=,6gqYV9DEps59k1lTHfSjkXk/Z5s=
245,-944,O2rXtSECwHXG3tCti1RfO2T6qCU=,6gqYV9DEps59k1lTHfSjkXk/Z5s=
254,-932,O2rXtSECwHXG3tCti1RfO2T6qCU=,6gqYV9DEps59k1lTHfSjkXk/Z5s=
241,-939,O2rXtSECwHXG3tCti1RfO2T6qCU=,6gqYV9DEps59k1lTHfSjkXk/Z5s=
253,-932,O2rXtSECwHXG3tCti1RfO2T6qCU=,6gqYV9DEps59k1lTHfSjkXk/Z5s=
242,-939,O2rXtSECwHXG3tCti1RfO2T6qCU=,6gqYV9DEps59k1lTHfSjkXk/Z5s=
252,-932,O2rXtSECwHXG3tCti1RfO2T6qCU=,6gqYV9DEps59k1lTHfSjkXk/Z5s=
243,-939,O2rXtSECwHXG3tCti1RfO2T6qCU=,6gqYV9DEps59k1lTHfSjkXk/Z5s=
244,-939,O2rXtSECwHXG3tCti1RfO2T6qCU=,6gqYV9DEps59k1lTHfSjkXk/Z5s=
251,-932,O2rXtSECwHXG3tCti1RfO2T6qCU=,6gqYV9DEps59k1lTHfSjkXk/Z5s=
245,-939,O2rXtSECwHXG3tCti1RfO2T6qCU=,6gqYV9DEps59k1lTHfSjkXk/Z5s=
250,-932,O2rXtSECwHXG3tCti1RfO2T6qCU=,6gqYV9DEps59k1lTHfSjkXk/Z5s=
246,-939,O2rXtSECwHXG3tCti1RfO2T6qCU=,6gqYV9DEps59k1lTHfSjkXk/Z5s=
249,-932,O2rXtSECwHXG3tCti1RfO2T6qCU=,6gqYV9DEps59k1lTHfSjkXk/Z5s=
247,-939,O2rXtSECwHXG3tCti1RfO2T6qCU=,6gqYV9DEps59k1lTHfSjkXk/Z5s=
248,-932,O2rXtSECwHXG3tCti1RfO2T6qCU=,6gqYV9DEps59k1lTHfSjkXk/Z5s=
248,-939,O2rXtSECwHXG3tCti1RfO2T6qCU=,6gqYV9DEps59k1lTHfSjkXk/Z5s=
247,-932,O2rXtSECwHXG3tCti1RfO2T6qCU=,6gqYV9DEps59k1lTHfSjkXk/Z5s=
246,-932,O2rXtSECwHXG3tCti1RfO2T6qCU=,6gqYV9DEps59k1lTHfSjkXk/Z5s=
249,-939,O2rXtSECwHXG3tCti1RfO2T6qCU=,6gqYV9DEps59k1lTHfSjkXk/Z5s=
250,-939,O2rXtSECwHXG3tCti1RfO2T6qCU=,6gqYV9DEps59k1lTHfSjkXk/Z5s=
245,-932,O2rXtSECwHXG3tCti1RfO2T6qCU=,6gqYV9DEps59k1lTHfSjkXk/Z5s=
251,-939,O2rXtSECwHXG3tCti1RfO2T6qCU=,6gqYV9DEps59k1lTHfSjkXk/Z5s=
244,-932,O2rXtSECwHXG3tCti1RfO2T6qCU=,6gqYV9DEps59k1lTHfSjkXk/Z5s=
252,-939,O2rXtSECwHXG3tCti1RfO2T6qCU=,6gqYV9DEps59k1lTHfSjkXk/Z5s=
253,-939,O2rXtSECwHXG3tCti1RfO2T6qCU=,6gqYV9DEps59k1lTHfSjkXk/Z5s=
254,-939,O2rXtSECwHXG3tCti1RfO2T6qCU=,6gqYV9DEps59k1lTHfSjkXk/Z5s=
255,-939,O2rXtSECwHXG3tCti1RfO2T6qCU=,6gqYV9DEps59k1lTHfSjkXk/Z5s=
240,-938,O2rXtSECwHXG3tCti1RfO2T6qCU=,6gqYV9DEps59k1lTHfSjkXk/Z5s=
246,-944,O2rXtSECwHXG3tCti1RfO2T6qCU=,6gqYV9DEps59k1lTHfSjkXk/Z5s=
241,-938,O2rXtSECwHXG3tCti1RfO2T6qCU=,6gqYV9DEps59k1lTHfSjkXk/Z5s=
242,-938,O2rXtSECwHXG3tCti1RfO2T6qCU=,6gqYV9DEps59k1lTHfSjkXk/Z5s=
243,-938,O2rXtSECwHXG3tCti1RfO2T6qCU=,6gqYV9DEps59k1lTHfSjkXk/Z5s=
244,-938,O2rXtSECwHXG3tCti1RfO2T6qCU=,6gqYV9DEps59k1lTHfSjkXk/Z5s=
245,-938,O2rXtSECwHXG3tCti1RfO2T6qCU=,6gqYV9DEps59k1lTHfSjkXk/Z5s=
246,-938,O2rXtSECwHXG3tCti1RfO2T6qCU=,6gqYV9DEps59k1lTHfSjkXk/Z5s=
247,-938,O2rXtSECwHXG3tCti1RfO2T6qCU=,6gqYV9DEps59k1lTHfSjkXk/Z5s=
248,-938,O2rXtSECwHXG3tCti1RfO2T6qCU=,6gqYV9DEps59k1lTHfSjkXk/Z5s=
249,-938,O2rXtSECwHXG3tCti1RfO2T6qCU=,6gqYV9DEps59k1lTHfSjkXk/Z5s=
250,-938,O2rXtSECwHXG3tCti1RfO2T6qCU=,6gqYV9DEps59k1lTHfSjkXk/Z5s=
251,-938,O2rXtSECwHXG3tCti1RfO2T6qCU=,6gqYV9DEps59k1lTHfSjkXk/Z5s=
252,-938,O2rXtSECwHXG3tCti1RfO2T6qCU=,6gqYV9DEps59k1lTHfSjkXk/Z5s=
253,-938,O2rXtSECwHXG3tCti1RfO2T6qCU=,6gqYV9DEps59k1lTHfSjkXk/Z5s=
243,-932,O2rXtSECwHXG3tCti1RfO2T6qCU=,6gqYV9DEps59k1lTHfSjkXk/Z5s=
254,-938,O2rXtSECwHXG3tCti1RfO2T6qCU=,6gqYV9DEps59k1lTHfSjkXk/Z5s=
242,-932,O2rXtSECwHXG3tCti1RfO2T6qCU=,6gqYV9DEps59k1lTHfSjkXk/Z5s=
255,-938,O2rXtSECwHXG3tCti1RfO2T6qCU=,6gqYV9DEps59k1lTHfSjkXk/Z5s=
241,-932,O2rXtSECwHXG3tCti1RfO2T6qCU=,6gqYV9DEps59k1lTHfSjkXk/Z5s=
240,-937,O2rXtSECwHXG3tCti1RfO2T6qCU=,6gqYV9DEps59k1lTHfSjkXk/Z5s=
252,-944,O2rXtSECwHXG3tCti1RfO2T6qCU=,6gqYV9DEps59k1lTHfSjkXk/Z5s=
247,-944,O2rXtSECwHXG3tCti1RfO2T6qCU=,6gqYV9DEps59k1lTHfSjkXk/Z5s=
241,-937,O2rXtSECwHXG3tCti1RfO2T6qCU=,6gqYV9DEps59k1lTHfSjkXk/Z5s=
240,-932,O2rXtSECwHXG3tCti1RfO2T6qCU=,6gqYV9DEps59k1lTHfSjkXk/Z5s=
242,-937,O2rXtSECwHXG3tCti1RfO2T6qCU=,6gqYV9DEps59k1lTHfSjkXk/Z5s=
255,-933,O2rXtSECwHXG3tCti1RfO2T6qCU=,6gqYV9DEps59k1lTHfSjkXk/Z5s=
243,-937,O2rXtSECwHXG3tCti1RfO2T6qCU=,6gqYV9DEps59k1lTHfSjkXk/Z5s=
244,-937,O2rXtSECwHXG3tCti1RfO2T6qCU=,6gqYV9DEps59k1lTHfSjkXk/Z5s=
245,-937,O2rXtSECwHXG3tCti1RfO2T6qCU=,6gqYV9DEps59k1lTHfSjkXk/Z5s=
254,-933,O2rXtSECwHXG3tCti1RfO2T6qCU=,6gqYV9DEps59k1lTHfSjkXk/Z5s=
246,-937,O2rXtSECwHXG3tCti1RfO2T6qCU=,6gqYV9DEps59k1lTHfSjkXk/Z5s=
247,-937,O2rXtSECwHXG3tCti1RfO2T6qCU=,6gqYV9DEps59k1lTHfSjkXk/Z5s=
253,-933,O2rXtSECwHXG3tCti1RfO2T6qCU=,6gqYV9DEps59k1lTHfSjkXk/Z5s=
252,-933,O2rXtSECwHXG3tCti1RfO2T6qCU=,6gqYV9DEps59k1lTHfSjkXk/Z5s=
248,-937,O2rXtSECwHXG3tCti1RfO2T6qCU=,6gqYV9DEps59k1lTHfSjkXk/Z5s=
249,-937,O2rXtSECwHXG3tCti1RfO2T6qCU=,6gqYV9DEps59k1lTHfSjkXk/Z5s=
251,-933,O2rXtSECwHXG3tCti1RfO2T6qCU=,6gqYV9DEps59k1lTHfSjkXk/Z5s=
250,-937,O2rXtSECwHXG3tCti1RfO2T6qCU=,6gqYV9DEps59k1lTHfSjkXk/Z5s=
251,-937,O2rXtSECwHXG3tCti1RfO2T6qCU=,6gqYV9DEps59k1lTHfSjkXk/Z5s=
250,-933,O2rXtSECwHXG3tCti1RfO2T6qCU=,6gqYV9DEps59k1lTHfSjkXk/Z5s=
252,-937,O2rXtSECwHXG3tCti1RfO2T6qCU=,6gqYV9DEps59k1lTHfSjkXk/Z5s=
249,-933,O2rXtSECwHXG3tCti1RfO2T6qCU=,6gqYV9DEps59k1lTHfSjkXk/Z5s=
253,-937,O2rXtSECwHXG3tCti1RfO2T6qCU=,6gqYV9DEps59k1lTHfSjkXk/Z5s=
248,-933,O2rXtSECwHXG3tCti1RfO2T6qCU=,6gqYV9DEps59k1lTHfSjkXk/Z5s=
254,-937,O2rXtSECwHXG3tCti1RfO2T6qCU=,6gqYV9DEps59k1lTHfSjkXk/Z5s=
247,-933,O2rXtSECwHXG3tCti1RfO2T6qCU=,6gqYV9DEps59k1lTHfSjkXk/Z5s=
255,-937,O2rXtSECwHXG3tCti1RfO2T6qCU=,6gqYV9DEps59k1lTHfSjkXk/Z5s=
246,-933,O2rXtSECwHXG3tCti1RfO2T6qCU=,6gqYV9DEps59k1lTHfSjkXk/Z5s=
240,-936,O2rXtSECwHXG3tCti1RfO2T6qCU=,6gqYV9DEps59k1lTHfSjkXk/Z5s=
245,-933,O2rXtSECwHXG3tCti1RfO2T6qCU=,6gqYV9DEps59k1lTHfSjkXk/Z5s=
248,-944,O2rXtSECwHXG3tCti1RfO2T6qCU=,6gqYV9DEps59k1lTHfSjkXk/Z5s=
244,-933,O2rXtSECwHXG3tCti1RfO2T6qCU=,6gqYV9DEps59k1lTHfSjkXk/Z5s=
241,-936,O2rXtSECwHXG3tCti1RfO2T6qCU=,6gqYV9DEps59k1lTHfSjkXk/Z5s=
243,-933,O2rXtSECwHXG3tCti1RfO2T6qCU=,6gqYV9DEps59k1lTHfSjkXk/Z5s=
242,-936,O2rXtSECwHXG3tCti1RfO2T6qCU=,6gqYV9DEps59k1lTHfSjkXk/Z5s=
242,-933,O2rXtSECwHXG3tCti1RfO2T6qCU=,6gqYV9DEps59k1lTHfSjkXk/Z5s=
243,-936,O2rXtSECwHXG3tCti1RfO2T6qCU=,6gqYV9DEps59k1lTHfSjkXk/Z5s=
241,-933,O2rXtSECwHXG3tCti1RfO2T6qCU=,6gqYV9DEps59k1lTHfSjkXk/Z5s=
244,-936,O2rXtSECwHXG3tCti1RfO2T6qCU=,6gqYV9DEps59k1lTHfSjkXk/Z5s=
245,-936,O2rXtSECwHXG3tCti1RfO2T6qCU=,6gqYV9DEps59k1lTHfSjkXk/Z5s=
251,-944,O2rXtSECwHXG3tCti1RfO2T6qCU=,6gqYV9DEps59k1lTHfSjkXk/Z5s=
246,-936,O2rXtSECwHXG3tCti1RfO2T6qCU=,6gqYV9DEps59k1lTHfSjkXk/Z5s=
240,-933,O2rXtSECwHXG3tCti1RfO2T6qCU=,6gqYV9DEps59k1lTHfSjkXk/Z5s=
247,-936,O2rXtSECwHXG3tCti1RfO2T6qCU=,6gqYV9DEps59k1lTHfSjkXk/Z5s=
248,-936,O2rXtSECwHXG3tCti1RfO2T6qCU=,6gqYV9DEps59k1lTHfSjkXk/Z5s=
255,-934,O2rXtSECwHXG3tCti1RfO2T6qCU=,6gqYV9DEps59k1lTHfSjkXk/Z5s=
254,-934,O2rXtSECwHXG3tCti1RfO2T6qCU=,6gqYV9DEps59k1lTHfSjkXk/Z5s=
249,-936,O2rXtSECwHXG3tCti1RfO2T6qCU=,6gqYV9DEps59k1lTHfSjkXk/Z5s=
253,-934,O2rXtSECwHXG3tCti1RfO2T6qCU=,6gqYV9DEps59k1lTHfSjkXk/Z5s=
250,-936,O2rXtSECwHXG3tCti1RfO2T6qCU=,6gqYV9DEps59k1lTHfSjkXk/Z5s=
252,-934,O2rXtSECwHXG3tCti1RfO2T6qCU=,6gqYV9DEps59k1lTHfSjkXk/Z5s=
251,-936,O2rXtSECwHXG3tCti1RfO2T6qCU=,6gqYV9DEps59k1lTHfSjkXk/Z5s=
251,-934,O2rXtSECwHXG3tCti1RfO2T6qCU=,6gqYV9DEps59k1lTHfSjkXk/Z5s=
252,-936,O2rXtSECwHXG3tCti1RfO2T6qCU=,6gqYV9DEps59k1lTHfSjkXk/Z5s=
253,-936,O2rXtSECwHXG3tCti1RfO2T6qCU=,6gqYV9DEps59k1lTHfSjkXk/Z5s=
254,-936,O2rXtSECwHXG3tCti1RfO2T6qCU=,6gqYV9DEps59k1lTHfSjkXk/Z5s=
255,-936,O2rXtSECwHXG3tCti1RfO2T6qCU=,6gqYV9DEps59k1lTHfSjkXk/Z5s=
240,-935,O2rXtSECwHXG3tCti1RfO2T6qCU=,6gqYV9DEps59k1lTHfSjkXk/Z5s=
249,-944,O2rXtSECwHXG3tCti1RfO2T6qCU=,6gqYV9DEps59k1lTHfSjkXk/Z5s=
241,-935,O2rXtSECwHXG3tCti1RfO2T6qCU=,6gqYV9DEps59k1lTHfSjkXk/Z5s=
242,-935,O2rXtSECwHXG3tCti1RfO2T6qCU=,6gqYV9DEps59k1lTHfSjkXk/Z5s=
243,-935,O2rXtSECwHXG3tCti1RfO2T6qCU=,6gqYV9DEps59k1lTHfSjkXk/Z5s=
244,-935,O2rXtSECwHXG3tCti1RfO2T6qCU=,6gqYV9DEps59k1lTHfSjkXk/Z5s=
245,-935,O2rXtSECwHXG3tCti1RfO2T6qCU=,6gqYV9DEps59k1lTHfSjkXk/Z5s=
246,-935,O2rXtSECwHXG3tCti1RfO2T6qCU=,6gqYV9DEps59k1lTHfSjkXk/Z5s=
247,-935,O2rXtSECwHXG3tCti1RfO2T6qCU=,6gqYV9DEps59k1lTHfSjkXk/Z5s=
248,-935,O2rXtSECwHXG3tCti1RfO2T6qCU=,6gqYV9DEps59k1lTHfSjkXk/Z5s=
249,-935,O2rXtSECwHXG3tCti1RfO2T6qCU=,6gqYV9DEps59k1lTHfSjkXk/Z5s=
250,-935,O2rXtSECwHXG3tCti1RfO2T6qCU=,6gqYV9DEps59k1lTHfSjkXk/Z5s=
251,-935,O2rXtSECwHXG3tCti1RfO2T6qCU=,6gqYV9DEps59k1lTHfSjkXk/Z5s=
252,-935,O2rXtSECwHXG3tCti1RfO2T6qCU=,6gqYV9DEps59k1lTHfSjkXk/Z5s=
253,-935,O2rXtSECwHXG3tCti1RfO2T6qCU=,6gqYV9DEps59k1lTHfSjkXk/Z5s=
254,-935,O2rXtSECwHXG3tCti1RfO2T6qCU=,6gqYV9DEps59k1lTHfSjkXk/Z5s=
240,-934,O2rXtSECwHXG3tCti1RfO2T6qCU=,6gqYV9DEps59k1lTHfSjkXk/Z5s=
250,-944,O2rXtSECwHXG3tCti1RfO2T6qCU=,6gqYV9DEps59k1lTHfSjkXk/Z5s=
255,-935,O2rXtSECwHXG3tCti1RfO2T6qCU=,6gqYV9DEps59k1lTHfSjkXk/Z5s=
241,-934,O2rXtSECwHXG3tCti1RfO2T6qCU=,6gqYV9DEps59k1lTHfSjkXk/Z5s=
242,-934,O2rXtSECwHXG3tCti1RfO2T6qCU=,6gqYV9DEps59k1lTHfSjkXk/Z5s=
243,-934,O2rXtSECwHXG3tCti1RfO2T6qCU=,6gqYV9DEps59k1lTHfSjkXk/Z5s=
244,-934,O2rXtSECwHXG3tCti1RfO2T6qCU=,6gqYV9DEps59k1lTHfSjkXk/Z5s=
245,-934,O2rXtSECwHXG3tCti1RfO2T6qCU=,6gqYV9DEps59k1lTHfSjkXk/Z5s=
246,-934,O2rXtSECwHXG3tCti1RfO2T6qCU=,6gqYV9DEps59k1lTHfSjkXk/Z5s=
247,-934,O2rXtSECwHXG3tCti1RfO2T6qCU=,6gqYV9DEps59k1lTHfSjkXk/Z5s=
248,-934,O2rXtSECwHXG3tCti1RfO2T6qCU=,6gqYV9DEps59k1lTHfSjkXk/Z5s=
249,-934,O2rXtSECwHXG3tCti1RfO2T6qCU=,6gqYV9DEps59k1lTHfSjkXk/Z5s=
250,-934,O2rXtSECwHXG3tCti1RfO2T6qCU=,6gqYV9DEps59k1lTHfSjkXk/Z5s=
