-29,0,VoqwsgBlen7cyu98N/JeTuRe60E=,xVDnNrEQoBi/3fxYPTCi1TLkJxs=
-28,0,VoqwsgBlen7cyu98N/JeTuRe60E=,0TJeOi/HlO9THD16dubF8eFz8oM=
-28,1,VoqwsgBlen7cyu98N/JeTuRe60E=,xVDnNrEQoBi/3fxYPTCi1TLkJxs=
-27,1,VoqwsgBlen7cyu98N/JeTuRe60E=,xVDnNrEQoBi/3fxYPTCi1TLkJxs=
-27,2,VoqwsgBlen7cyu98N/JeTuRe60E=,xVDnNrEQoBi/3fxYPTCi1TLkJxs=
-26,2,VoqwsgBlen7cyu98N/JeTuRe60E=,T/Q9dR6gTq4rJEMMBqKeDl1bWkQ=
-26,3,VoqwsgBlen7cyu98N/JeTuRe60E=,xVDnNrEQoBi/3fxYPTCi1TLkJxs=
-25,3,VoqwsgBlen7cyu98N/JeTuRe60E=,0TJeOi/HlO9THD16dubF8eFz8oM=
-25,4,VoqwsgBlen7cyu98N/JeTuRe60E=,xVDnNrEQoBi/3fxYPTCi1TLkJxs=
-24,2,VoqwsgBlen7cyu98N/JeTuRe60E=,0TJeOi/HlO9THD16dubF8eFz8oM=
-24,4,VoqwsgBlen7cyu98N/JeTuRe60E=,0TJeOi/HlO9THD16dubF8eFz8oM=
-24,3,VoqwsgBlen7cyu98N/JeTuRe60E=,xVDnNrEQoBi/3fxYPTCi1TLkJxs=
-24,5,VoqwsgBlen7cyu98N/JeTuRe60E=,0TJeOi/HlO9THD16dubF8eFz8oM=
-23,3,VoqwsgBlen7cyu98N/JeTuRe60E=,qyeAhZRltDbV6Vs/02Ozjr3xa5s=
-23,5,VoqwsgBlen7cyu98N/JeTuRe60E=,xVDnNrEQoBi/3fxYPTCi1TLkJxs=
-23,6,VoqwsgBlen7cyu98N/JeTuRe60E=,0TJeOi/HlO9THD16dubF8eFz8oM=
-22,2,VoqwsgBlen7cyu98N/JeTuRe60E=,Nx1uYzY5of1vOLHe7EemWDjE/jE=
-22,3,VoqwsgBlen7cyu98N/JeTuRe60E=,p0wQXWuX+mSLrH+MhBi5XMs1JeM=
-22,1,VoqwsgBlen7cyu98N/JeTuRe60E=,m1gOVuL7mtOGYgZpmlyJBIVB6S4=
-22,6,VoqwsgBlen7cyu98N/JeTuRe60E=,m1gOVuL7mtOGYgZpmlyJBIVB6S4=
-22,7,VoqwsgBlen7cyu98N/JeTuRe60E=,k9bQuVOAUMz8FTlXEeTPZYjmiw4=
-22,8,VoqwsgBlen7cyu98N/JeTuRe60E=,m1gOVuL7mtOGYgZpmlyJBIVB6S4=
-21,8,VoqwsgBlen7cyu98N/JeTuRe60E=,k9bQuVOAUMz8FTlXEeTPZYjmiw4=
-21,2,VoqwsgBlen7cyu98N/JeTuRe60E=,p0wQXWuX+mSLrH+MhBi5XMs1JeM=
-20,9,VoqwsgBlen7cyu98N/JeTuRe60E=,k9bQuVOAUMz8FTlXEeTPZYjmiw4=
-20,2,VoqwsgBlen7cyu98N/JeTuRe60E=,m1gOVuL7mtOGYgZpmlyJBIVB6S4=
-20,10,VoqwsgBlen7cyu98N/JeTuRe60E=,m1gOVuL7mtOGYgZpmlyJBIVB6S4=
-20,1,VoqwsgBlen7cyu98N/JeTuRe60E=,m1gOVuL7mtOGYgZpmlyJBIVB6S4=
-19,10,VoqwsgBlen7cyu98N/JeTuRe60E=,k9bQuVOAUMz8FTlXEeTPZYjmiw4=
-19,1,VoqwsgBlen7cyu98N/JeTuRe60E=,k9bQuVOAUMz8FTlXEeTPZYjmiw4=
-18,10,VoqwsgBlen7cyu98N/JeTuRe60E=,k9bQuVOAUMz8FTlXEeTPZYjmiw4=
-18,6,VoqwsgBlen7cyu98N/JeTuRe60E=,p0wQXWuX+mSLrH+MhBi5XMs1JeM=
-18,7,VoqwsgBlen7cyu98N/JeTuRe60E=,k9bQuVOAUMz8FTlXEeTPZYjmiw4=
-18,5,VoqwsgBlen7cyu98N/JeTuRe60E=,p0wQXWuX+mSLrH+MhBi5XMs1JeM=
-18,2,VoqwsgBlen7cyu98N/JeTuRe60E=,p0wQXWuX+mSLrH+MhBi5XMs1JeM=
-18,1,VoqwsgBlen7cyu98N/JeTuRe60E=,m1gOVuL7mtOGYgZpmlyJBIVB6S4=
-18,8,VoqwsgBlen7cyu98N/JeTuRe60E=,p0wQXWuX+mSLrH+MhBi5XMs1JeM=
-18,9,VoqwsgBlen7cyu98N/JeTuRe60E=,p0wQXWuX+mSLrH+MhBi5XMs1JeM=
-17,26,VoqwsgBlen7cyu98N/JeTuRe60E=,m1gOVuL7mtOGYgZpmlyJBIVB6S4=
-17,9,VoqwsgBlen7cyu98N/JeTuRe60E=,m1gOVuL7mtOGYgZpmlyJBIVB6S4=
-17,5,VoqwsgBlen7cyu98N/JeTuRe60E=,m1gOVuL7mtOGYgZpmlyJBIVB6S4=
-17,4,VoqwsgBlen7cyu98N/JeTuRe60E=,k9bQuVOAUMz8FTlXEeTPZYjmiw4=
-17,2,VoqwsgBlen7cyu98N/JeTuRe60E=,m1gOVuL7mtOGYgZpmlyJBIVB6S4=
-17,1,VoqwsgBlen7cyu98N/JeTuRe60E=,p0wQXWuX+mSLrH+MhBi5XMs1JeM=
-17,3,VoqwsgBlen7cyu98N/JeTuRe60E=,m1gOVuL7mtOGYgZpmlyJBIVB6S4=
-16,25,VoqwsgBlen7cyu98N/JeTuRe60E=,tqB/a7Jr+Ai0FrBATd/kVeRBn/w=
-16,26,VoqwsgBlen7cyu98N/JeTuRe60E=,m1gOVuL7mtOGYgZpmlyJBIVB6S4=
-16,1,VoqwsgBlen7cyu98N/JeTuRe60E=,fxTXlJSPhFczNKF5IfqIE5Ru8bA=
-16,2,VoqwsgBlen7cyu98N/JeTuRe60E=,unenjnzDW514AvBAP/32dHNU+Iw=
-16,3,VoqwsgBlen7cyu98N/JeTuRe60E=,p0wQXWuX+mSLrH+MhBi5XMs1JeM=
-16,4,VoqwsgBlen7cyu98N/JeTuRe60E=,m1gOVuL7mtOGYgZpmlyJBIVB6S4=
-15,21,VoqwsgBlen7cyu98N/JeTuRe60E=,6eNKLI5Gxd/lZiyfQq1hRIJn2iI=
-15,20,VoqwsgBlen7cyu98N/JeTuRe60E=,R7qMFZXZL3Wp7OYfdruTa2pT6ps=
-15,1,VoqwsgBlen7cyu98N/JeTuRe60E=,bT64IAWsuUWF1GYrM+haFp+CklA=
-15,2,VoqwsgBlen7cyu98N/JeTuRe60E=,6eNKLI5Gxd/lZiyfQq1hRIJn2iI=
-16,21,VoqwsgBlen7cyu98N/JeTuRe60E=,lPbxsoDml5Sm3pLrbegfR4iF7CA=
-16,22,M4cng7OWeL59/cHJZvDdmVjj90I=,6eNKLI5Gxd/lZiyfQq1hRIJn2iI=
-16,23,M4cng7OWeL59/cHJZvDdmVjj90I=,6eNKLI5Gxd/lZiyfQq1hRIJn2iI=
-16,24,M4cng7OWeL59/cHJZvDdmVjj90I=,6eNKLI5Gxd/lZiyfQq1hRIJn2iI=
-15,0,M4cng7OWeL59/cHJZvDdmVjj90I=,lPbxsoDml5Sm3pLrbegfR4iF7CA=
-14,19,M4cng7OWeL59/cHJZvDdmVjj90I=,R7qMFZXZL3Wp7OYfdruTa2pT6ps=
-15,19,M4cng7OWeL59/cHJZvDdmVjj90I=,lPbxsoDml5Sm3pLrbegfR4iF7CA=
-14,0,M4cng7OWeL59/cHJZvDdmVjj90I=,R7qMFZXZL3Wp7OYfdruTa2pT6ps=
-14,1,M4cng7OWeL59/cHJZvDdmVjj90I=,6eNKLI5Gxd/lZiyfQq1hRIJn2iI=
-13,18,M4cng7OWeL59/cHJZvDdmVjj90I=,6eNKLI5Gxd/lZiyfQq1hRIJn2iI=
-14,18,M4cng7OWeL59/cHJZvDdmVjj90I=,lPbxsoDml5Sm3pLrbegfR4iF7CA=
-13,1,M4cng7OWeL59/cHJZvDdmVjj90I=,6eNKLI5Gxd/lZiyfQq1hRIJn2iI=
-12,17,M4cng7OWeL59/cHJZvDdmVjj90I=,6eNKLI5Gxd/lZiyfQq1hRIJn2iI=
-13,17,M4cng7OWeL59/cHJZvDdmVjj90I=,lPbxsoDml5Sm3pLrbegfR4iF7CA=
-12,1,M4cng7OWeL59/cHJZvDdmVjj90I=,R7qMFZXZL3Wp7OYfdruTa2pT6ps=
-11,17,M4cng7OWeL59/cHJZvDdmVjj90I=,lPbxsoDml5Sm3pLrbegfR4iF7CA=
-11,18,M4cng7OWeL59/cHJZvDdmVjj90I=,6eNKLI5Gxd/lZiyfQq1hRIJn2iI=
-11,1,M4cng7OWeL59/cHJZvDdmVjj90I=,6eNKLI5Gxd/lZiyfQq1hRIJn2iI=
-11,0,M4cng7OWeL59/cHJZvDdmVjj90I=,lPbxsoDml5Sm3pLrbegfR4iF7CA=
-10,18,M4cng7OWeL59/cHJZvDdmVjj90I=,lPbxsoDml5Sm3pLrbegfR4iF7CA=
-10,17,M4cng7OWeL59/cHJZvDdmVjj90I=,5S0CQm0dhTlA9GfcGYQ8R5YEu5g=
-10,31,M4cng7OWeL59/cHJZvDdmVjj90I=,U7VSsRaqI1XoxfHpmy6ulHdxxaw=
-10,0,M4cng7OWeL59/cHJZvDdmVjj90I=,5S0CQm0dhTlA9GfcGYQ8R5YEu5g=
-11,31,M4cng7OWeL59/cHJZvDdmVjj90I=,lPbxsoDml5Sm3pLrbegfR4iF7CA=
-9,17,M4cng7OWeL59/cHJZvDdmVjj90I=,gnt7TvP077dtSM352wBSQrxSA18=
-10,1,M4cng7OWeL59/cHJZvDdmVjj90I=,cVyvQXazznI2CKGjhTakYLQQJ30=
-9,30,M4cng7OWeL59/cHJZvDdmVjj90I=,DfXJOGmzJHwnNzs99/5Hjx3GBOc=
-9,3,M4cng7OWeL59/cHJZvDdmVjj90I=,gnt7TvP077dtSM352wBSQrxSA18=
-9,2,M4cng7OWeL59/cHJZvDdmVjj90I=,gnt7TvP077dtSM352wBSQrxSA18=
-9,1,M4cng7OWeL59/cHJZvDdmVjj90I=,gnt7TvP077dtSM352wBSQrxSA18=
-10,30,M4cng7OWeL59/cHJZvDdmVjj90I=,cVyvQXazznI2CKGjhTakYLQQJ30=
-8,29,M4cng7OWeL59/cHJZvDdmVjj90I=,DfXJOGmzJHwnNzs99/5Hjx3GBOc=
-8,17,M4cng7OWeL59/cHJZvDdmVjj90I=,gnt7TvP077dtSM352wBSQrxSA18=
-8,1,M4cng7OWeL59/cHJZvDdmVjj90I=,gnt7TvP077dtSM352wBSQrxSA18=
-8,2,M4cng7OWeL59/cHJZvDdmVjj90I=,gnt7TvP077dtSM352wBSQrxSA18=
-8,3,M4cng7OWeL59/cHJZvDdmVjj90I=,gnt7TvP077dtSM352wBSQrxSA18=
-7,25,M4cng7OWeL59/cHJZvDdmVjj90I=,W8iwkariDcMcDLyGJpccv3W/4p4=
-7,24,M4cng7OWeL59/cHJZvDdmVjj90I=,cVyvQXazznI2CKGjhTakYLQQJ30=
-7,27,M4cng7OWeL59/cHJZvDdmVjj90I=,cVyvQXazznI2CKGjhTakYLQQJ30=
-7,26,M4cng7OWeL59/cHJZvDdmVjj90I=,DfXJOGmzJHwnNzs99/5Hjx3GBOc=
-7,17,M4cng7OWeL59/cHJZvDdmVjj90I=,DfXJOGmzJHwnNzs99/5Hjx3GBOc=
-7,16,M4cng7OWeL59/cHJZvDdmVjj90I=,DfXJOGmzJHwnNzs99/5Hjx3GBOc=
-7,19,M4cng7OWeL59/cHJZvDdmVjj90I=,DfXJOGmzJHwnNzs99/5Hjx3GBOc=
-7,18,M4cng7OWeL59/cHJZvDdmVjj90I=,DfXJOGmzJHwnNzs99/5Hjx3GBOc=
-7,21,M4cng7OWeL59/cHJZvDdmVjj90I=,gnt7TvP077dtSM352wBSQrxSA18=
-7,20,M4cng7OWeL59/cHJZvDdmVjj90I=,DfXJOGmzJHwnNzs99/5Hjx3GBOc=
-8,24,M4cng7OWeL59/cHJZvDdmVjj90I=,cVyvQXazznI2CKGjhTakYLQQJ30=
-8,25,M4cng7OWeL59/cHJZvDdmVjj90I=,cVyvQXazznI2CKGjhTakYLQQJ30=
-8,27,M4cng7OWeL59/cHJZvDdmVjj90I=,cVyvQXazznI2CKGjhTakYLQQJ30=
-8,28,M4cng7OWeL59/cHJZvDdmVjj90I=,gnt7TvP077dtSM352wBSQrxSA18=
-7,15,M4cng7OWeL59/cHJZvDdmVjj90I=,DfXJOGmzJHwnNzs99/5Hjx3GBOc=
-7,1,M4cng7OWeL59/cHJZvDdmVjj90I=,gnt7TvP077dtSM352wBSQrxSA18=
-7,3,M4cng7OWeL59/cHJZvDdmVjj90I=,DfXJOGmzJHwnNzs99/5Hjx3GBOc=
-7,4,M4cng7OWeL59/cHJZvDdmVjj90I=,gnt7TvP077dtSM352wBSQrxSA18=
-8,22,M4cng7OWeL59/cHJZvDdmVjj90I=,gnt7TvP077dtSM352wBSQrxSA18=
-8,23,M4cng7OWeL59/cHJZvDdmVjj90I=,gnt7TvP077dtSM352wBSQrxSA18=
-7,14,M4cng7OWeL59/cHJZvDdmVjj90I=,gnt7TvP077dtSM352wBSQrxSA18=
-6,16,M4cng7OWeL59/cHJZvDdmVjj90I=,gnt7TvP077dtSM352wBSQrxSA18=
-6,17,M4cng7OWeL59/cHJZvDdmVjj90I=,cVyvQXazznI2CKGjhTakYLQQJ30=
-6,10,M4cng7OWeL59/cHJZvDdmVjj90I=,DfXJOGmzJHwnNzs99/5Hjx3GBOc=
-6,11,M4cng7OWeL59/cHJZvDdmVjj90I=,gnt7TvP077dtSM352wBSQrxSA18=
-6,14,M4cng7OWeL59/cHJZvDdmVjj90I=,cVyvQXazznI2CKGjhTakYLQQJ30=
-6,12,M4cng7OWeL59/cHJZvDdmVjj90I=,W8iwkariDcMcDLyGJpccv3W/4p4=
-6,13,M4cng7OWeL59/cHJZvDdmVjj90I=,gnt7TvP077dtSM352wBSQrxSA18=
-6,1,M4cng7OWeL59/cHJZvDdmVjj90I=,gnt7TvP077dtSM352wBSQrxSA18=
-6,6,M4cng7OWeL59/cHJZvDdmVjj90I=,gnt7TvP077dtSM352wBSQrxSA18=
-6,4,M4cng7OWeL59/cHJZvDdmVjj90I=,W8iwkariDcMcDLyGJpccv3W/4p4=
-6,8,M4cng7OWeL59/cHJZvDdmVjj90I=,gnt7TvP077dtSM352wBSQrxSA18=
-6,3,M4cng7OWeL59/cHJZvDdmVjj90I=,cVyvQXazznI2CKGjhTakYLQQJ30=
-5,17,M4cng7OWeL59/cHJZvDdmVjj90I=,W6dwKKc7Sg8g7fyLzoYoEzoUW7I=
-6,0,M4cng7OWeL59/cHJZvDdmVjj90I=,cVyvQXazznI2CKGjhTakYLQQJ30=
-6,5,M4cng7OWeL59/cHJZvDdmVjj90I=,gnt7TvP077dtSM352wBSQrxSA18=
-5,10,M4cng7OWeL59/cHJZvDdmVjj90I=,cVyvQXazznI2CKGjhTakYLQQJ30=
-5,9,M4cng7OWeL59/cHJZvDdmVjj90I=,gnt7TvP077dtSM352wBSQrxSA18=
-5,8,M4cng7OWeL59/cHJZvDdmVjj90I=,pEHSfn5eTE5ZyO1K5Y10Mmvonpg=
-5,3,M4cng7OWeL59/cHJZvDdmVjj90I=,JYBC2eNt873NDX6qfN3Z5y7Ziwg=
-5,2,M4cng7OWeL59/cHJZvDdmVjj90I=,JYBC2eNt873NDX6qfN3Z5y7Ziwg=
-5,1,M4cng7OWeL59/cHJZvDdmVjj90I=,BiMgA9HG9Pw1Fd1H2FlgfpUTjQo=
-5,0,M4cng7OWeL59/cHJZvDdmVjj90I=,w8C1OC1wkJyLooLc1+CBJhIssvM=
-5,7,M4cng7OWeL59/cHJZvDdmVjj90I=,GaJSdnc+s+YrqDTBolo+7iRwtOE=
-5,4,M4cng7OWeL59/cHJZvDdmVjj90I=,GaJSdnc+s+YrqDTBolo+7iRwtOE=
-4,16,M4cng7OWeL59/cHJZvDdmVjj90I=,7aFHBZBauEEEcIkPXxVAiY5DMq4=
-4,15,M4cng7OWeL59/cHJZvDdmVjj90I=,GaJSdnc+s+YrqDTBolo+7iRwtOE=
-4,6,M4cng7OWeL59/cHJZvDdmVjj90I=,qvROd4Q/NN/7qxgsAr3Odvrara8=
-5,16,M4cng7OWeL59/cHJZvDdmVjj90I=,7aFHBZBauEEEcIkPXxVAiY5DMq4=
-4,7,M4cng7OWeL59/cHJZvDdmVjj90I=,7aFHBZBauEEEcIkPXxVAiY5DMq4=
-4,0,M4cng7OWeL59/cHJZvDdmVjj90I=,w8C1OC1wkJyLooLc1+CBJhIssvM=
-4,1,M4cng7OWeL59/cHJZvDdmVjj90I=,GaJSdnc+s+YrqDTBolo+7iRwtOE=
-4,2,M4cng7OWeL59/cHJZvDdmVjj90I=,GaJSdnc+s+YrqDTBolo+7iRwtOE=
-4,14,M4cng7OWeL59/cHJZvDdmVjj90I=,7aFHBZBauEEEcIkPXxVAiY5DMq4=
-4,5,M4cng7OWeL59/cHJZvDdmVjj90I=,7aFHBZBauEEEcIkPXxVAiY5DMq4=
-3,14,M4cng7OWeL59/cHJZvDdmVjj90I=,GaJSdnc+s+YrqDTBolo+7iRwtOE=
-3,5,M4cng7OWeL59/cHJZvDdmVjj90I=,qvROd4Q/NN/7qxgsAr3Odvrara8=
-3,0,M4cng7OWeL59/cHJZvDdmVjj90I=,w8C1OC1wkJyLooLc1+CBJhIssvM=
-3,2,M4cng7OWeL59/cHJZvDdmVjj90I=,GaJSdnc+s+YrqDTBolo+7iRwtOE=
-3,13,M4cng7OWeL59/cHJZvDdmVjj90I=,GaJSdnc+s+YrqDTBolo+7iRwtOE=
-3,12,M4cng7OWeL59/cHJZvDdmVjj90I=,GaJSdnc+s+YrqDTBolo+7iRwtOE=
-2,12,M4cng7OWeL59/cHJZvDdmVjj90I=,7aFHBZBauEEEcIkPXxVAiY5DMq4=
-2,10,M4cng7OWeL59/cHJZvDdmVjj90I=,7aFHBZBauEEEcIkPXxVAiY5DMq4=
-2,11,M4cng7OWeL59/cHJZvDdmVjj90I=,GaJSdnc+s+YrqDTBolo+7iRwtOE=
-2,8,M4cng7OWeL59/cHJZvDdmVjj90I=,qvROd4Q/NN/7qxgsAr3Odvrara8=
-2,9,M4cng7OWeL59/cHJZvDdmVjj90I=,GaJSdnc+s+YrqDTBolo+7iRwtOE=
-2,7,M4cng7OWeL59/cHJZvDdmVjj90I=,qvROd4Q/NN/7qxgsAr3Odvrara8=
-2,5,M4cng7OWeL59/cHJZvDdmVjj90I=,qvROd4Q/NN/7qxgsAr3Odvrara8=
-2,2,M4cng7OWeL59/cHJZvDdmVjj90I=,w8C1OC1wkJyLooLc1+CBJhIssvM=
-2,3,M4cng7OWeL59/cHJZvDdmVjj90I=,qvROd4Q/NN/7qxgsAr3Odvrara8=
-2,0,M4cng7OWeL59/cHJZvDdmVjj90I=,w8C1OC1wkJyLooLc1+CBJhIssvM=
-2,1,M4cng7OWeL59/cHJZvDdmVjj90I=,w8C1OC1wkJyLooLc1+CBJhIssvM=
-2,6,M4cng7OWeL59/cHJZvDdmVjj90I=,GaJSdnc+s+YrqDTBolo+7iRwtOE=
-2,4,M4cng7OWeL59/cHJZvDdmVjj90I=,GaJSdnc+s+YrqDTBolo+7iRwtOE=
-1,9,TzPKbZ+RcWKqU3Gp+29K++/+x0g=,hr/Nji2cJZXGAQrqyeR45uLZuKM=
-1,8,TzPKbZ+RcWKqU3Gp+29K++/+x0g=,mwusGo5lVN0oMe7RN51HqQlH3a8=
-1,7,TzPKbZ+RcWKqU3Gp+29K++/+x0g=,mwusGo5lVN0oMe7RN51HqQlH3a8=
-1,6,TzPKbZ+RcWKqU3Gp+29K++/+x0g=,mwusGo5lVN0oMe7RN51HqQlH3a8=
-1,5,TzPKbZ+RcWKqU3Gp+29K++/+x0g=,mwusGo5lVN0oMe7RN51HqQlH3a8=
-1,4,TzPKbZ+RcWKqU3Gp+29K++/+x0g=,mwusGo5lVN0oMe7RN51HqQlH3a8=
-1,3,TzPKbZ+RcWKqU3Gp+29K++/+x0g=,mwusGo5lVN0oMe7RN51HqQlH3a8=
-1,2,TzPKbZ+RcWKqU3Gp+29K++/+x0g=,mwusGo5lVN0oMe7RN51HqQlH3a8=
-1,1,TzPKbZ+RcWKqU3Gp+29K++/+x0g=,mwusGo5lVN0oMe7RN51HqQlH3a8=
-1,0,TzPKbZ+RcWKqU3Gp+29K++/+x0g=,LVPLHVI6cbfsW2+XY0kf+caYdBc=
