491,491,HR9az8Q/OjNTu7TPF0oQiX/v00A=,e7Xubyd4uvkv/CdEOtMwoBsBoiA=
492,491,HR9az8Q/OjNTu7TPF0oQiX/v00A=,e7Xubyd4uvkv/CdEOtMwoBsBoiA=
493,491,HR9az8Q/OjNTu7TPF0oQiX/v00A=,e7Xubyd4uvkv/CdEOtMwoBsBoiA=
494,491,HR9az8Q/OjNTu7TPF0oQiX/v00A=,e7Xubyd4uvkv/CdEOtMwoBsBoiA=
495,491,HR9az8Q/OjNTu7TPF0oQiX/v00A=,e7Xubyd4uvkv/CdEOtMwoBsBoiA=
489,492,HR9az8Q/OjNTu7TPF0oQiX/v00A=,e7Xubyd4uvkv/CdEOtMwoBsBoiA=
490,492,HR9az8Q/OjNTu7TPF0oQiX/v00A=,e7Xubyd4uvkv/CdEOtMwoBsBoiA=
491,492,HR9az8Q/OjNTu7TPF0oQiX/v00A=,e7Xubyd4uvkv/CdEOtMwoBsBoiA=
494,492,HR9az8Q/OjNTu7TPF0oQiX/v00A=,e7Xubyd4uvkv/CdEOtMwoBsBoiA=
492,492,HR9az8Q/OjNTu7TPF0oQiX/v00A=,e7Xubyd4uvkv/CdEOtMwoBsBoiA=
493,492,HR9az8Q/OjNTu7TPF0oQiX/v00A=,e7Xubyd4uvkv/CdEOtMwoBsBoiA=
495,492,HR9az8Q/OjNTu7TPF0oQiX/v00A=,e7Xubyd4uvkv/CdEOtMwoBsBoiA=
489,488,HR9az8Q/OjNTu7TPF0oQiX/v00A=,e7Xubyd4uvkv/CdEOtMwoBsBoiA=
490,488,HR9az8Q/OjNTu7TPF0oQiX/v00A=,e7Xubyd4uvkv/CdEOtMwoBsBoiA=
491,488,HR9az8Q/OjNTu7TPF0oQiX/v00A=,e7Xubyd4uvkv/CdEOtMwoBsBoiA=
492,488,HR9az8Q/OjNTu7TPF0oQiX/v00A=,e7Xubyd4uvkv/CdEOtMwoBsBoiA=
494,488,HR9az8Q/OjNTu7TPF0oQiX/v00A=,e7Xubyd4uvkv/CdEOtMwoBsBoiA=
495,488,HR9az8Q/OjNTu7TPF0oQiX/v00A=,e7Xubyd4uvkv/CdEOtMwoBsBoiA=
489,489,HR9az8Q/OjNTu7TPF0oQiX/v00A=,e7Xubyd4uvkv/CdEOtMwoBsBoiA=
493,488,HR9az8Q/OjNTu7TPF0oQiX/v00A=,e7Xubyd4uvkv/CdEOtMwoBsBoiA=
490,489,HR9az8Q/OjNTu7TPF0oQiX/v00A=,e7Xubyd4uvkv/CdEOtMwoBsBoiA=
491,489,HR9az8Q/OjNTu7TPF0oQiX/v00A=,e7Xubyd4uvkv/CdEOtMwoBsBoiA=
492,489,HR9az8Q/OjNTu7TPF0oQiX/v00A=,e7Xubyd4uvkv/CdEOtMwoBsBoiA=
493,489,HR9az8Q/OjNTu7TPF0oQiX/v00A=,e7Xubyd4uvkv/CdEOtMwoBsBoiA=
494,489,HR9az8Q/OjNTu7TPF0oQiX/v00A=,e7Xubyd4uvkv/CdEOtMwoBsBoiA=
495,489,HR9az8Q/OjNTu7TPF0oQiX/v00A=,e7Xubyd4uvkv/CdEOtMwoBsBoiA=
489,493,HR9az8Q/OjNTu7TPF0oQiX/v00A=,e7Xubyd4uvkv/CdEOtMwoBsBoiA=
489,490,HR9az8Q/OjNTu7TPF0oQiX/v00A=,e7Xubyd4uvkv/CdEOtMwoBsBoiA=
490,490,HR9az8Q/OjNTu7TPF0oQiX/v00A=,e7Xubyd4uvkv/CdEOtMwoBsBoiA=
491,490,HR9az8Q/OjNTu7TPF0oQiX/v00A=,e7Xubyd4uvkv/CdEOtMwoBsBoiA=
492,490,HR9az8Q/OjNTu7TPF0oQiX/v00A=,e7Xubyd4uvkv/CdEOtMwoBsBoiA=
491,493,HR9az8Q/OjNTu7TPF0oQiX/v00A=,e7Xubyd4uvkv/CdEOtMwoBsBoiA=
490,493,HR9az8Q/OjNTu7TPF0oQiX/v00A=,e7Xubyd4uvkv/CdEOtMwoBsBoiA=
492,493,HR9az8Q/OjNTu7TPF0oQiX/v00A=,e7Xubyd4uvkv/CdEOtMwoBsBoiA=
493,493,HR9az8Q/OjNTu7TPF0oQiX/v00A=,e7Xubyd4uvkv/CdEOtMwoBsBoiA=
494,493,HR9az8Q/OjNTu7TPF0oQiX/v00A=,e7Xubyd4uvkv/CdEOtMwoBsBoiA=
489,494,HR9az8Q/OjNTu7TPF0oQiX/v00A=,e7Xubyd4uvkv/CdEOtMwoBsBoiA=
490,494,HR9az8Q/OjNTu7TPF0oQiX/v00A=,e7Xubyd4uvkv/CdEOtMwoBsBoiA=
493,490,HR9az8Q/OjNTu7TPF0oQiX/v00A=,e7Xubyd4uvkv/CdEOtMwoBsBoiA=
490,491,HR9az8Q/OjNTu7TPF0oQiX/v00A=,e7Xubyd4uvkv/CdEOtMwoBsBoiA=
491,494,HR9az8Q/OjNTu7TPF0oQiX/v00A=,e7Xubyd4uvkv/CdEOtMwoBsBoiA=
492,494,HR9az8Q/OjNTu7TPF0oQiX/v00A=,e7Xubyd4uvkv/CdEOtMwoBsBoiA=
493,494,HR9az8Q/OjNTu7TPF0oQiX/v00A=,e7Xubyd4uvkv/CdEOtMwoBsBoiA=
495,495,HR9az8Q/OjNTu7TPF0oQiX/v00A=,e7Xubyd4uvkv/CdEOtMwoBsBoiA=
494,494,HR9az8Q/OjNTu7TPF0oQiX/v00A=,e7Xubyd4uvkv/CdEOtMwoBsBoiA=
495,493,HR9az8Q/OjNTu7TPF0oQiX/v00A=,e7Xubyd4uvkv/CdEOtMwoBsBoiA=
489,491,HR9az8Q/OjNTu7TPF0oQiX/v00A=,e7Xubyd4uvkv/CdEOtMwoBsBoiA=
494,495,HR9az8Q/OjNTu7TPF0oQiX/v00A=,e7Xubyd4uvkv/CdEOtMwoBsBoiA=
495,494,HR9az8Q/OjNTu7TPF0oQiX/v00A=,e7Xubyd4uvkv/CdEOtMwoBsBoiA=
489,495,HR9az8Q/OjNTu7TPF0oQiX/v00A=,e7Xubyd4uvkv/CdEOtMwoBsBoiA=
490,495,HR9az8Q/OjNTu7TPF0oQiX/v00A=,e7Xubyd4uvkv/CdEOtMwoBsBoiA=
493,495,HR9az8Q/OjNTu7TPF0oQiX/v00A=,e7Xubyd4uvkv/CdEOtMwoBsBoiA=
494,490,HR9az8Q/OjNTu7TPF0oQiX/v00A=,e7Xubyd4uvkv/CdEOtMwoBsBoiA=
492,495,HR9az8Q/OjNTu7TPF0oQiX/v00A=,e7Xubyd4uvkv/CdEOtMwoBsBoiA=
495,490,HR9az8Q/OjNTu7TPF0oQiX/v00A=,e7Xubyd4uvkv/CdEOtMwoBsBoiA=
491,495,HR9az8Q/OjNTu7TPF0oQiX/v00A=,e7Xubyd4uvkv/CdEOtMwoBsBoiA=
485,480,HR9az8Q/OjNTu7TPF0oQiX/v00A=,8zlHyHQ+U1B/xBQETKmZ7/10DyA=
480,480,HR9az8Q/OjNTu7TPF0oQiX/v00A=,8zlHyHQ+U1B/xBQETKmZ7/10DyA=
487,484,HR9az8Q/OjNTu7TPF0oQiX/v00A=,8zlHyHQ+U1B/xBQETKmZ7/10DyA=
485,485,HR9az8Q/OjNTu7TPF0oQiX/v00A=,8zlHyHQ+U1B/xBQETKmZ7/10DyA=
482,482,HR9az8Q/OjNTu7TPF0oQiX/v00A=,8zlHyHQ+U1B/xBQETKmZ7/10DyA=
481,482,HR9az8Q/OjNTu7TPF0oQiX/v00A=,8zlHyHQ+U1B/xBQETKmZ7/10DyA=
483,482,HR9az8Q/OjNTu7TPF0oQiX/v00A=,8zlHyHQ+U1B/xBQETKmZ7/10DyA=
484,482,HR9az8Q/OjNTu7TPF0oQiX/v00A=,8zlHyHQ+U1B/xBQETKmZ7/10DyA=
481,483,HR9az8Q/OjNTu7TPF0oQiX/v00A=,8zlHyHQ+U1B/xBQETKmZ7/10DyA=
485,482,HR9az8Q/OjNTu7TPF0oQiX/v00A=,8zlHyHQ+U1B/xBQETKmZ7/10DyA=
486,482,HR9az8Q/OjNTu7TPF0oQiX/v00A=,8zlHyHQ+U1B/xBQETKmZ7/10DyA=
484,480,HR9az8Q/OjNTu7TPF0oQiX/v00A=,8zlHyHQ+U1B/xBQETKmZ7/10DyA=
481,480,HR9az8Q/OjNTu7TPF0oQiX/v00A=,8zlHyHQ+U1B/xBQETKmZ7/10DyA=
487,482,HR9az8Q/OjNTu7TPF0oQiX/v00A=,8zlHyHQ+U1B/xBQETKmZ7/10DyA=
486,480,HR9az8Q/OjNTu7TPF0oQiX/v00A=,8zlHyHQ+U1B/xBQETKmZ7/10DyA=
480,485,HR9az8Q/OjNTu7TPF0oQiX/v00A=,8zlHyHQ+U1B/xBQETKmZ7/10DyA=
486,485,HR9az8Q/OjNTu7TPF0oQiX/v00A=,8zlHyHQ+U1B/xBQETKmZ7/10DyA=
487,483,HR9az8Q/OjNTu7TPF0oQiX/v00A=,8zlHyHQ+U1B/xBQETKmZ7/10DyA=
480,484,HR9az8Q/OjNTu7TPF0oQiX/v00A=,8zlHyHQ+U1B/xBQETKmZ7/10DyA=
481,484,HR9az8Q/OjNTu7TPF0oQiX/v00A=,8zlHyHQ+U1B/xBQETKmZ7/10DyA=
482,483,HR9az8Q/OjNTu7TPF0oQiX/v00A=,8zlHyHQ+U1B/xBQETKmZ7/10DyA=
487,480,HR9az8Q/OjNTu7TPF0oQiX/v00A=,8zlHyHQ+U1B/xBQETKmZ7/10DyA=
482,484,HR9az8Q/OjNTu7TPF0oQiX/v00A=,8zlHyHQ+U1B/xBQETKmZ7/10DyA=
483,483,HR9az8Q/OjNTu7TPF0oQiX/v00A=,8zlHyHQ+U1B/xBQETKmZ7/10DyA=
480,481,HR9az8Q/OjNTu7TPF0oQiX/v00A=,8zlHyHQ+U1B/xBQETKmZ7/10DyA=
484,483,HR9az8Q/OjNTu7TPF0oQiX/v00A=,8zlHyHQ+U1B/xBQETKmZ7/10DyA=
482,480,HR9az8Q/OjNTu7TPF0oQiX/v00A=,8zlHyHQ+U1B/xBQETKmZ7/10DyA=
487,485,HR9az8Q/OjNTu7TPF0oQiX/v00A=,8zlHyHQ+U1B/xBQETKmZ7/10DyA=
481,485,HR9az8Q/OjNTu7TPF0oQiX/v00A=,8zlHyHQ+U1B/xBQETKmZ7/10DyA=
483,484,HR9az8Q/OjNTu7TPF0oQiX/v00A=,8zlHyHQ+U1B/xBQETKmZ7/10DyA=
480,482,HR9az8Q/OjNTu7TPF0oQiX/v00A=,8zlHyHQ+U1B/xBQETKmZ7/10DyA=
487,481,HR9az8Q/OjNTu7TPF0oQiX/v00A=,8zlHyHQ+U1B/xBQETKmZ7/10DyA=
486,481,HR9az8Q/OjNTu7TPF0oQiX/v00A=,8zlHyHQ+U1B/xBQETKmZ7/10DyA=
484,481,HR9az8Q/OjNTu7TPF0oQiX/v00A=,8zlHyHQ+U1B/xBQETKmZ7/10DyA=
483,481,HR9az8Q/OjNTu7TPF0oQiX/v00A=,8zlHyHQ+U1B/xBQETKmZ7/10DyA=
483,480,HR9az8Q/OjNTu7TPF0oQiX/v00A=,8zlHyHQ+U1B/xBQETKmZ7/10DyA=
486,484,HR9az8Q/OjNTu7TPF0oQiX/v00A=,8zlHyHQ+U1B/xBQETKmZ7/10DyA=
482,481,HR9az8Q/OjNTu7TPF0oQiX/v00A=,8zlHyHQ+U1B/xBQETKmZ7/10DyA=
483,485,HR9az8Q/OjNTu7TPF0oQiX/v00A=,8zlHyHQ+U1B/xBQETKmZ7/10DyA=
484,485,HR9az8Q/OjNTu7TPF0oQiX/v00A=,8zlHyHQ+U1B/xBQETKmZ7/10DyA=
486,483,HR9az8Q/OjNTu7TPF0oQiX/v00A=,8zlHyHQ+U1B/xBQETKmZ7/10DyA=
481,481,HR9az8Q/OjNTu7TPF0oQiX/v00A=,8zlHyHQ+U1B/xBQETKmZ7/10DyA=
485,481,HR9az8Q/OjNTu7TPF0oQiX/v00A=,8zlHyHQ+U1B/xBQETKmZ7/10DyA=
482,485,HR9az8Q/OjNTu7TPF0oQiX/v00A=,8zlHyHQ+U1B/xBQETKmZ7/10DyA=
485,484,HR9az8Q/OjNTu7TPF0oQiX/v00A=,8zlHyHQ+U1B/xBQETKmZ7/10DyA=
484,484,HR9az8Q/OjNTu7TPF0oQiX/v00A=,8zlHyHQ+U1B/xBQETKmZ7/10DyA=
487,486,HR9az8Q/OjNTu7TPF0oQiX/v00A=,8zlHyHQ+U1B/xBQETKmZ7/10DyA=
486,486,HR9az8Q/OjNTu7TPF0oQiX/v00A=,8zlHyHQ+U1B/xBQETKmZ7/10DyA=
485,486,HR9az8Q/OjNTu7TPF0oQiX/v00A=,8zlHyHQ+U1B/xBQETKmZ7/10DyA=
485,483,HR9az8Q/OjNTu7TPF0oQiX/v00A=,8zlHyHQ+U1B/xBQETKmZ7/10DyA=
484,486,HR9az8Q/OjNTu7TPF0oQiX/v00A=,8zlHyHQ+U1B/xBQETKmZ7/10DyA=
483,486,HR9az8Q/OjNTu7TPF0oQiX/v00A=,8zlHyHQ+U1B/xBQETKmZ7/10DyA=
482,486,HR9az8Q/OjNTu7TPF0oQiX/v00A=,8zlHyHQ+U1B/xBQETKmZ7/10DyA=
481,486,HR9az8Q/OjNTu7TPF0oQiX/v00A=,8zlHyHQ+U1B/xBQETKmZ7/10DyA=
480,483,HR9az8Q/OjNTu7TPF0oQiX/v00A=,8zlHyHQ+U1B/xBQETKmZ7/10DyA=
484,487,HR9az8Q/OjNTu7TPF0oQiX/v00A=,8zlHyHQ+U1B/xBQETKmZ7/10DyA=
485,487,HR9az8Q/OjNTu7TPF0oQiX/v00A=,8zlHyHQ+U1B/xBQETKmZ7/10DyA=
480,486,HR9az8Q/OjNTu7TPF0oQiX/v00A=,8zlHyHQ+U1B/xBQETKmZ7/10DyA=
484,493,HR9az8Q/OjNTu7TPF0oQiX/v00A=,sCAEURLd8ZpTXul4m0kJoXqCg2M=
486,493,HR9az8Q/OjNTu7TPF0oQiX/v00A=,sCAEURLd8ZpTXul4m0kJoXqCg2M=
486,487,HR9az8Q/OjNTu7TPF0oQiX/v00A=,8zlHyHQ+U1B/xBQETKmZ7/10DyA=
485,493,HR9az8Q/OjNTu7TPF0oQiX/v00A=,sCAEURLd8ZpTXul4m0kJoXqCg2M=
480,494,HR9az8Q/OjNTu7TPF0oQiX/v00A=,sCAEURLd8ZpTXul4m0kJoXqCg2M=
481,494,HR9az8Q/OjNTu7TPF0oQiX/v00A=,sCAEURLd8ZpTXul4m0kJoXqCg2M=
487,487,HR9az8Q/OjNTu7TPF0oQiX/v00A=,8zlHyHQ+U1B/xBQETKmZ7/10DyA=
488,492,HR9az8Q/OjNTu7TPF0oQiX/v00A=,e7Xubyd4uvkv/CdEOtMwoBsBoiA=
487,493,HR9az8Q/OjNTu7TPF0oQiX/v00A=,sCAEURLd8ZpTXul4m0kJoXqCg2M=
485,492,HR9az8Q/OjNTu7TPF0oQiX/v00A=,sCAEURLd8ZpTXul4m0kJoXqCg2M=
487,492,HR9az8Q/OjNTu7TPF0oQiX/v00A=,sCAEURLd8ZpTXul4m0kJoXqCg2M=
486,492,HR9az8Q/OjNTu7TPF0oQiX/v00A=,sCAEURLd8ZpTXul4m0kJoXqCg2M=
484,492,HR9az8Q/OjNTu7TPF0oQiX/v00A=,sCAEURLd8ZpTXul4m0kJoXqCg2M=
480,493,HR9az8Q/OjNTu7TPF0oQiX/v00A=,sCAEURLd8ZpTXul4m0kJoXqCg2M=
483,492,HR9az8Q/OjNTu7TPF0oQiX/v00A=,sCAEURLd8ZpTXul4m0kJoXqCg2M=
483,487,HR9az8Q/OjNTu7TPF0oQiX/v00A=,8zlHyHQ+U1B/xBQETKmZ7/10DyA=
487,491,HR9az8Q/OjNTu7TPF0oQiX/v00A=,sCAEURLd8ZpTXul4m0kJoXqCg2M=
488,495,HR9az8Q/OjNTu7TPF0oQiX/v00A=,e7Xubyd4uvkv/CdEOtMwoBsBoiA=
482,487,HR9az8Q/OjNTu7TPF0oQiX/v00A=,8zlHyHQ+U1B/xBQETKmZ7/10DyA=
485,491,HR9az8Q/OjNTu7TPF0oQiX/v00A=,sCAEURLd8ZpTXul4m0kJoXqCg2M=
481,487,HR9az8Q/OjNTu7TPF0oQiX/v00A=,8zlHyHQ+U1B/xBQETKmZ7/10DyA=
488,491,HR9az8Q/OjNTu7TPF0oQiX/v00A=,e7Xubyd4uvkv/CdEOtMwoBsBoiA=
482,494,HR9az8Q/OjNTu7TPF0oQiX/v00A=,sCAEURLd8ZpTXul4m0kJoXqCg2M=
486,491,HR9az8Q/OjNTu7TPF0oQiX/v00A=,sCAEURLd8ZpTXul4m0kJoXqCg2M=
484,491,HR9az8Q/OjNTu7TPF0oQiX/v00A=,sCAEURLd8ZpTXul4m0kJoXqCg2M=
488,490,HR9az8Q/OjNTu7TPF0oQiX/v00A=,e7Xubyd4uvkv/CdEOtMwoBsBoiA=
488,489,HR9az8Q/OjNTu7TPF0oQiX/v00A=,e7Xubyd4uvkv/CdEOtMwoBsBoiA=
483,491,HR9az8Q/OjNTu7TPF0oQiX/v00A=,sCAEURLd8ZpTXul4m0kJoXqCg2M=
488,493,HR9az8Q/OjNTu7TPF0oQiX/v00A=,e7Xubyd4uvkv/CdEOtMwoBsBoiA=
488,494,HR9az8Q/OjNTu7TPF0oQiX/v00A=,e7Xubyd4uvkv/CdEOtMwoBsBoiA=
482,491,HR9az8Q/OjNTu7TPF0oQiX/v00A=,sCAEURLd8ZpTXul4m0kJoXqCg2M=
487,490,HR9az8Q/OjNTu7TPF0oQiX/v00A=,sCAEURLd8ZpTXul4m0kJoXqCg2M=
480,488,HR9az8Q/OjNTu7TPF0oQiX/v00A=,sCAEURLd8ZpTXul4m0kJoXqCg2M=
486,490,HR9az8Q/OjNTu7TPF0oQiX/v00A=,sCAEURLd8ZpTXul4m0kJoXqCg2M=
485,490,HR9az8Q/OjNTu7TPF0oQiX/v00A=,sCAEURLd8ZpTXul4m0kJoXqCg2M=
484,490,HR9az8Q/OjNTu7TPF0oQiX/v00A=,sCAEURLd8ZpTXul4m0kJoXqCg2M=
482,490,HR9az8Q/OjNTu7TPF0oQiX/v00A=,sCAEURLd8ZpTXul4m0kJoXqCg2M=
480,487,HR9az8Q/OjNTu7TPF0oQiX/v00A=,8zlHyHQ+U1B/xBQETKmZ7/10DyA=
487,489,HR9az8Q/OjNTu7TPF0oQiX/v00A=,sCAEURLd8ZpTXul4m0kJoXqCg2M=
483,490,HR9az8Q/OjNTu7TPF0oQiX/v00A=,sCAEURLd8ZpTXul4m0kJoXqCg2M=
488,488,HR9az8Q/OjNTu7TPF0oQiX/v00A=,e7Xubyd4uvkv/CdEOtMwoBsBoiA=
486,489,HR9az8Q/OjNTu7TPF0oQiX/v00A=,sCAEURLd8ZpTXul4m0kJoXqCg2M=
481,493,HR9az8Q/OjNTu7TPF0oQiX/v00A=,sCAEURLd8ZpTXul4m0kJoXqCg2M=
485,489,HR9az8Q/OjNTu7TPF0oQiX/v00A=,sCAEURLd8ZpTXul4m0kJoXqCg2M=
483,493,HR9az8Q/OjNTu7TPF0oQiX/v00A=,sCAEURLd8ZpTXul4m0kJoXqCg2M=
480,492,HR9az8Q/OjNTu7TPF0oQiX/v00A=,sCAEURLd8ZpTXul4m0kJoXqCg2M=
482,492,HR9az8Q/OjNTu7TPF0oQiX/v00A=,sCAEURLd8ZpTXul4m0kJoXqCg2M=
483,495,HR9az8Q/OjNTu7TPF0oQiX/v00A=,sCAEURLd8ZpTXul4m0kJoXqCg2M=
483,489,HR9az8Q/OjNTu7TPF0oQiX/v00A=,sCAEURLd8ZpTXul4m0kJoXqCg2M=
484,489,HR9az8Q/OjNTu7TPF0oQiX/v00A=,sCAEURLd8ZpTXul4m0kJoXqCg2M=
482,489,HR9az8Q/OjNTu7TPF0oQiX/v00A=,sCAEURLd8ZpTXul4m0kJoXqCg2M=
481,489,HR9az8Q/OjNTu7TPF0oQiX/v00A=,sCAEURLd8ZpTXul4m0kJoXqCg2M=
481,490,HR9az8Q/OjNTu7TPF0oQiX/v00A=,sCAEURLd8ZpTXul4m0kJoXqCg2M=
482,495,HR9az8Q/OjNTu7TPF0oQiX/v00A=,sCAEURLd8ZpTXul4m0kJoXqCg2M=
487,488,HR9az8Q/OjNTu7TPF0oQiX/v00A=,sCAEURLd8ZpTXul4m0kJoXqCg2M=
481,495,HR9az8Q/OjNTu7TPF0oQiX/v00A=,sCAEURLd8ZpTXul4m0kJoXqCg2M=
486,488,HR9az8Q/OjNTu7TPF0oQiX/v00A=,sCAEURLd8ZpTXul4m0kJoXqCg2M=
480,495,HR9az8Q/OjNTu7TPF0oQiX/v00A=,sCAEURLd8ZpTXul4m0kJoXqCg2M=
485,488,HR9az8Q/OjNTu7TPF0oQiX/v00A=,sCAEURLd8ZpTXul4m0kJoXqCg2M=
483,494,HR9az8Q/OjNTu7TPF0oQiX/v00A=,sCAEURLd8ZpTXul4m0kJoXqCg2M=
487,494,HR9az8Q/OjNTu7TPF0oQiX/v00A=,sCAEURLd8ZpTXul4m0kJoXqCg2M=
481,488,HR9az8Q/OjNTu7TPF0oQiX/v00A=,sCAEURLd8ZpTXul4m0kJoXqCg2M=
480,489,HR9az8Q/OjNTu7TPF0oQiX/v00A=,sCAEURLd8ZpTXul4m0kJoXqCg2M=
487,495,HR9az8Q/OjNTu7TPF0oQiX/v00A=,sCAEURLd8ZpTXul4m0kJoXqCg2M=
483,488,HR9az8Q/OjNTu7TPF0oQiX/v00A=,sCAEURLd8ZpTXul4m0kJoXqCg2M=
484,488,HR9az8Q/OjNTu7TPF0oQiX/v00A=,sCAEURLd8ZpTXul4m0kJoXqCg2M=
486,494,HR9az8Q/OjNTu7TPF0oQiX/v00A=,sCAEURLd8ZpTXul4m0kJoXqCg2M=
482,493,HR9az8Q/OjNTu7TPF0oQiX/v00A=,sCAEURLd8ZpTXul4m0kJoXqCg2M=
481,492,HR9az8Q/OjNTu7TPF0oQiX/v00A=,sCAEURLd8ZpTXul4m0kJoXqCg2M=
480,491,HR9az8Q/OjNTu7TPF0oQiX/v00A=,sCAEURLd8ZpTXul4m0kJoXqCg2M=
482,488,HR9az8Q/OjNTu7TPF0oQiX/v00A=,sCAEURLd8ZpTXul4m0kJoXqCg2M=
480,490,HR9az8Q/OjNTu7TPF0oQiX/v00A=,sCAEURLd8ZpTXul4m0kJoXqCg2M=
486,495,HR9az8Q/OjNTu7TPF0oQiX/v00A=,sCAEURLd8ZpTXul4m0kJoXqCg2M=
484,495,HR9az8Q/OjNTu7TPF0oQiX/v00A=,sCAEURLd8ZpTXul4m0kJoXqCg2M=
481,491,HR9az8Q/OjNTu7TPF0oQiX/v00A=,sCAEURLd8ZpTXul4m0kJoXqCg2M=
484,494,HR9az8Q/OjNTu7TPF0oQiX/v00A=,sCAEURLd8ZpTXul4m0kJoXqCg2M=
485,494,HR9az8Q/OjNTu7TPF0oQiX/v00A=,sCAEURLd8ZpTXul4m0kJoXqCg2M=
485,495,HR9az8Q/OjNTu7TPF0oQiX/v00A=,sCAEURLd8ZpTXul4m0kJoXqCg2M=
486,502,HR9az8Q/OjNTu7TPF0oQiX/v00A=,RgVhGOAYTUu0hLbhzuxMKv1qP0s=
486,500,HR9az8Q/OjNTu7TPF0oQiX/v00A=,RgVhGOAYTUu0hLbhzuxMKv1qP0s=
485,502,HR9az8Q/OjNTu7TPF0oQiX/v00A=,RgVhGOAYTUu0hLbhzuxMKv1qP0s=
480,500,HR9az8Q/OjNTu7TPF0oQiX/v00A=,RgVhGOAYTUu0hLbhzuxMKv1qP0s=
484,496,HR9az8Q/OjNTu7TPF0oQiX/v00A=,RgVhGOAYTUu0hLbhzuxMKv1qP0s=
480,499,HR9az8Q/OjNTu7TPF0oQiX/v00A=,RgVhGOAYTUu0hLbhzuxMKv1qP0s=
486,498,HR9az8Q/OjNTu7TPF0oQiX/v00A=,RgVhGOAYTUu0hLbhzuxMKv1qP0s=
485,498,HR9az8Q/OjNTu7TPF0oQiX/v00A=,RgVhGOAYTUu0hLbhzuxMKv1qP0s=
482,497,HR9az8Q/OjNTu7TPF0oQiX/v00A=,RgVhGOAYTUu0hLbhzuxMKv1qP0s=
484,498,HR9az8Q/OjNTu7TPF0oQiX/v00A=,RgVhGOAYTUu0hLbhzuxMKv1qP0s=
483,498,HR9az8Q/OjNTu7TPF0oQiX/v00A=,RgVhGOAYTUu0hLbhzuxMKv1qP0s=
482,498,HR9az8Q/OjNTu7TPF0oQiX/v00A=,RgVhGOAYTUu0hLbhzuxMKv1qP0s=
481,497,HR9az8Q/OjNTu7TPF0oQiX/v00A=,RgVhGOAYTUu0hLbhzuxMKv1qP0s=
485,500,HR9az8Q/OjNTu7TPF0oQiX/v00A=,RgVhGOAYTUu0hLbhzuxMKv1qP0s=
480,497,HR9az8Q/OjNTu7TPF0oQiX/v00A=,RgVhGOAYTUu0hLbhzuxMKv1qP0s=
484,502,HR9az8Q/OjNTu7TPF0oQiX/v00A=,RgVhGOAYTUu0hLbhzuxMKv1qP0s=
484,500,HR9az8Q/OjNTu7TPF0oQiX/v00A=,RgVhGOAYTUu0hLbhzuxMKv1qP0s=
483,496,HR9az8Q/OjNTu7TPF0oQiX/v00A=,RgVhGOAYTUu0hLbhzuxMKv1qP0s=
483,502,HR9az8Q/OjNTu7TPF0oQiX/v00A=,RgVhGOAYTUu0hLbhzuxMKv1qP0s=
482,502,HR9az8Q/OjNTu7TPF0oQiX/v00A=,RgVhGOAYTUu0hLbhzuxMKv1qP0s=
481,502,HR9az8Q/OjNTu7TPF0oQiX/v00A=,RgVhGOAYTUu0hLbhzuxMKv1qP0s=
480,502,HR9az8Q/OjNTu7TPF0oQiX/v00A=,RgVhGOAYTUu0hLbhzuxMKv1qP0s=
483,500,HR9az8Q/OjNTu7TPF0oQiX/v00A=,RgVhGOAYTUu0hLbhzuxMKv1qP0s=
486,499,HR9az8Q/OjNTu7TPF0oQiX/v00A=,RgVhGOAYTUu0hLbhzuxMKv1qP0s=
484,499,HR9az8Q/OjNTu7TPF0oQiX/v00A=,RgVhGOAYTUu0hLbhzuxMKv1qP0s=
486,501,HR9az8Q/OjNTu7TPF0oQiX/v00A=,RgVhGOAYTUu0hLbhzuxMKv1qP0s=
485,501,HR9az8Q/OjNTu7TPF0oQiX/v00A=,RgVhGOAYTUu0hLbhzuxMKv1qP0s=
484,501,HR9az8Q/OjNTu7TPF0oQiX/v00A=,RgVhGOAYTUu0hLbhzuxMKv1qP0s=
481,498,HR9az8Q/OjNTu7TPF0oQiX/v00A=,RgVhGOAYTUu0hLbhzuxMKv1qP0s=
480,498,HR9az8Q/OjNTu7TPF0oQiX/v00A=,RgVhGOAYTUu0hLbhzuxMKv1qP0s=
485,499,HR9az8Q/OjNTu7TPF0oQiX/v00A=,RgVhGOAYTUu0hLbhzuxMKv1qP0s=
486,497,HR9az8Q/OjNTu7TPF0oQiX/v00A=,RgVhGOAYTUu0hLbhzuxMKv1qP0s=
485,497,HR9az8Q/OjNTu7TPF0oQiX/v00A=,RgVhGOAYTUu0hLbhzuxMKv1qP0s=
482,496,HR9az8Q/OjNTu7TPF0oQiX/v00A=,RgVhGOAYTUu0hLbhzuxMKv1qP0s=
482,500,HR9az8Q/OjNTu7TPF0oQiX/v00A=,RgVhGOAYTUu0hLbhzuxMKv1qP0s=
483,499,HR9az8Q/OjNTu7TPF0oQiX/v00A=,RgVhGOAYTUu0hLbhzuxMKv1qP0s=
484,497,HR9az8Q/OjNTu7TPF0oQiX/v00A=,RgVhGOAYTUu0hLbhzuxMKv1qP0s=
483,501,HR9az8Q/OjNTu7TPF0oQiX/v00A=,RgVhGOAYTUu0hLbhzuxMKv1qP0s=
483,497,HR9az8Q/OjNTu7TPF0oQiX/v00A=,RgVhGOAYTUu0hLbhzuxMKv1qP0s=
481,496,HR9az8Q/OjNTu7TPF0oQiX/v00A=,RgVhGOAYTUu0hLbhzuxMKv1qP0s=
486,503,HR9az8Q/OjNTu7TPF0oQiX/v00A=,RgVhGOAYTUu0hLbhzuxMKv1qP0s=
482,501,HR9az8Q/OjNTu7TPF0oQiX/v00A=,RgVhGOAYTUu0hLbhzuxMKv1qP0s=
485,503,HR9az8Q/OjNTu7TPF0oQiX/v00A=,RgVhGOAYTUu0hLbhzuxMKv1qP0s=
481,500,HR9az8Q/OjNTu7TPF0oQiX/v00A=,RgVhGOAYTUu0hLbhzuxMKv1qP0s=
484,503,HR9az8Q/OjNTu7TPF0oQiX/v00A=,RgVhGOAYTUu0hLbhzuxMKv1qP0s=
482,499,HR9az8Q/OjNTu7TPF0oQiX/v00A=,RgVhGOAYTUu0hLbhzuxMKv1qP0s=
481,501,HR9az8Q/OjNTu7TPF0oQiX/v00A=,RgVhGOAYTUu0hLbhzuxMKv1qP0s=
483,503,HR9az8Q/OjNTu7TPF0oQiX/v00A=,RgVhGOAYTUu0hLbhzuxMKv1qP0s=
482,503,HR9az8Q/OjNTu7TPF0oQiX/v00A=,RgVhGOAYTUu0hLbhzuxMKv1qP0s=
481,499,HR9az8Q/OjNTu7TPF0oQiX/v00A=,RgVhGOAYTUu0hLbhzuxMKv1qP0s=
481,503,HR9az8Q/OjNTu7TPF0oQiX/v00A=,RgVhGOAYTUu0hLbhzuxMKv1qP0s=
480,501,HR9az8Q/OjNTu7TPF0oQiX/v00A=,RgVhGOAYTUu0hLbhzuxMKv1qP0s=
480,503,HR9az8Q/OjNTu7TPF0oQiX/v00A=,RgVhGOAYTUu0hLbhzuxMKv1qP0s=
486,496,HR9az8Q/OjNTu7TPF0oQiX/v00A=,RgVhGOAYTUu0hLbhzuxMKv1qP0s=
480,496,HR9az8Q/OjNTu7TPF0oQiX/v00A=,RgVhGOAYTUu0hLbhzuxMKv1qP0s=
485,496,HR9az8Q/OjNTu7TPF0oQiX/v00A=,RgVhGOAYTUu0hLbhzuxMKv1qP0s=
494,508,HR9az8Q/OjNTu7TPF0oQiX/v00A=,bhyLPngwP6HJ1FqAjEN2PsaeLco=
493,508,HR9az8Q/OjNTu7TPF0oQiX/v00A=,bhyLPngwP6HJ1FqAjEN2PsaeLco=
492,508,HR9az8Q/OjNTu7TPF0oQiX/v00A=,bhyLPngwP6HJ1FqAjEN2PsaeLco=
491,508,HR9az8Q/OjNTu7TPF0oQiX/v00A=,bhyLPngwP6HJ1FqAjEN2PsaeLco=
490,508,HR9az8Q/OjNTu7TPF0oQiX/v00A=,bhyLPngwP6HJ1FqAjEN2PsaeLco=
489,508,HR9az8Q/OjNTu7TPF0oQiX/v00A=,bhyLPngwP6HJ1FqAjEN2PsaeLco=
488,508,HR9az8Q/OjNTu7TPF0oQiX/v00A=,bhyLPngwP6HJ1FqAjEN2PsaeLco=
495,508,HR9az8Q/OjNTu7TPF0oQiX/v00A=,bhyLPngwP6HJ1FqAjEN2PsaeLco=
489,509,HR9az8Q/OjNTu7TPF0oQiX/v00A=,bhyLPngwP6HJ1FqAjEN2PsaeLco=
488,509,HR9az8Q/OjNTu7TPF0oQiX/v00A=,bhyLPngwP6HJ1FqAjEN2PsaeLco=
490,509,HR9az8Q/OjNTu7TPF0oQiX/v00A=,bhyLPngwP6HJ1FqAjEN2PsaeLco=
491,509,HR9az8Q/OjNTu7TPF0oQiX/v00A=,bhyLPngwP6HJ1FqAjEN2PsaeLco=
492,509,HR9az8Q/OjNTu7TPF0oQiX/v00A=,bhyLPngwP6HJ1FqAjEN2PsaeLco=
493,507,HR9az8Q/OjNTu7TPF0oQiX/v00A=,bhyLPngwP6HJ1FqAjEN2PsaeLco=
493,509,HR9az8Q/OjNTu7TPF0oQiX/v00A=,bhyLPngwP6HJ1FqAjEN2PsaeLco=
492,507,HR9az8Q/OjNTu7TPF0oQiX/v00A=,bhyLPngwP6HJ1FqAjEN2PsaeLco=
494,509,HR9az8Q/OjNTu7TPF0oQiX/v00A=,bhyLPngwP6HJ1FqAjEN2PsaeLco=
491,507,HR9az8Q/OjNTu7TPF0oQiX/v00A=,bhyLPngwP6HJ1FqAjEN2PsaeLco=
490,507,HR9az8Q/OjNTu7TPF0oQiX/v00A=,bhyLPngwP6HJ1FqAjEN2PsaeLco=
488,507,HR9az8Q/OjNTu7TPF0oQiX/v00A=,bhyLPngwP6HJ1FqAjEN2PsaeLco=
489,507,HR9az8Q/OjNTu7TPF0oQiX/v00A=,bhyLPngwP6HJ1FqAjEN2PsaeLco=
495,509,HR9az8Q/OjNTu7TPF0oQiX/v00A=,bhyLPngwP6HJ1FqAjEN2PsaeLco=
488,510,HR9az8Q/OjNTu7TPF0oQiX/v00A=,bhyLPngwP6HJ1FqAjEN2PsaeLco=
489,510,HR9az8Q/OjNTu7TPF0oQiX/v00A=,bhyLPngwP6HJ1FqAjEN2PsaeLco=
490,510,HR9az8Q/OjNTu7TPF0oQiX/v00A=,bhyLPngwP6HJ1FqAjEN2PsaeLco=
491,510,HR9az8Q/OjNTu7TPF0oQiX/v00A=,bhyLPngwP6HJ1FqAjEN2PsaeLco=
492,510,HR9az8Q/OjNTu7TPF0oQiX/v00A=,bhyLPngwP6HJ1FqAjEN2PsaeLco=
493,510,HR9az8Q/OjNTu7TPF0oQiX/v00A=,bhyLPngwP6HJ1FqAjEN2PsaeLco=
494,510,HR9az8Q/OjNTu7TPF0oQiX/v00A=,bhyLPngwP6HJ1FqAjEN2PsaeLco=
495,507,HR9az8Q/OjNTu7TPF0oQiX/v00A=,bhyLPngwP6HJ1FqAjEN2PsaeLco=
492,506,HR9az8Q/OjNTu7TPF0oQiX/v00A=,bhyLPngwP6HJ1FqAjEN2PsaeLco=
491,506,HR9az8Q/OjNTu7TPF0oQiX/v00A=,bhyLPngwP6HJ1FqAjEN2PsaeLco=
490,506,HR9az8Q/OjNTu7TPF0oQiX/v00A=,bhyLPngwP6HJ1FqAjEN2PsaeLco=
495,506,HR9az8Q/OjNTu7TPF0oQiX/v00A=,bhyLPngwP6HJ1FqAjEN2PsaeLco=
489,506,HR9az8Q/OjNTu7TPF0oQiX/v00A=,bhyLPngwP6HJ1FqAjEN2PsaeLco=
488,506,HR9az8Q/OjNTu7TPF0oQiX/v00A=,bhyLPngwP6HJ1FqAjEN2PsaeLco=
493,506,HR9az8Q/OjNTu7TPF0oQiX/v00A=,bhyLPngwP6HJ1FqAjEN2PsaeLco=
491,505,HR9az8Q/OjNTu7TPF0oQiX/v00A=,bhyLPngwP6HJ1FqAjEN2PsaeLco=
490,505,HR9az8Q/OjNTu7TPF0oQiX/v00A=,bhyLPngwP6HJ1FqAjEN2PsaeLco=
489,505,HR9az8Q/OjNTu7TPF0oQiX/v00A=,bhyLPngwP6HJ1FqAjEN2PsaeLco=
488,505,HR9az8Q/OjNTu7TPF0oQiX/v00A=,bhyLPngwP6HJ1FqAjEN2PsaeLco=
495,511,HR9az8Q/OjNTu7TPF0oQiX/v00A=,bhyLPngwP6HJ1FqAjEN2PsaeLco=
494,511,HR9az8Q/OjNTu7TPF0oQiX/v00A=,bhyLPngwP6HJ1FqAjEN2PsaeLco=
493,511,HR9az8Q/OjNTu7TPF0oQiX/v00A=,bhyLPngwP6HJ1FqAjEN2PsaeLco=
492,511,HR9az8Q/OjNTu7TPF0oQiX/v00A=,bhyLPngwP6HJ1FqAjEN2PsaeLco=
494,507,HR9az8Q/OjNTu7TPF0oQiX/v00A=,bhyLPngwP6HJ1FqAjEN2PsaeLco=
491,511,HR9az8Q/OjNTu7TPF0oQiX/v00A=,bhyLPngwP6HJ1FqAjEN2PsaeLco=
489,511,HR9az8Q/OjNTu7TPF0oQiX/v00A=,bhyLPngwP6HJ1FqAjEN2PsaeLco=
490,511,HR9az8Q/OjNTu7TPF0oQiX/v00A=,bhyLPngwP6HJ1FqAjEN2PsaeLco=
488,511,HR9az8Q/OjNTu7TPF0oQiX/v00A=,bhyLPngwP6HJ1FqAjEN2PsaeLco=
495,510,HR9az8Q/OjNTu7TPF0oQiX/v00A=,bhyLPngwP6HJ1FqAjEN2PsaeLco=
492,505,HR9az8Q/OjNTu7TPF0oQiX/v00A=,bhyLPngwP6HJ1FqAjEN2PsaeLco=
493,505,HR9az8Q/OjNTu7TPF0oQiX/v00A=,bhyLPngwP6HJ1FqAjEN2PsaeLco=
495,503,HR9az8Q/OjNTu7TPF0oQiX/v00A=,K9byjZaZCFAjDNwCzII3RpmX8GY=
493,498,HR9az8Q/OjNTu7TPF0oQiX/v00A=,K9byjZaZCFAjDNwCzII3RpmX8GY=
494,498,HR9az8Q/OjNTu7TPF0oQiX/v00A=,K9byjZaZCFAjDNwCzII3RpmX8GY=
492,498,HR9az8Q/OjNTu7TPF0oQiX/v00A=,K9byjZaZCFAjDNwCzII3RpmX8GY=
487,500,HR9az8Q/OjNTu7TPF0oQiX/v00A=,RgVhGOAYTUu0hLbhzuxMKv1qP0s=
495,498,HR9az8Q/OjNTu7TPF0oQiX/v00A=,K9byjZaZCFAjDNwCzII3RpmX8GY=
491,498,HR9az8Q/OjNTu7TPF0oQiX/v00A=,K9byjZaZCFAjDNwCzII3RpmX8GY=
495,505,HR9az8Q/OjNTu7TPF0oQiX/v00A=,bhyLPngwP6HJ1FqAjEN2PsaeLco=
490,503,HR9az8Q/OjNTu7TPF0oQiX/v00A=,K9byjZaZCFAjDNwCzII3RpmX8GY=
495,497,HR9az8Q/OjNTu7TPF0oQiX/v00A=,K9byjZaZCFAjDNwCzII3RpmX8GY=
489,503,HR9az8Q/OjNTu7TPF0oQiX/v00A=,K9byjZaZCFAjDNwCzII3RpmX8GY=
494,497,HR9az8Q/OjNTu7TPF0oQiX/v00A=,K9byjZaZCFAjDNwCzII3RpmX8GY=
494,505,HR9az8Q/OjNTu7TPF0oQiX/v00A=,bhyLPngwP6HJ1FqAjEN2PsaeLco=
488,503,HR9az8Q/OjNTu7TPF0oQiX/v00A=,K9byjZaZCFAjDNwCzII3RpmX8GY=
493,497,HR9az8Q/OjNTu7TPF0oQiX/v00A=,K9byjZaZCFAjDNwCzII3RpmX8GY=
492,497,HR9az8Q/OjNTu7TPF0oQiX/v00A=,K9byjZaZCFAjDNwCzII3RpmX8GY=
488,499,HR9az8Q/OjNTu7TPF0oQiX/v00A=,K9byjZaZCFAjDNwCzII3RpmX8GY=
487,499,HR9az8Q/OjNTu7TPF0oQiX/v00A=,RgVhGOAYTUu0hLbhzuxMKv1qP0s=
495,502,HR9az8Q/OjNTu7TPF0oQiX/v00A=,K9byjZaZCFAjDNwCzII3RpmX8GY=
494,506,HR9az8Q/OjNTu7TPF0oQiX/v00A=,bhyLPngwP6HJ1FqAjEN2PsaeLco=
487,498,HR9az8Q/OjNTu7TPF0oQiX/v00A=,RgVhGOAYTUu0hLbhzuxMKv1qP0s=
494,502,HR9az8Q/OjNTu7TPF0oQiX/v00A=,K9byjZaZCFAjDNwCzII3RpmX8GY=
491,497,HR9az8Q/OjNTu7TPF0oQiX/v00A=,K9byjZaZCFAjDNwCzII3RpmX8GY=
491,503,HR9az8Q/OjNTu7TPF0oQiX/v00A=,K9byjZaZCFAjDNwCzII3RpmX8GY=
492,503,HR9az8Q/OjNTu7TPF0oQiX/v00A=,K9byjZaZCFAjDNwCzII3RpmX8GY=
490,497,HR9az8Q/OjNTu7TPF0oQiX/v00A=,K9byjZaZCFAjDNwCzII3RpmX8GY=
494,503,HR9az8Q/OjNTu7TPF0oQiX/v00A=,K9byjZaZCFAjDNwCzII3RpmX8GY=
490,502,HR9az8Q/OjNTu7TPF0oQiX/v00A=,K9byjZaZCFAjDNwCzII3RpmX8GY=
489,502,HR9az8Q/OjNTu7TPF0oQiX/v00A=,K9byjZaZCFAjDNwCzII3RpmX8GY=
490,498,HR9az8Q/OjNTu7TPF0oQiX/v00A=,K9byjZaZCFAjDNwCzII3RpmX8GY=
495,501,HR9az8Q/OjNTu7TPF0oQiX/v00A=,K9byjZaZCFAjDNwCzII3RpmX8GY=
488,502,HR9az8Q/OjNTu7TPF0oQiX/v00A=,K9byjZaZCFAjDNwCzII3RpmX8GY=
494,501,HR9az8Q/OjNTu7TPF0oQiX/v00A=,K9byjZaZCFAjDNwCzII3RpmX8GY=
493,501,HR9az8Q/OjNTu7TPF0oQiX/v00A=,K9byjZaZCFAjDNwCzII3RpmX8GY=
489,499,HR9az8Q/OjNTu7TPF0oQiX/v00A=,K9byjZaZCFAjDNwCzII3RpmX8GY=
491,502,HR9az8Q/OjNTu7TPF0oQiX/v00A=,K9byjZaZCFAjDNwCzII3RpmX8GY=
489,497,HR9az8Q/OjNTu7TPF0oQiX/v00A=,K9byjZaZCFAjDNwCzII3RpmX8GY=
490,501,HR9az8Q/OjNTu7TPF0oQiX/v00A=,K9byjZaZCFAjDNwCzII3RpmX8GY=
495,496,HR9az8Q/OjNTu7TPF0oQiX/v00A=,K9byjZaZCFAjDNwCzII3RpmX8GY=
493,503,HR9az8Q/OjNTu7TPF0oQiX/v00A=,K9byjZaZCFAjDNwCzII3RpmX8GY=
495,504,HR9az8Q/OjNTu7TPF0oQiX/v00A=,bhyLPngwP6HJ1FqAjEN2PsaeLco=
493,502,HR9az8Q/OjNTu7TPF0oQiX/v00A=,K9byjZaZCFAjDNwCzII3RpmX8GY=
489,501,HR9az8Q/OjNTu7TPF0oQiX/v00A=,K9byjZaZCFAjDNwCzII3RpmX8GY=
488,501,HR9az8Q/OjNTu7TPF0oQiX/v00A=,K9byjZaZCFAjDNwCzII3RpmX8GY=
495,500,HR9az8Q/OjNTu7TPF0oQiX/v00A=,K9byjZaZCFAjDNwCzII3RpmX8GY=
494,496,HR9az8Q/OjNTu7TPF0oQiX/v00A=,K9byjZaZCFAjDNwCzII3RpmX8GY=
488,498,HR9az8Q/OjNTu7TPF0oQiX/v00A=,K9byjZaZCFAjDNwCzII3RpmX8GY=
494,500,HR9az8Q/OjNTu7TPF0oQiX/v00A=,K9byjZaZCFAjDNwCzII3RpmX8GY=
493,496,HR9az8Q/OjNTu7TPF0oQiX/v00A=,K9byjZaZCFAjDNwCzII3RpmX8GY=
492,496,HR9az8Q/OjNTu7TPF0oQiX/v00A=,K9byjZaZCFAjDNwCzII3RpmX8GY=
491,504,HR9az8Q/OjNTu7TPF0oQiX/v00A=,bhyLPngwP6HJ1FqAjEN2PsaeLco=
488,497,HR9az8Q/OjNTu7TPF0oQiX/v00A=,K9byjZaZCFAjDNwCzII3RpmX8GY=
491,496,HR9az8Q/OjNTu7TPF0oQiX/v00A=,K9byjZaZCFAjDNwCzII3RpmX8GY=
490,496,HR9az8Q/OjNTu7TPF0oQiX/v00A=,K9byjZaZCFAjDNwCzII3RpmX8GY=
487,501,HR9az8Q/OjNTu7TPF0oQiX/v00A=,RgVhGOAYTUu0hLbhzuxMKv1qP0s=
493,500,HR9az8Q/OjNTu7TPF0oQiX/v00A=,K9byjZaZCFAjDNwCzII3RpmX8GY=
489,496,HR9az8Q/OjNTu7TPF0oQiX/v00A=,K9byjZaZCFAjDNwCzII3RpmX8GY=
490,504,HR9az8Q/OjNTu7TPF0oQiX/v00A=,bhyLPngwP6HJ1FqAjEN2PsaeLco=
492,501,HR9az8Q/OjNTu7TPF0oQiX/v00A=,K9byjZaZCFAjDNwCzII3RpmX8GY=
489,498,HR9az8Q/OjNTu7TPF0oQiX/v00A=,K9byjZaZCFAjDNwCzII3RpmX8GY=
490,499,HR9az8Q/OjNTu7TPF0oQiX/v00A=,K9byjZaZCFAjDNwCzII3RpmX8GY=
492,500,HR9az8Q/OjNTu7TPF0oQiX/v00A=,K9byjZaZCFAjDNwCzII3RpmX8GY=
487,502,HR9az8Q/OjNTu7TPF0oQiX/v00A=,RgVhGOAYTUu0hLbhzuxMKv1qP0s=
487,497,HR9az8Q/OjNTu7TPF0oQiX/v00A=,RgVhGOAYTUu0hLbhzuxMKv1qP0s=
489,504,HR9az8Q/OjNTu7TPF0oQiX/v00A=,bhyLPngwP6HJ1FqAjEN2PsaeLco=
488,504,HR9az8Q/OjNTu7TPF0oQiX/v00A=,bhyLPngwP6HJ1FqAjEN2PsaeLco=
487,503,HR9az8Q/OjNTu7TPF0oQiX/v00A=,RgVhGOAYTUu0hLbhzuxMKv1qP0s=
489,500,HR9az8Q/OjNTu7TPF0oQiX/v00A=,K9byjZaZCFAjDNwCzII3RpmX8GY=
488,500,HR9az8Q/OjNTu7TPF0oQiX/v00A=,K9byjZaZCFAjDNwCzII3RpmX8GY=
495,499,HR9az8Q/OjNTu7TPF0oQiX/v00A=,K9byjZaZCFAjDNwCzII3RpmX8GY=
494,499,HR9az8Q/OjNTu7TPF0oQiX/v00A=,K9byjZaZCFAjDNwCzII3RpmX8GY=
493,499,HR9az8Q/OjNTu7TPF0oQiX/v00A=,K9byjZaZCFAjDNwCzII3RpmX8GY=
492,499,HR9az8Q/OjNTu7TPF0oQiX/v00A=,K9byjZaZCFAjDNwCzII3RpmX8GY=
491,501,HR9az8Q/OjNTu7TPF0oQiX/v00A=,K9byjZaZCFAjDNwCzII3RpmX8GY=
491,499,HR9az8Q/OjNTu7TPF0oQiX/v00A=,K9byjZaZCFAjDNwCzII3RpmX8GY=
488,496,HR9az8Q/OjNTu7TPF0oQiX/v00A=,K9byjZaZCFAjDNwCzII3RpmX8GY=
492,504,HR9az8Q/OjNTu7TPF0oQiX/v00A=,bhyLPngwP6HJ1FqAjEN2PsaeLco=
493,504,HR9az8Q/OjNTu7TPF0oQiX/v00A=,bhyLPngwP6HJ1FqAjEN2PsaeLco=
487,496,HR9az8Q/OjNTu7TPF0oQiX/v00A=,RgVhGOAYTUu0hLbhzuxMKv1qP0s=
494,504,HR9az8Q/OjNTu7TPF0oQiX/v00A=,bhyLPngwP6HJ1FqAjEN2PsaeLco=
492,502,HR9az8Q/OjNTu7TPF0oQiX/v00A=,K9byjZaZCFAjDNwCzII3RpmX8GY=
490,500,HR9az8Q/OjNTu7TPF0oQiX/v00A=,K9byjZaZCFAjDNwCzII3RpmX8GY=
491,500,HR9az8Q/OjNTu7TPF0oQiX/v00A=,K9byjZaZCFAjDNwCzII3RpmX8GY=
500,504,HR9az8Q/OjNTu7TPF0oQiX/v00A=,o2DLtpZgc7xh9KG68bEKFR9Sfmo=
500,509,HR9az8Q/OjNTu7TPF0oQiX/v00A=,o2DLtpZgc7xh9KG68bEKFR9Sfmo=
499,509,HR9az8Q/OjNTu7TPF0oQiX/v00A=,o2DLtpZgc7xh9KG68bEKFR9Sfmo=
500,511,HR9az8Q/OjNTu7TPF0oQiX/v00A=,o2DLtpZgc7xh9KG68bEKFR9Sfmo=
501,509,HR9az8Q/OjNTu7TPF0oQiX/v00A=,o2DLtpZgc7xh9KG68bEKFR9Sfmo=
498,509,HR9az8Q/OjNTu7TPF0oQiX/v00A=,o2DLtpZgc7xh9KG68bEKFR9Sfmo=
502,508,HR9az8Q/OjNTu7TPF0oQiX/v00A=,o2DLtpZgc7xh9KG68bEKFR9Sfmo=
499,511,HR9az8Q/OjNTu7TPF0oQiX/v00A=,o2DLtpZgc7xh9KG68bEKFR9Sfmo=
502,509,HR9az8Q/OjNTu7TPF0oQiX/v00A=,o2DLtpZgc7xh9KG68bEKFR9Sfmo=
496,504,HR9az8Q/OjNTu7TPF0oQiX/v00A=,o2DLtpZgc7xh9KG68bEKFR9Sfmo=
501,511,HR9az8Q/OjNTu7TPF0oQiX/v00A=,o2DLtpZgc7xh9KG68bEKFR9Sfmo=
502,511,HR9az8Q/OjNTu7TPF0oQiX/v00A=,o2DLtpZgc7xh9KG68bEKFR9Sfmo=
503,509,HR9az8Q/OjNTu7TPF0oQiX/v00A=,o2DLtpZgc7xh9KG68bEKFR9Sfmo=
499,505,HR9az8Q/OjNTu7TPF0oQiX/v00A=,o2DLtpZgc7xh9KG68bEKFR9Sfmo=
501,504,HR9az8Q/OjNTu7TPF0oQiX/v00A=,o2DLtpZgc7xh9KG68bEKFR9Sfmo=
503,511,HR9az8Q/OjNTu7TPF0oQiX/v00A=,o2DLtpZgc7xh9KG68bEKFR9Sfmo=
497,508,HR9az8Q/OjNTu7TPF0oQiX/v00A=,o2DLtpZgc7xh9KG68bEKFR9Sfmo=
497,507,HR9az8Q/OjNTu7TPF0oQiX/v00A=,o2DLtpZgc7xh9KG68bEKFR9Sfmo=
498,507,HR9az8Q/OjNTu7TPF0oQiX/v00A=,o2DLtpZgc7xh9KG68bEKFR9Sfmo=
503,508,HR9az8Q/OjNTu7TPF0oQiX/v00A=,o2DLtpZgc7xh9KG68bEKFR9Sfmo=
497,509,HR9az8Q/OjNTu7TPF0oQiX/v00A=,o2DLtpZgc7xh9KG68bEKFR9Sfmo=
496,506,HR9az8Q/OjNTu7TPF0oQiX/v00A=,o2DLtpZgc7xh9KG68bEKFR9Sfmo=
503,507,HR9az8Q/OjNTu7TPF0oQiX/v00A=,o2DLtpZgc7xh9KG68bEKFR9Sfmo=
503,505,HR9az8Q/OjNTu7TPF0oQiX/v00A=,o2DLtpZgc7xh9KG68bEKFR9Sfmo=
502,505,HR9az8Q/OjNTu7TPF0oQiX/v00A=,o2DLtpZgc7xh9KG68bEKFR9Sfmo=
501,505,HR9az8Q/OjNTu7TPF0oQiX/v00A=,o2DLtpZgc7xh9KG68bEKFR9Sfmo=
499,504,HR9az8Q/OjNTu7TPF0oQiX/v00A=,o2DLtpZgc7xh9KG68bEKFR9Sfmo=
496,508,HR9az8Q/OjNTu7TPF0oQiX/v00A=,o2DLtpZgc7xh9KG68bEKFR9Sfmo=
502,507,HR9az8Q/OjNTu7TPF0oQiX/v00A=,o2DLtpZgc7xh9KG68bEKFR9Sfmo=
502,510,HR9az8Q/OjNTu7TPF0oQiX/v00A=,o2DLtpZgc7xh9KG68bEKFR9Sfmo=
503,510,HR9az8Q/OjNTu7TPF0oQiX/v00A=,o2DLtpZgc7xh9KG68bEKFR9Sfmo=
501,510,HR9az8Q/OjNTu7TPF0oQiX/v00A=,o2DLtpZgc7xh9KG68bEKFR9Sfmo=
500,510,HR9az8Q/OjNTu7TPF0oQiX/v00A=,o2DLtpZgc7xh9KG68bEKFR9Sfmo=
498,505,HR9az8Q/OjNTu7TPF0oQiX/v00A=,o2DLtpZgc7xh9KG68bEKFR9Sfmo=
503,506,HR9az8Q/OjNTu7TPF0oQiX/v00A=,o2DLtpZgc7xh9KG68bEKFR9Sfmo=
501,508,HR9az8Q/OjNTu7TPF0oQiX/v00A=,o2DLtpZgc7xh9KG68bEKFR9Sfmo=
499,510,HR9az8Q/OjNTu7TPF0oQiX/v00A=,o2DLtpZgc7xh9KG68bEKFR9Sfmo=
502,506,HR9az8Q/OjNTu7TPF0oQiX/v00A=,o2DLtpZgc7xh9KG68bEKFR9Sfmo=
501,506,HR9az8Q/OjNTu7TPF0oQiX/v00A=,o2DLtpZgc7xh9KG68bEKFR9Sfmo=
496,509,HR9az8Q/OjNTu7TPF0oQiX/v00A=,o2DLtpZgc7xh9KG68bEKFR9Sfmo=
501,507,HR9az8Q/OjNTu7TPF0oQiX/v00A=,o2DLtpZgc7xh9KG68bEKFR9Sfmo=
500,506,HR9az8Q/OjNTu7TPF0oQiX/v00A=,o2DLtpZgc7xh9KG68bEKFR9Sfmo=
499,506,HR9az8Q/OjNTu7TPF0oQiX/v00A=,o2DLtpZgc7xh9KG68bEKFR9Sfmo=
500,505,HR9az8Q/OjNTu7TPF0oQiX/v00A=,o2DLtpZgc7xh9KG68bEKFR9Sfmo=
497,505,HR9az8Q/OjNTu7TPF0oQiX/v00A=,o2DLtpZgc7xh9KG68bEKFR9Sfmo=
498,506,HR9az8Q/OjNTu7TPF0oQiX/v00A=,o2DLtpZgc7xh9KG68bEKFR9Sfmo=
500,507,HR9az8Q/OjNTu7TPF0oQiX/v00A=,o2DLtpZgc7xh9KG68bEKFR9Sfmo=
500,508,HR9az8Q/OjNTu7TPF0oQiX/v00A=,o2DLtpZgc7xh9KG68bEKFR9Sfmo=
498,504,HR9az8Q/OjNTu7TPF0oQiX/v00A=,o2DLtpZgc7xh9KG68bEKFR9Sfmo=
496,505,HR9az8Q/OjNTu7TPF0oQiX/v00A=,o2DLtpZgc7xh9KG68bEKFR9Sfmo=
503,504,HR9az8Q/OjNTu7TPF0oQiX/v00A=,o2DLtpZgc7xh9KG68bEKFR9Sfmo=
502,504,HR9az8Q/OjNTu7TPF0oQiX/v00A=,o2DLtpZgc7xh9KG68bEKFR9Sfmo=
499,507,HR9az8Q/OjNTu7TPF0oQiX/v00A=,o2DLtpZgc7xh9KG68bEKFR9Sfmo=
498,510,HR9az8Q/OjNTu7TPF0oQiX/v00A=,o2DLtpZgc7xh9KG68bEKFR9Sfmo=
497,504,HR9az8Q/OjNTu7TPF0oQiX/v00A=,o2DLtpZgc7xh9KG68bEKFR9Sfmo=
497,506,HR9az8Q/OjNTu7TPF0oQiX/v00A=,o2DLtpZgc7xh9KG68bEKFR9Sfmo=
498,511,HR9az8Q/OjNTu7TPF0oQiX/v00A=,o2DLtpZgc7xh9KG68bEKFR9Sfmo=
498,508,HR9az8Q/OjNTu7TPF0oQiX/v00A=,o2DLtpZgc7xh9KG68bEKFR9Sfmo=
496,507,HR9az8Q/OjNTu7TPF0oQiX/v00A=,o2DLtpZgc7xh9KG68bEKFR9Sfmo=
496,511,HR9az8Q/OjNTu7TPF0oQiX/v00A=,o2DLtpZgc7xh9KG68bEKFR9Sfmo=
499,508,HR9az8Q/OjNTu7TPF0oQiX/v00A=,o2DLtpZgc7xh9KG68bEKFR9Sfmo=
496,510,HR9az8Q/OjNTu7TPF0oQiX/v00A=,o2DLtpZgc7xh9KG68bEKFR9Sfmo=
497,510,HR9az8Q/OjNTu7TPF0oQiX/v00A=,o2DLtpZgc7xh9KG68bEKFR9Sfmo=
497,511,HR9az8Q/OjNTu7TPF0oQiX/v00A=,o2DLtpZgc7xh9KG68bEKFR9Sfmo=
